generation,member,obj,nsga2_front,nsga2_crowding_distance,spea2_unconstrained_fitness,spea2_constrained_fitness,is_feasible,feasible_distance
0,gen=0_member=2,830.13,53,-999,2024.01,2024.01,1,-999
0,gen=0_member=3,221.18,29,-999,4004.04,4004.04,1,-999
0,gen=0_member=5,581.7,46,-999,2535.01,2535.01,1,-999
0,gen=0_member=6,289.021,35,-999,3519.02,3519.02,1,-999
0,gen=0_member=7,102.417,20,-999,4422.02,4422.02,1,-999
0,gen=0_member=9,1096.4,57,-999,1629,1629,1,-999
0,gen=0_member=10,818.857,52,-999,2100.01,2100.01,1,-999
0,gen=0_member=11,6.06691,6,-999,4935.17,4935.17,1,-999
0,gen=0_member=12,343.579,38,-999,3239.02,3239.02,1,-999
0,gen=0_member=14,1448.91,61,-999,1122,1122,1,-999
0,gen=0_member=15,9.08572,7,-999,4914.11,4914.11,1,-999
0,gen=0_member=18,38.4364,14,-999,4740.05,4740.05,1,-999
0,gen=0_member=19,17.7876,9,-999,4872.09,4872.09,1,-999
0,gen=0_member=20,199.416,27,-999,4089.03,4089.03,1,-999
0,gen=0_member=24,361.099,40,-999,3120.02,3120.02,1,-999
0,gen=0_member=25,21.6472,11,-999,4830.07,4830.07,1,-999
0,gen=0_member=26,979.693,56,-999,1790,1790,1,-999
0,gen=0_member=27,403.54,41,-999,3059.01,3059.01,1,-999
0,gen=0_member=28,348.431,39,-999,3180.02,3180.02,1,-999
0,gen=0_member=29,66.1076,16,-999,4599.04,4599.04,1,-999
0,gen=0_member=31,152.822,24,-999,4284.02,4284.02,1,-999
0,gen=0_member=32,728.518,48,-999,2394,2394,1,-999
0,gen=0_member=34,4.16157,3,-999,4947.13,4947.13,1,-999
0,gen=0_member=35,86.9768,18,-999,4485.03,4485.03,1,-999
0,gen=0_member=36,2.27791,2,-999,4949.1,4949.1,1,-999
0,gen=0_member=39,5.40635,5,-999,4940.16,4940.16,1,-999
0,gen=0_member=40,226.852,30,-999,3915.03,3915.03,1,-999
0,gen=0_member=42,1323.55,59,-999,1380,1380,1,-999
0,gen=0_member=43,67.4865,17,-999,4572.04,4572.04,1,-999
0,gen=0_member=45,240.278,32,-999,3774.03,3774.03,1,-999
0,gen=0_member=46,116.581,21,-999,4389.02,4389.02,1,-999
0,gen=0_member=49,59.9772,15,-999,4625.04,4625.04,1,-999
0,gen=0_member=50,18.5133,10,-999,4845.09,4845.09,1,-999
0,gen=0_member=51,273.767,34,-999,3624.02,3624.02,1,-999
0,gen=0_member=53,2292.64,63,-999,390.001,390.001,1,-999
0,gen=0_member=54,781.099,51,-999,2175,2175,1,-999
0,gen=0_member=57,476.294,44,-999,2739.01,2739.01,1,-999
0,gen=0_member=58,168.615,25,-999,4247.02,4247.02,1,-999
0,gen=0_member=59,25.8903,12,-999,4797.07,4797.07,1,-999
0,gen=0_member=60,779.315,50,-999,2249.01,2249.01,1,-999
0,gen=0_member=63,239.119,31,-999,3822.03,3822.03,1,-999
0,gen=0_member=65,946.6,55,-999,1869.01,1869.01,1,-999
0,gen=0_member=66,2.07701,1,-999,4950.1,4950.1,1,-999
0,gen=0_member=67,204.198,28,-999,4047.03,4047.03,1,-999
0,gen=0_member=69,1274.75,58,-999,1464,1464,1,-999
0,gen=0_member=72,240.681,33,-999,3725.03,3725.03,1,-999
0,gen=0_member=74,3465.13,64,-999,99.0006,99.0006,1,-999
0,gen=0_member=75,478.694,45,-999,2672.01,2672.01,1,-999
0,gen=0_member=76,102.414,19,-999,4454.02,4454.02,1,-999
0,gen=0_member=77,34.868,13,-999,4760.05,4760.05,1,-999
0,gen=0_member=78,4.7992,4,-999,4944.14,4944.14,1,-999
0,gen=0_member=79,761.374,49,-999,2322.01,2322.01,1,-999
0,gen=0_member=80,197.023,26,-999,4170.02,4170.02,1,-999
0,gen=0_member=82,141.816,22,-999,4355.02,4355.02,1,-999
0,gen=0_member=83,688.9,47,-999,2465,2465,1,-999
0,gen=0_member=84,9.85629,8,-999,4905.11,4905.11,1,-999
0,gen=0_member=85,406.155,42,-999,2934.01,2934.01,1,-999
0,gen=0_member=86,315.013,36,-999,3410.02,3410.02,1,-999
0,gen=0_member=88,1991.65,62,-999,485.002,485.002,1,-999
0,gen=0_member=89,476.265,43,-999,2805.01,2805.01,1,-999
0,gen=0_member=91,1446.37,60,-999,1209,1209,1,-999
0,gen=0_member=93,319.922,37,-999,3354.02,3354.02,1,-999
0,gen=0_member=96,899.294,54,-999,1947.01,1947.01,1,-999
0,gen=0_member=98,149.087,23,-999,4320.02,4320.02,1,-999
1,gen=1_member=100_pso,50.0988,32,-999,18910.1,18910.1,1,-999
1,gen=1_member=101_pso,299.935,87,-999,12997,12997,1,-999
1,gen=1_member=102_pso,2.53304,11,-999,19845.2,19845.2,1,-999
1,gen=1_member=103_pso,0.148361,2,-999,19899.2,19899.2,1,-999
1,gen=1_member=104_pso,846.483,127,-999,6534.01,6534.01,1,-999
1,gen=1_member=105_pso,370.595,98,-999,11254,11254,1,-999
1,gen=1_member=106_pso,421.11,105,-999,10170,10170,1,-999
1,gen=1_member=107_pso,1692.58,146,-999,2134,2134,1,-999
1,gen=1_member=108_pso,1291.26,138,-999,4147,4147,1,-999
1,gen=1_member=109_pso,21.8938,24,-999,19404.1,19404.1,1,-999
1,gen=1_member=111_pso,50.36,33,-999,18865.1,18865.1,1,-999
1,gen=1_member=112_pso,765.664,121,-999,7497.01,7497.01,1,-999
1,gen=1_member=113_pso,3.64239,13,-999,19822.2,19822.2,1,-999
1,gen=1_member=114_pso,0.0251893,1,-999,19900.1,19900.1,1,-999
1,gen=1_member=115_pso,101.768,46,-999,17622,17622,1,-999
1,gen=1_member=116_pso,1191.3,135,-999,4849,4849,1,-999
1,gen=1_member=117_pso,753.78,119,-999,7810.01,7810.01,1,-999
1,gen=1_member=118_pso,1499.71,144,-999,2880,2880,1,-999
1,gen=1_member=119_pso,260.735,80,-999,14122,14122,1,-999
1,gen=1_member=120_pso,0.320454,4,-999,19894.2,19894.2,1,-999
1,gen=1_member=121_pso,393.832,100,-999,10989,10989,1,-999
1,gen=1_member=122_pso,3.31536,12,-999,19834.2,19834.2,1,-999
1,gen=1_member=123_pso,230.364,74,-999,14950,14950,1,-999
1,gen=1_member=124_pso,1124.98,134,-999,5022,5022,1,-999
1,gen=1_member=125_pso,251.287,78,-999,14440,14440,1,-999
1,gen=1_member=126_pso,15.3884,20,-999,19575.1,19575.1,1,-999
1,gen=1_member=127_pso,165.683,63,-999,16245,16245,1,-999
1,gen=1_member=128_pso,101.816,47,-999,17554,17554,1,-999
1,gen=1_member=129_pso,135.385,55,-999,16974,16974,1,-999
1,gen=1_member=130_pso,2.39509,10,-999,19855.2,19855.2,1,-999
1,gen=1_member=131_pso,732.571,118,-999,7965.01,7965.01,1,-999
1,gen=1_member=132_pso,82.239,42,-999,17947,17947,1,-999
1,gen=1_member=133_pso,1360.49,140,-999,3790,3790,1,-999
1,gen=1_member=134_pso,1272.73,136,-999,4500,4500,1,-999
1,gen=1_member=135_pso,363.999,97,-999,11385,11385,1,-999
1,gen=1_member=137_pso,401.434,101,-999,10855,10855,1,-999
1,gen=1_member=138_pso,173.51,65,-999,15984,15984,1,-999
1,gen=1_member=140_pso,149.314,60,-999,16579,16579,1,-999
1,gen=1_member=141_pso,127.346,53,-999,17125,17125,1,-999
1,gen=1_member=142_pso,642.085,113,-999,8725.01,8725.01,1,-999
1,gen=1_member=143_pso,415.378,104,-999,10309,10309,1,-999
1,gen=1_member=144_pso,1622.55,145,-999,2509,2509,1,-999
1,gen=1_member=145_pso,515.492,110,-999,9315.01,9315.01,1,-999
1,gen=1_member=146_pso,0.197237,3,-999,19897.2,19897.2,1,-999
1,gen=1_member=147_pso,199.498,69,-999,15529,15529,1,-999
1,gen=1_member=149_pso,61.6298,37,-999,18415.1,18415.1,1,-999
1,gen=1_member=150_pso,58.4055,35,-999,18574.1,18574.1,1,-999
1,gen=1_member=151_pso,267.697,82,-999,13905,13905,1,-999
1,gen=1_member=152_pso,179.701,66,-999,15895,15895,1,-999
1,gen=1_member=153_pso,258.947,79,-999,14229,14229,1,-999
1,gen=1_member=154_pso,1027.14,131,-999,5872,5872,1,-999
1,gen=1_member=155_pso,107.792,50,-999,17344,17344,1,-999
1,gen=1_member=156_pso,350.225,93,-999,11899,11899,1,-999
1,gen=1_member=157_pso,1366,141,-999,3610,3610,1,-999
1,gen=1_member=158_pso,53.1736,34,-999,18819.1,18819.1,1,-999
1,gen=1_member=159_pso,136.374,56,-999,16897,16897,1,-999
1,gen=1_member=160_pso,67.4608,39,-999,18304.1,18304.1,1,-999
1,gen=1_member=161_pso,262.31,81,-999,14014,14014,1,-999
1,gen=1_member=162_pso,22.1105,25,-999,19372.1,19372.1,1,-999
1,gen=1_member=163_pso,91.1577,44,-999,17755,17755,1,-999
1,gen=1_member=165_pso,280.918,84,-999,13684,13684,1,-999
1,gen=1_member=167_pso,99.3679,45,-999,17689,17689,1,-999
1,gen=1_member=170_pso,673.079,114,-999,8575.01,8575.01,1,-999
1,gen=1_member=173_pso,361.205,96,-999,11515,11515,1,-999
1,gen=1_member=174_pso,2.00886,7,-999,19879.2,19879.2,1,-999
1,gen=1_member=175_pso,685.736,115,-999,8424.01,8424.01,1,-999
1,gen=1_member=176_pso,779.484,123,-999,7180.01,7180.01,1,-999
1,gen=1_member=177_pso,143.795,58,-999,16740,16740,1,-999
1,gen=1_member=178_pso,153.343,62,-999,16414,16414,1,-999
1,gen=1_member=179_pso,1041.14,132,-999,5704,5704,1,-999
1,gen=1_member=180_pso,134.128,54,-999,17050,17050,1,-999
1,gen=1_member=181_pso,359.991,94,-999,11772,11772,1,-999
1,gen=1_member=183_pso,1.29611,6,-999,19885.2,19885.2,1,-999
1,gen=1_member=184_pso,48.3255,30,-999,18997.1,18997.1,1,-999
1,gen=1_member=185_pso,25.7288,26,-999,19270.1,19270.1,1,-999
1,gen=1_member=187_pso,48.6838,31,-999,18954.1,18954.1,1,-999
1,gen=1_member=188_pso,112.618,51,-999,17272,17272,1,-999
1,gen=1_member=189_pso,343.058,90,-999,12274,12274,1,-999
1,gen=1_member=191_pso,282.301,85,-999,13572,13572,1,-999
1,gen=1_member=192_pso,1864.65,147,-999,1564,1564,1,-999
1,gen=1_member=193_pso,381.835,99,-999,11122,11122,1,-999
1,gen=1_member=194_pso,0.919669,5,-999,19890.2,19890.2,1,-999
1,gen=1_member=195_pso,451.118,106,-999,9889.01,9889.01,1,-999
1,gen=1_member=196_pso,201.911,70,-999,15435,15435,1,-999
1,gen=1_member=197_pso,515.57,111,-999,9169.01,9169.01,1,-999
1,gen=1_member=199_pso,73.4476,41,-999,18189.1,18189.1,1,-999
1,gen=0_member=66,2.07701,8,-999,19872.2,19872.2,1,-999
1,gen=0_member=36,2.27791,9,-999,19864.2,19864.2,1,-999
1,gen=0_member=34,4.16157,14,-999,19809.2,19809.2,1,-999
1,gen=0_member=78,4.7992,15,-999,19795.2,19795.2,1,-999
1,gen=0_member=39,5.40635,16,-999,19780.2,19780.2,1,-999
1,gen=0_member=11,6.06691,17,-999,19764.2,19764.2,1,-999
1,gen=0_member=15,9.08572,18,-999,19690.1,19690.1,1,-999
1,gen=0_member=84,9.85629,19,-999,19669.1,19669.1,1,-999
1,gen=0_member=19,17.7876,21,-999,19522.1,19522.1,1,-999
1,gen=0_member=50,18.5133,22,-999,19465.1,19465.1,1,-999
1,gen=0_member=25,21.6472,23,-999,19435.1,19435.1,1,-999
1,gen=0_member=59,25.8903,27,-999,19234.1,19234.1,1,-999
1,gen=0_member=77,34.868,28,-999,19159.1,19159.1,1,-999
1,gen=0_member=18,38.4364,29,-999,19080.1,19080.1,1,-999
1,gen=0_member=49,59.9772,36,-999,18522.1,18522.1,1,-999
1,gen=0_member=29,66.1076,38,-999,18360.1,18360.1,1,-999
1,gen=0_member=43,67.4865,40,-999,18247.1,18247.1,1,-999
1,gen=0_member=35,86.9768,43,-999,17884,17884,1,-999
1,gen=0_member=76,102.414,48,-999,17485,17485,1,-999
1,gen=0_member=7,102.417,49,-999,17415,17415,1,-999
1,gen=0_member=46,116.581,52,-999,17199,17199,1,-999
1,gen=0_member=82,141.816,57,-999,16819,16819,1,-999
1,gen=0_member=98,149.087,59,-999,16660,16660,1,-999
1,gen=0_member=31,152.822,61,-999,16497,16497,1,-999
1,gen=0_member=58,168.615,64,-999,16159,16159,1,-999
1,gen=0_member=80,197.023,67,-999,15805,15805,1,-999
1,gen=0_member=20,199.416,68,-999,15622,15622,1,-999
1,gen=0_member=67,204.198,71,-999,15340,15340,1,-999
1,gen=0_member=3,221.18,72,-999,15244,15244,1,-999
1,gen=0_member=40,226.852,73,-999,15049,15049,1,-999
1,gen=0_member=63,239.119,75,-999,14749,14749,1,-999
1,gen=0_member=45,240.278,76,-999,14647,14647,1,-999
1,gen=0_member=72,240.681,77,-999,14544,14544,1,-999
1,gen=0_member=51,273.767,83,-999,13795,13795,1,-999
1,gen=0_member=6,289.021,86,-999,13345,13345,1,-999
1,gen=0_member=86,315.013,88,-999,12879,12879,1,-999
1,gen=0_member=93,319.922,89,-999,12760,12760,1,-999
1,gen=0_member=12,343.579,91,-999,12150,12150,1,-999
1,gen=0_member=28,348.431,92,-999,12025,12025,1,-999
1,gen=0_member=24,361.099,95,-999,11644,11644,1,-999
1,gen=0_member=27,403.54,102,-999,10720,10720,1,-999
1,gen=0_member=85,406.155,103,-999,10447,10447,1,-999
1,gen=0_member=89,476.265,107,-999,9747.01,9747.01,1,-999
1,gen=0_member=57,476.294,108,-999,9604.01,9604.01,1,-999
1,gen=0_member=75,478.694,109,-999,9460.01,9460.01,1,-999
1,gen=0_member=5,581.7,112,-999,8874.01,8874.01,1,-999
1,gen=0_member=83,688.9,116,-999,8272.01,8272.01,1,-999
1,gen=0_member=32,728.518,117,-999,8119.01,8119.01,1,-999
1,gen=0_member=79,761.374,120,-999,7654.01,7654.01,1,-999
1,gen=0_member=60,779.315,122,-999,7339.01,7339.01,1,-999
1,gen=0_member=54,781.099,124,-999,7020.01,7020.01,1,-999
1,gen=0_member=10,818.857,125,-999,6859.01,6859.01,1,-999
1,gen=0_member=2,830.13,126,-999,6697.01,6697.01,1,-999
1,gen=0_member=96,899.294,128,-999,6370.01,6370.01,1,-999
1,gen=0_member=65,946.6,129,-999,6205.01,6205.01,1,-999
1,gen=0_member=26,979.693,130,-999,6039,6039,1,-999
1,gen=0_member=9,1096.4,133,-999,5194,5194,1,-999
1,gen=0_member=69,1274.75,137,-999,4324,4324,1,-999
1,gen=0_member=42,1323.55,139,-999,3969,3969,1,-999
1,gen=0_member=91,1446.37,142,-999,3247,3247,1,-999
1,gen=0_member=14,1448.91,143,-999,3064,3064,1,-999
1,gen=0_member=88,1991.65,148,-999,985.002,985.002,1,-999
1,gen=0_member=53,2292.64,149,-999,790.001,790.001,1,-999
1,gen=0_member=74,3465.13,150,-999,199.001,199.001,1,-999
2,gen=2_member=200_pso,11.2141,34,-999,19234.1,19234.1,1,-999
2,gen=2_member=201_pso,329.227,152,-999,6859.03,6859.03,1,-999
2,gen=2_member=202_pso,1.06397,6,-999,19885.3,19885.3,1,-999
2,gen=2_member=203_pso,127.424,94,-999,14850.1,14850.1,1,-999
2,gen=2_member=205_pso,143.593,102,-999,14014.1,14014.1,1,-999
2,gen=2_member=206_pso,1426.13,180,-999,1755,1755,1,-999
2,gen=2_member=207_pso,10.1261,33,-999,19270.1,19270.1,1,-999
2,gen=2_member=208_pso,535.952,167,-999,4147.01,4147.01,1,-999
2,gen=2_member=209_pso,559.395,168,-999,3969,3969,1,-999
2,gen=2_member=210_pso,1.63202,12,-999,19834.3,19834.3,1,-999
2,gen=2_member=211_pso,181.491,115,-999,12397,12397,1,-999
2,gen=2_member=212_pso,3.85388,22,-999,19669.3,19669.3,1,-999
2,gen=2_member=213_pso,249.776,132,-999,10030,10030,1,-999
2,gen=2_member=214_pso,212.758,124,-999,11254,11254,1,-999
2,gen=2_member=215_pso,36.8811,53,-999,18360.1,18360.1,1,-999
2,gen=2_member=216_pso,209.349,123,-999,11385,11385,1,-999
2,gen=2_member=217_pso,81.2885,74,-999,16819,16819,1,-999
2,gen=2_member=218_pso,2304.84,188,-999,199.001,199.001,1,-999
2,gen=2_member=219_pso,1640.68,181,-999,1564,1564,1,-999
2,gen=2_member=220_pso,1670.05,184,-999,985.001,985.001,1,-999
2,gen=2_member=221_pso,317.163,150,-999,7180.03,7180.03,1,-999
2,gen=2_member=222_pso,5.15855,25,-999,19600.2,19600.2,1,-999
2,gen=2_member=223_pso,1.08776,7,-999,19879.3,19879.3,1,-999
2,gen=2_member=224_pso,37.1158,54,-999,18304.1,18304.1,1,-999
2,gen=2_member=225_pso,1987.35,187,-999,397.001,397.001,1,-999
2,gen=2_member=226_pso,140.512,100,-999,14229.1,14229.1,1,-999
2,gen=2_member=229_pso,333.369,153,-999,6697.03,6697.03,1,-999
2,gen=2_member=230_pso,855.597,173,-999,3064,3064,1,-999
2,gen=2_member=231_pso,255.5,134,-999,9747.03,9747.03,1,-999
2,gen=2_member=232_pso,55.3867,64,-999,17622.1,17622.1,1,-999
2,gen=2_member=233_pso,181.202,114,-999,12519,12519,1,-999
2,gen=2_member=234_pso,63.5065,69,-999,17272.1,17272.1,1,-999
2,gen=2_member=235_pso,50.3302,60,-999,17884.1,17884.1,1,-999
2,gen=2_member=236_pso,137.966,99,-999,14335.1,14335.1,1,-999
2,gen=2_member=237_pso,297.502,144,-999,8119.03,8119.03,1,-999
2,gen=2_member=239_pso,120.578,92,-999,15049.1,15049.1,1,-999
2,gen=2_member=240_pso,1333,179,-999,1945,1945,1,-999
2,gen=2_member=241_pso,1141.35,175,-999,2695,2695,1,-999
2,gen=2_member=242_pso,106.227,87,-999,15714.1,15714.1,1,-999
2,gen=2_member=243_pso,94.3293,81,-999,16245.1,16245.1,1,-999
2,gen=2_member=245_pso,35.7446,51,-999,18469.1,18469.1,1,-999
2,gen=2_member=246_pso,1647.18,182,-999,1372,1372,1,-999
2,gen=2_member=247_pso,148.965,104,-999,13684.1,13684.1,1,-999
2,gen=2_member=248_pso,653.936,169,-999,3790,3790,1,-999
2,gen=2_member=249_pso,1165.04,177,-999,2322,2322,1,-999
2,gen=2_member=250_pso,1669.42,183,-999,1179,1179,1,-999
2,gen=2_member=251_pso,173.11,111,-999,12879,12879,1,-999
2,gen=2_member=252_pso,28.6899,47,-999,18675.1,18675.1,1,-999
2,gen=2_member=253_pso,55.119,63,-999,17689.1,17689.1,1,-999
2,gen=2_member=254_pso,1142.97,176,-999,2509,2509,1,-999
2,gen=2_member=255_pso,467.07,166,-999,4324.01,4324.01,1,-999
2,gen=2_member=257_pso,1903.47,186,-999,594.001,594.001,1,-999
2,gen=2_member=258_pso,1.99945,13,-999,19822.3,19822.3,1,-999
2,gen=2_member=259_pso,112.288,89,-999,15435.1,15435.1,1,-999
2,gen=2_member=260_pso,1.48491,11,-999,19845.3,19845.3,1,-999
2,gen=2_member=261_pso,304.404,148,-999,7497.03,7497.03,1,-999
2,gen=2_member=262_pso,1.46813,10,-999,19855.3,19855.3,1,-999
2,gen=2_member=263_pso,22.6505,42,-999,18910.1,18910.1,1,-999
2,gen=2_member=264_pso,259.664,136,-999,9460.03,9460.03,1,-999
2,gen=2_member=265_pso,2789.11,189,-999,0.000606149,0.000606149,1,-999
2,gen=2_member=266_pso,298.953,145,-999,7965.03,7965.03,1,-999
2,gen=2_member=267_pso,40.2621,56,-999,18130.1,18130.1,1,-999
2,gen=2_member=269_pso,58.5978,66,-999,17485.1,17485.1,1,-999
2,gen=2_member=270_pso,87.482,78,-999,16497,16497,1,-999
2,gen=2_member=271_pso,32.032,49,-999,18574.1,18574.1,1,-999
2,gen=2_member=272_pso,773.037,171,-999,3429,3429,1,-999
2,gen=2_member=273_pso,127.927,95,-999,14749.1,14749.1,1,-999
2,gen=2_member=275_pso,5.43873,27,-999,19522.2,19522.2,1,-999
2,gen=2_member=276_pso,188.668,116,-999,12274,12274,1,-999
2,gen=2_member=277_pso,194.328,117,-999,12150,12150,1,-999
2,gen=2_member=278_pso,1305.02,178,-999,2134,2134,1,-999
2,gen=2_member=279_pso,9.437,31,-999,19372.1,19372.1,1,-999
2,gen=2_member=280_pso,15.7971,36,-999,19159.1,19159.1,1,-999
2,gen=2_member=281_pso,25.6613,43,-999,18865.1,18865.1,1,-999
2,gen=2_member=282_pso,1715.08,185,-999,790.001,790.001,1,-999
2,gen=2_member=283_pso,215.304,125,-999,11122,11122,1,-999
2,gen=2_member=284_pso,35.7943,52,-999,18415.1,18415.1,1,-999
2,gen=2_member=285_pso,29.8731,48,-999,18625.1,18625.1,1,-999
2,gen=2_member=286_pso,754.463,170,-999,3610,3610,1,-999
2,gen=2_member=287_pso,834.445,172,-999,3247,3247,1,-999
2,gen=2_member=288_pso,1.18484,8,-999,19872.3,19872.3,1,-999
2,gen=2_member=290_pso,93.862,80,-999,16330.1,16330.1,1,-999
2,gen=2_member=291_pso,2.17463,16,-999,19780.3,19780.3,1,-999
2,gen=2_member=292_pso,26.9335,46,-999,18724.1,18724.1,1,-999
2,gen=2_member=293_pso,409.052,165,-999,4675.01,4675.01,1,-999
2,gen=2_member=294_pso,881.061,174,-999,2880,2880,1,-999
2,gen=2_member=296_pso,301.039,147,-999,7654.03,7654.03,1,-999
2,gen=2_member=297_pso,83.4362,76,-999,16660,16660,1,-999
2,gen=2_member=298_pso,7.42797,29,-999,19465.2,19465.2,1,-999
2,gen=1_member=114_pso,0.0251893,1,-999,19900.2,19900.2,1,-999
2,gen=1_member=103_pso,0.148361,2,-999,19899.3,19899.3,1,-999
2,gen=1_member=146_pso,0.197237,3,-999,19897.3,19897.3,1,-999
2,gen=1_member=120_pso,0.320454,4,-999,19894.3,19894.3,1,-999
2,gen=1_member=194_pso,0.919669,5,-999,19890.3,19890.3,1,-999
2,gen=1_member=183_pso,1.29611,9,-999,19864.3,19864.3,1,-999
2,gen=1_member=174_pso,2.00886,14,-999,19809.3,19809.3,1,-999
2,gen=0_member=66,2.07701,15,-999,19795.3,19795.3,1,-999
2,gen=0_member=36,2.27791,17,-999,19764.3,19764.3,1,-999
2,gen=1_member=130_pso,2.39509,18,-999,19747.3,19747.3,1,-999
2,gen=1_member=102_pso,2.53304,19,-999,19729.3,19729.3,1,-999
2,gen=1_member=122_pso,3.31536,20,-999,19710.3,19710.3,1,-999
2,gen=1_member=113_pso,3.64239,21,-999,19690.3,19690.3,1,-999
2,gen=0_member=34,4.16157,23,-999,19647.2,19647.2,1,-999
2,gen=0_member=78,4.7992,24,-999,19624.2,19624.2,1,-999
2,gen=0_member=39,5.40635,26,-999,19549.2,19549.2,1,-999
2,gen=0_member=11,6.06691,28,-999,19494.2,19494.2,1,-999
2,gen=0_member=15,9.08572,30,-999,19404.1,19404.1,1,-999
2,gen=0_member=84,9.85629,32,-999,19305.1,19305.1,1,-999
2,gen=1_member=126_pso,15.3884,35,-999,19197.1,19197.1,1,-999
2,gen=0_member=19,17.7876,37,-999,19120.1,19120.1,1,-999
2,gen=0_member=50,18.5133,38,-999,19080.1,19080.1,1,-999
2,gen=0_member=25,21.6472,39,-999,19039.1,19039.1,1,-999
2,gen=1_member=109_pso,21.8938,40,-999,18997.1,18997.1,1,-999
2,gen=1_member=162_pso,22.1105,41,-999,18954.1,18954.1,1,-999
2,gen=1_member=185_pso,25.7288,44,-999,18819.1,18819.1,1,-999
2,gen=0_member=59,25.8903,45,-999,18772.1,18772.1,1,-999
2,gen=0_member=77,34.868,50,-999,18522.1,18522.1,1,-999
2,gen=0_member=18,38.4364,55,-999,18189.1,18189.1,1,-999
2,gen=1_member=184_pso,48.3255,57,-999,18070.1,18070.1,1,-999
2,gen=1_member=187_pso,48.6838,58,-999,18009.1,18009.1,1,-999
2,gen=1_member=100_pso,50.0988,59,-999,17947.1,17947.1,1,-999
2,gen=1_member=111_pso,50.36,61,-999,17820.1,17820.1,1,-999
2,gen=1_member=158_pso,53.1736,62,-999,17755.1,17755.1,1,-999
2,gen=1_member=150_pso,58.4055,65,-999,17554.1,17554.1,1,-999
2,gen=0_member=49,59.9772,67,-999,17415.1,17415.1,1,-999
2,gen=1_member=149_pso,61.6298,68,-999,17344.1,17344.1,1,-999
2,gen=0_member=29,66.1076,70,-999,17199.1,17199.1,1,-999
2,gen=1_member=160_pso,67.4608,71,-999,17125.1,17125.1,1,-999
2,gen=0_member=43,67.4865,72,-999,17050.1,17050.1,1,-999
2,gen=1_member=199_pso,73.4476,73,-999,16897.1,16897.1,1,-999
2,gen=1_member=132_pso,82.239,75,-999,16740,16740,1,-999
2,gen=0_member=35,86.9768,77,-999,16579,16579,1,-999
2,gen=1_member=163_pso,91.1577,79,-999,16414.1,16414.1,1,-999
2,gen=1_member=167_pso,99.3679,82,-999,16159.1,16159.1,1,-999
2,gen=1_member=115_pso,101.768,83,-999,16072.1,16072.1,1,-999
2,gen=1_member=128_pso,101.816,84,-999,15984.1,15984.1,1,-999
2,gen=0_member=76,102.414,85,-999,15895.1,15895.1,1,-999
2,gen=0_member=7,102.417,86,-999,15805.1,15805.1,1,-999
2,gen=1_member=155_pso,107.792,88,-999,15622.1,15622.1,1,-999
2,gen=1_member=188_pso,112.618,90,-999,15340.1,15340.1,1,-999
2,gen=0_member=46,116.581,91,-999,15244.1,15244.1,1,-999
2,gen=1_member=141_pso,127.346,93,-999,14950.1,14950.1,1,-999
2,gen=1_member=180_pso,134.128,96,-999,14647.1,14647.1,1,-999
2,gen=1_member=129_pso,135.385,97,-999,14544.1,14544.1,1,-999
2,gen=1_member=159_pso,136.374,98,-999,14440.1,14440.1,1,-999
2,gen=0_member=82,141.816,101,-999,14122.1,14122.1,1,-999
2,gen=1_member=177_pso,143.795,103,-999,13905.1,13905.1,1,-999
2,gen=0_member=98,149.087,105,-999,13572.1,13572.1,1,-999
2,gen=1_member=140_pso,149.314,106,-999,13459.1,13459.1,1,-999
2,gen=0_member=31,152.822,107,-999,13345.1,13345.1,1,-999
2,gen=1_member=178_pso,153.343,108,-999,13230.1,13230.1,1,-999
2,gen=1_member=127_pso,165.683,109,-999,13114,13114,1,-999
2,gen=0_member=58,168.615,110,-999,12997,12997,1,-999
2,gen=1_member=138_pso,173.51,112,-999,12760,12760,1,-999
2,gen=1_member=152_pso,179.701,113,-999,12640,12640,1,-999
2,gen=0_member=80,197.023,118,-999,12025,12025,1,-999
2,gen=0_member=20,199.416,119,-999,11899,11899,1,-999
2,gen=1_member=147_pso,199.498,120,-999,11772,11772,1,-999
2,gen=1_member=196_pso,201.911,121,-999,11644,11644,1,-999
2,gen=0_member=67,204.198,122,-999,11515,11515,1,-999
2,gen=0_member=3,221.18,126,-999,10989,10989,1,-999
2,gen=0_member=40,226.852,127,-999,10720,10720,1,-999
2,gen=1_member=123_pso,230.364,128,-999,10584,10584,1,-999
2,gen=0_member=63,239.119,129,-999,10447,10447,1,-999
2,gen=0_member=45,240.278,130,-999,10309,10309,1,-999
2,gen=0_member=72,240.681,131,-999,10170,10170,1,-999
2,gen=1_member=125_pso,251.287,133,-999,9889.03,9889.03,1,-999
2,gen=1_member=153_pso,258.947,135,-999,9604.03,9604.03,1,-999
2,gen=1_member=119_pso,260.735,137,-999,9315.03,9315.03,1,-999
2,gen=1_member=161_pso,262.31,138,-999,9169.03,9169.03,1,-999
2,gen=1_member=151_pso,267.697,139,-999,9022.03,9022.03,1,-999
2,gen=0_member=51,273.767,140,-999,8874.04,8874.04,1,-999
2,gen=1_member=165_pso,280.918,141,-999,8725.04,8725.04,1,-999
2,gen=1_member=191_pso,282.301,142,-999,8575.04,8575.04,1,-999
2,gen=0_member=6,289.021,143,-999,8424.03,8424.03,1,-999
2,gen=1_member=101_pso,299.935,146,-999,7810.03,7810.03,1,-999
2,gen=0_member=86,315.013,149,-999,7339.03,7339.03,1,-999
2,gen=0_member=93,319.922,151,-999,7020.03,7020.03,1,-999
2,gen=1_member=189_pso,343.058,154,-999,6534.02,6534.02,1,-999
2,gen=0_member=12,343.579,155,-999,6370.02,6370.02,1,-999
2,gen=0_member=28,348.431,156,-999,6205.03,6205.03,1,-999
2,gen=1_member=156_pso,350.225,157,-999,6039.03,6039.03,1,-999
2,gen=1_member=181_pso,359.991,158,-999,5872.02,5872.02,1,-999
2,gen=0_member=24,361.099,159,-999,5704.02,5704.02,1,-999
2,gen=1_member=173_pso,361.205,160,-999,5535.02,5535.02,1,-999
2,gen=1_member=135_pso,363.999,161,-999,5365.02,5365.02,1,-999
2,gen=1_member=105_pso,370.595,162,-999,5194.02,5194.02,1,-999
2,gen=1_member=193_pso,381.835,163,-999,5022.02,5022.02,1,-999
2,gen=1_member=121_pso,393.832,164,-999,4849.02,4849.02,1,-999
3,gen=3_member=300_pso,11.1082,52,-999,18469.2,18469.2,1,-999
3,gen=3_member=301_pso,153.42,149,-999,8272.04,8272.04,1,-999
3,gen=3_member=302_pso,10.9934,51,-999,18522.2,18522.2,1,-999
3,gen=3_member=303_pso,168.703,153,-999,7654.03,7654.03,1,-999
3,gen=3_member=304_pso,369.139,167,-999,5194.01,5194.01,1,-999
3,gen=3_member=305_pso,1.61815,20,-999,19710.4,19710.4,1,-999
3,gen=3_member=306_pso,8.61343,45,-999,18819.2,18819.2,1,-999
3,gen=3_member=307_pso,72.1406,111,-999,13459.1,13459.1,1,-999
3,gen=3_member=308_pso,3.92695,33,-999,19372.3,19372.3,1,-999
3,gen=3_member=309_pso,539.954,174,-999,3790.01,3790.01,1,-999
3,gen=3_member=310_pso,57.4317,100,-999,14749.1,14749.1,1,-999
3,gen=3_member=311_pso,421.588,170,-999,4675.01,4675.01,1,-999
3,gen=3_member=312_pso,708.95,179,-999,2880,2880,1,-999
3,gen=3_member=313_pso,1092.85,186,-999,1564,1564,1,-999
3,gen=3_member=314_pso,2111.07,194,-999,0.000715776,0.000715776,1,-999
3,gen=3_member=315_pso,0.53548,7,-999,19879.4,19879.4,1,-999
3,gen=3_member=317_pso,10.2262,50,-999,18574.2,18574.2,1,-999
3,gen=3_member=318_pso,117.216,134,-999,10447.1,10447.1,1,-999
3,gen=3_member=319_pso,959.731,182,-999,2322,2322,1,-999
3,gen=3_member=320_pso,6.29508,43,-999,18910.2,18910.2,1,-999
3,gen=3_member=321_pso,44.4255,88,-999,15895.1,15895.1,1,-999
3,gen=3_member=322_pso,119.741,135,-999,10309.1,10309.1,1,-999
3,gen=3_member=323_pso,1457.03,189,-999,985.001,985.001,1,-999
3,gen=3_member=324_pso,1962.27,193,-999,199.001,199.001,1,-999
3,gen=3_member=325_pso,224.999,161,-999,6370.01,6370.01,1,-999
3,gen=3_member=326_pso,526.792,173,-999,3969.01,3969.01,1,-999
3,gen=3_member=327_pso,203.291,159,-999,6697.02,6697.02,1,-999
3,gen=3_member=328_pso,102.769,128,-999,11254.1,11254.1,1,-999
3,gen=3_member=329_pso,153.697,150,-999,8119.04,8119.04,1,-999
3,gen=3_member=330_pso,98.8274,122,-999,12025.1,12025.1,1,-999
3,gen=3_member=331_pso,1748.53,192,-999,397.001,397.001,1,-999
3,gen=3_member=332_pso,15.3484,57,-999,18189.1,18189.1,1,-999
3,gen=3_member=333_pso,213.585,160,-999,6534.02,6534.02,1,-999
3,gen=3_member=334_pso,696.218,177,-999,3247,3247,1,-999
3,gen=3_member=335_pso,1027.82,183,-999,2134,2134,1,-999
3,gen=3_member=336_pso,1065,185,-999,1755,1755,1,-999
3,gen=3_member=337_pso,23.017,67,-999,17554.1,17554.1,1,-999
3,gen=3_member=339_pso,1.20276,14,-999,19809.4,19809.4,1,-999
3,gen=3_member=340_pso,140.28,146,-999,8725.05,8725.05,1,-999
3,gen=3_member=341_pso,71.9403,110,-999,13572.1,13572.1,1,-999
3,gen=3_member=342_pso,577.928,176,-999,3429,3429,1,-999
3,gen=3_member=343_pso,1488.56,190,-999,790.001,790.001,1,-999
3,gen=3_member=344_pso,84.909,116,-999,12760.1,12760.1,1,-999
3,gen=3_member=345_pso,1.47312,17,-999,19764.4,19764.4,1,-999
3,gen=3_member=346_pso,57.27,99,-999,14850.1,14850.1,1,-999
3,gen=3_member=347_pso,54.4773,96,-999,15147.1,15147.1,1,-999
3,gen=3_member=348_pso,249.209,162,-999,6205.01,6205.01,1,-999
3,gen=3_member=349_pso,161.808,151,-999,7965.04,7965.04,1,-999
3,gen=3_member=350_pso,164.646,152,-999,7810.03,7810.03,1,-999
3,gen=3_member=351_pso,0.826883,9,-999,19864.4,19864.4,1,-999
3,gen=3_member=352_pso,0.0335051,2,-999,19899.3,19899.3,1,-999
3,gen=3_member=353_pso,42.1894,85,-999,16159.1,16159.1,1,-999
3,gen=3_member=354_pso,1659.91,191,-999,594.001,594.001,1,-999
3,gen=3_member=357_pso,884.16,181,-999,2509,2509,1,-999
3,gen=3_member=358_pso,11.4561,54,-999,18360.2,18360.2,1,-999
3,gen=3_member=359_pso,123.138,138,-999,9889.06,9889.06,1,-999
3,gen=3_member=360_pso,1.60877,19,-999,19729.4,19729.4,1,-999
3,gen=3_member=361_pso,196.119,158,-999,6859.02,6859.02,1,-999
3,gen=3_member=362_pso,4.65692,36,-999,19270.3,19270.3,1,-999
3,gen=3_member=363_pso,4.23211,35,-999,19305.3,19305.3,1,-999
3,gen=3_member=364_pso,1030.56,184,-999,1945,1945,1,-999
3,gen=3_member=365_pso,26.3109,71,-999,17272.1,17272.1,1,-999
3,gen=3_member=366_pso,12.0641,55,-999,18304.2,18304.2,1,-999
3,gen=3_member=367_pso,186.346,157,-999,7020.02,7020.02,1,-999
3,gen=3_member=368_pso,30.1334,75,-999,16974.1,16974.1,1,-999
3,gen=3_member=369_pso,339.019,165,-999,5535.01,5535.01,1,-999
3,gen=3_member=371_pso,6.00581,41,-999,18997.2,18997.2,1,-999
3,gen=3_member=372_pso,399.333,168,-999,5022.01,5022.01,1,-999
3,gen=3_member=374_pso,715.982,180,-999,2695,2695,1,-999
3,gen=3_member=375_pso,276.806,163,-999,6039.01,6039.01,1,-999
3,gen=3_member=376_pso,549.974,175,-999,3610.01,3610.01,1,-999
3,gen=3_member=377_pso,39.6907,83,-999,16330.1,16330.1,1,-999
3,gen=3_member=378_pso,410.744,169,-999,4849.01,4849.01,1,-999
3,gen=3_member=379_pso,445.631,171,-999,4500.01,4500.01,1,-999
3,gen=3_member=380_pso,0.606611,8,-999,19872.4,19872.4,1,-999
3,gen=3_member=381_pso,42.9241,86,-999,16072.1,16072.1,1,-999
3,gen=3_member=382_pso,1.80781,22,-999,19669.4,19669.4,1,-999
3,gen=3_member=383_pso,1251,187,-999,1372,1372,1,-999
3,gen=3_member=384_pso,43.8613,87,-999,15984.1,15984.1,1,-999
3,gen=3_member=385_pso,169.4,154,-999,7497.03,7497.03,1,-999
3,gen=3_member=386_pso,322.777,164,-999,5704.01,5704.01,1,-999
3,gen=3_member=387_pso,169.597,155,-999,7339.03,7339.03,1,-999
3,gen=3_member=388_pso,182.467,156,-999,7180.02,7180.02,1,-999
3,gen=3_member=389_pso,143.649,148,-999,8424.04,8424.04,1,-999
3,gen=3_member=390_pso,45.7001,89,-999,15805.1,15805.1,1,-999
3,gen=3_member=391_pso,21.0222,62,-999,17884.1,17884.1,1,-999
3,gen=3_member=392_pso,70.9645,109,-999,13684.1,13684.1,1,-999
3,gen=3_member=393_pso,0.488046,6,-999,19885.4,19885.4,1,-999
3,gen=3_member=394_pso,696.446,178,-999,3064,3064,1,-999
3,gen=3_member=395_pso,1384.18,188,-999,1179,1179,1,-999
3,gen=3_member=396_pso,120.275,136,-999,10170.1,10170.1,1,-999
3,gen=3_member=397_pso,358.225,166,-999,5365.01,5365.01,1,-999
3,gen=3_member=398_pso,13.4154,56,-999,18247.2,18247.2,1,-999
3,gen=3_member=399_pso,455.695,172,-999,4324.01,4324.01,1,-999
3,gen=1_member=114_pso,0.0251893,1,-999,19900.3,19900.3,1,-999
3,gen=1_member=103_pso,0.148361,3,-999,19897.3,19897.3,1,-999
3,gen=1_member=146_pso,0.197237,4,-999,19894.3,19894.3,1,-999
3,gen=1_member=120_pso,0.320454,5,-999,19890.3,19890.3,1,-999
3,gen=1_member=194_pso,0.919669,10,-999,19855.4,19855.4,1,-999
3,gen=2_member=202_pso,1.06397,11,-999,19845.4,19845.4,1,-999
3,gen=2_member=223_pso,1.08776,12,-999,19834.4,19834.4,1,-999
3,gen=2_member=288_pso,1.18484,13,-999,19822.4,19822.4,1,-999
3,gen=1_member=183_pso,1.29611,15,-999,19795.4,19795.4,1,-999
3,gen=2_member=262_pso,1.46813,16,-999,19780.4,19780.4,1,-999
3,gen=2_member=260_pso,1.48491,18,-999,19747.4,19747.4,1,-999
3,gen=2_member=210_pso,1.63202,21,-999,19690.4,19690.4,1,-999
3,gen=2_member=258_pso,1.99945,23,-999,19647.4,19647.4,1,-999
3,gen=1_member=174_pso,2.00886,24,-999,19624.4,19624.4,1,-999
3,gen=0_member=66,2.07701,25,-999,19600.4,19600.4,1,-999
3,gen=2_member=291_pso,2.17463,26,-999,19575.3,19575.3,1,-999
3,gen=0_member=36,2.27791,27,-999,19549.3,19549.3,1,-999
3,gen=1_member=130_pso,2.39509,28,-999,19522.3,19522.3,1,-999
3,gen=1_member=102_pso,2.53304,29,-999,19494.3,19494.3,1,-999
3,gen=1_member=122_pso,3.31536,30,-999,19465.3,19465.3,1,-999
3,gen=1_member=113_pso,3.64239,31,-999,19435.3,19435.3,1,-999
3,gen=2_member=212_pso,3.85388,32,-999,19404.3,19404.3,1,-999
3,gen=0_member=34,4.16157,34,-999,19339.3,19339.3,1,-999
3,gen=0_member=78,4.7992,37,-999,19234.3,19234.3,1,-999
3,gen=2_member=222_pso,5.15855,38,-999,19197.3,19197.3,1,-999
3,gen=0_member=39,5.40635,39,-999,19159.3,19159.3,1,-999
3,gen=2_member=275_pso,5.43873,40,-999,19120.3,19120.3,1,-999
3,gen=0_member=11,6.06691,42,-999,18954.2,18954.2,1,-999
3,gen=2_member=298_pso,7.42797,44,-999,18865.2,18865.2,1,-999
3,gen=0_member=15,9.08572,46,-999,18772.2,18772.2,1,-999
3,gen=2_member=279_pso,9.437,47,-999,18724.2,18724.2,1,-999
3,gen=0_member=84,9.85629,48,-999,18675.2,18675.2,1,-999
3,gen=2_member=207_pso,10.1261,49,-999,18625.2,18625.2,1,-999
3,gen=2_member=200_pso,11.2141,53,-999,18415.2,18415.2,1,-999
3,gen=1_member=126_pso,15.3884,58,-999,18130.1,18130.1,1,-999
3,gen=2_member=280_pso,15.7971,59,-999,18070.1,18070.1,1,-999
3,gen=0_member=19,17.7876,60,-999,18009.1,18009.1,1,-999
3,gen=0_member=50,18.5133,61,-999,17947.1,17947.1,1,-999
3,gen=0_member=25,21.6472,63,-999,17820.1,17820.1,1,-999
3,gen=1_member=109_pso,21.8938,64,-999,17755.1,17755.1,1,-999
3,gen=1_member=162_pso,22.1105,65,-999,17689.1,17689.1,1,-999
3,gen=2_member=263_pso,22.6505,66,-999,17622.1,17622.1,1,-999
3,gen=2_member=281_pso,25.6613,68,-999,17485.1,17485.1,1,-999
3,gen=1_member=185_pso,25.7288,69,-999,17415.1,17415.1,1,-999
3,gen=0_member=59,25.8903,70,-999,17344.1,17344.1,1,-999
3,gen=2_member=292_pso,26.9335,72,-999,17199.1,17199.1,1,-999
3,gen=2_member=252_pso,28.6899,73,-999,17125.1,17125.1,1,-999
3,gen=2_member=285_pso,29.8731,74,-999,17050.1,17050.1,1,-999
3,gen=2_member=271_pso,32.032,76,-999,16897.1,16897.1,1,-999
3,gen=0_member=77,34.868,77,-999,16819.1,16819.1,1,-999
3,gen=2_member=245_pso,35.7446,78,-999,16740.1,16740.1,1,-999
3,gen=2_member=284_pso,35.7943,79,-999,16660.1,16660.1,1,-999
3,gen=2_member=215_pso,36.8811,80,-999,16579.1,16579.1,1,-999
3,gen=2_member=224_pso,37.1158,81,-999,16497.1,16497.1,1,-999
3,gen=0_member=18,38.4364,82,-999,16414.1,16414.1,1,-999
3,gen=2_member=267_pso,40.2621,84,-999,16245.1,16245.1,1,-999
3,gen=1_member=184_pso,48.3255,90,-999,15714.1,15714.1,1,-999
3,gen=1_member=187_pso,48.6838,91,-999,15622.1,15622.1,1,-999
3,gen=1_member=100_pso,50.0988,92,-999,15529.1,15529.1,1,-999
3,gen=2_member=235_pso,50.3302,93,-999,15435.1,15435.1,1,-999
3,gen=1_member=111_pso,50.36,94,-999,15340.1,15340.1,1,-999
3,gen=1_member=158_pso,53.1736,95,-999,15244.1,15244.1,1,-999
3,gen=2_member=253_pso,55.119,97,-999,15049.1,15049.1,1,-999
3,gen=2_member=232_pso,55.3867,98,-999,14950.1,14950.1,1,-999
3,gen=1_member=150_pso,58.4055,101,-999,14647.1,14647.1,1,-999
3,gen=2_member=269_pso,58.5978,102,-999,14544.1,14544.1,1,-999
3,gen=0_member=49,59.9772,103,-999,14440.1,14440.1,1,-999
3,gen=1_member=149_pso,61.6298,104,-999,14335.1,14335.1,1,-999
3,gen=2_member=234_pso,63.5065,105,-999,14229.1,14229.1,1,-999
3,gen=0_member=29,66.1076,106,-999,14122.1,14122.1,1,-999
3,gen=1_member=160_pso,67.4608,107,-999,14014.1,14014.1,1,-999
3,gen=0_member=43,67.4865,108,-999,13905.1,13905.1,1,-999
3,gen=1_member=199_pso,73.4476,112,-999,13345.1,13345.1,1,-999
3,gen=2_member=217_pso,81.2885,113,-999,13230.1,13230.1,1,-999
3,gen=1_member=132_pso,82.239,114,-999,13114.1,13114.1,1,-999
3,gen=2_member=297_pso,83.4362,115,-999,12997.1,12997.1,1,-999
3,gen=0_member=35,86.9768,117,-999,12640.1,12640.1,1,-999
3,gen=2_member=270_pso,87.482,118,-999,12519.1,12519.1,1,-999
3,gen=1_member=163_pso,91.1577,119,-999,12397.1,12397.1,1,-999
3,gen=2_member=290_pso,93.862,120,-999,12274.1,12274.1,1,-999
3,gen=2_member=243_pso,94.3293,121,-999,12150.1,12150.1,1,-999
3,gen=1_member=167_pso,99.3679,123,-999,11899.1,11899.1,1,-999
3,gen=1_member=115_pso,101.768,124,-999,11772.1,11772.1,1,-999
3,gen=1_member=128_pso,101.816,125,-999,11644.1,11644.1,1,-999
3,gen=0_member=76,102.414,126,-999,11515.1,11515.1,1,-999
3,gen=0_member=7,102.417,127,-999,11385.1,11385.1,1,-999
3,gen=2_member=242_pso,106.227,129,-999,11122.1,11122.1,1,-999
3,gen=1_member=155_pso,107.792,130,-999,10989.1,10989.1,1,-999
3,gen=2_member=259_pso,112.288,131,-999,10855.1,10855.1,1,-999
3,gen=1_member=188_pso,112.618,132,-999,10720.1,10720.1,1,-999
3,gen=0_member=46,116.581,133,-999,10584.1,10584.1,1,-999
3,gen=2_member=239_pso,120.578,137,-999,10030.1,10030.1,1,-999
3,gen=1_member=141_pso,127.346,139,-999,9747.07,9747.07,1,-999
3,gen=2_member=203_pso,127.424,140,-999,9604.07,9604.07,1,-999
3,gen=2_member=273_pso,127.927,141,-999,9460.07,9460.07,1,-999
3,gen=1_member=180_pso,134.128,142,-999,9315.05,9315.05,1,-999
3,gen=1_member=129_pso,135.385,143,-999,9169.05,9169.05,1,-999
3,gen=1_member=159_pso,136.374,144,-999,9022.05,9022.05,1,-999
3,gen=2_member=236_pso,137.966,145,-999,8874.05,8874.05,1,-999
3,gen=2_member=226_pso,140.512,147,-999,8575.04,8575.04,1,-999
4,gen=4_member=400_pso,11.0031,78,-999,16897.3,16897.3,1,-999
4,gen=4_member=401_pso,38.1409,121,-999,12274.1,12274.1,1,-999
4,gen=4_member=402_pso,467.303,183,-999,2695,2695,1,-999
4,gen=4_member=403_pso,1.87149,33,-999,19372.4,19372.4,1,-999
4,gen=4_member=404_pso,125.634,162,-999,6370.02,6370.02,1,-999
4,gen=4_member=405_pso,166.249,166,-999,5704.02,5704.02,1,-999
4,gen=4_member=406_pso,266.67,178,-999,3610.01,3610.01,1,-999
4,gen=4_member=407_pso,197.512,170,-999,5022.01,5022.01,1,-999
4,gen=4_member=408_pso,0.126403,5,-999,19890.4,19890.4,1,-999
4,gen=4_member=409_pso,4.91963,60,-999,18130.3,18130.3,1,-999
4,gen=4_member=410_pso,99.8549,157,-999,7180.03,7180.03,1,-999
4,gen=4_member=411_pso,1.18597,22,-999,19669.4,19669.4,1,-999
4,gen=4_member=412_pso,1493.04,196,-999,199.001,199.001,1,-999
4,gen=4_member=413_pso,0.0749515,4,-999,19894.4,19894.4,1,-999
4,gen=4_member=414_pso,63.7876,149,-999,8424.08,8424.08,1,-999
4,gen=4_member=415_pso,519.372,185,-999,2322,2322,1,-999
4,gen=4_member=416_pso,2.43323,42,-999,19039.4,19039.4,1,-999
4,gen=4_member=417_pso,254.411,176,-999,3969.01,3969.01,1,-999
4,gen=4_member=418_pso,2.66327,45,-999,18910.4,18910.4,1,-999
4,gen=4_member=419_pso,20.1251,95,-999,15340.1,15340.1,1,-999
4,gen=4_member=420_pso,406.498,182,-999,2880,2880,1,-999
4,gen=4_member=421_pso,0.157483,7,-999,19879.4,19879.4,1,-999
4,gen=4_member=422_pso,669.61,188,-999,1755,1755,1,-999
4,gen=4_member=423_pso,1297.79,194,-999,594.001,594.001,1,-999
4,gen=4_member=424_pso,472.686,184,-999,2509,2509,1,-999
4,gen=4_member=425_pso,3.76044,51,-999,18625.3,18625.3,1,-999
4,gen=4_member=426_pso,12.5274,84,-999,16330.2,16330.2,1,-999
4,gen=4_member=427_pso,72.586,154,-999,7654.05,7654.05,1,-999
4,gen=4_member=428_pso,1194.66,193,-999,790.001,790.001,1,-999
4,gen=4_member=429_pso,89.6203,155,-999,7497.03,7497.03,1,-999
4,gen=4_member=430_pso,13.3158,85,-999,16245.2,16245.2,1,-999
4,gen=4_member=431_pso,260.999,177,-999,3790.01,3790.01,1,-999
4,gen=4_member=432_pso,1058.19,192,-999,985.002,985.002,1,-999
4,gen=4_member=433_pso,176.91,167,-999,5535.02,5535.02,1,-999
4,gen=4_member=434_pso,237.134,175,-999,4147.01,4147.01,1,-999
4,gen=4_member=435_pso,4.31187,57,-999,18304.3,18304.3,1,-999
4,gen=4_member=437_pso,2303.41,197,-999,0.000544039,0.000544039,1,-999
4,gen=4_member=438_pso,228.661,174,-999,4324.01,4324.01,1,-999
4,gen=4_member=439_pso,379.696,181,-999,3064.01,3064.01,1,-999
4,gen=4_member=440_pso,102.133,158,-999,7020.02,7020.02,1,-999
4,gen=4_member=441_pso,58.9543,146,-999,8874.09,8874.09,1,-999
4,gen=4_member=442_pso,69.4498,152,-999,7965.05,7965.05,1,-999
4,gen=4_member=443_pso,2.04744,37,-999,19234.4,19234.4,1,-999
4,gen=4_member=444_pso,7.50469,69,-999,17554.2,17554.2,1,-999
4,gen=4_member=445_pso,113.289,159,-999,6859.02,6859.02,1,-999
4,gen=4_member=446_pso,62.7551,148,-999,8575.08,8575.08,1,-999
4,gen=4_member=447_pso,12.0836,83,-999,16414.2,16414.2,1,-999
4,gen=4_member=448_pso,64.96,150,-999,8272.07,8272.07,1,-999
4,gen=4_member=449_pso,534.418,186,-999,2134,2134,1,-999
4,gen=4_member=450_pso,0.0560049,3,-999,19897.4,19897.4,1,-999
4,gen=4_member=451_pso,22.6582,102,-999,14647.2,14647.2,1,-999
4,gen=4_member=452_pso,41.4883,125,-999,11772.1,11772.1,1,-999
4,gen=4_member=453_pso,48.0557,133,-999,10720.1,10720.1,1,-999
4,gen=4_member=454_pso,2.92032,46,-999,18865.3,18865.3,1,-999
4,gen=4_member=455_pso,153.787,165,-999,5872.02,5872.02,1,-999
4,gen=4_member=456_pso,45.4573,130,-999,11122.1,11122.1,1,-999
4,gen=4_member=457_pso,685.97,189,-999,1564,1564,1,-999
4,gen=4_member=458_pso,4.22377,55,-999,18415.3,18415.3,1,-999
4,gen=4_member=459_pso,599.615,187,-999,1945,1945,1,-999
4,gen=4_member=460_pso,186.538,169,-999,5194.01,5194.01,1,-999
4,gen=4_member=461_pso,10.487,76,-999,17050.3,17050.3,1,-999
4,gen=4_member=462_pso,60.6355,147,-999,8725.08,8725.08,1,-999
4,gen=4_member=463_pso,93.2228,156,-999,7339.03,7339.03,1,-999
4,gen=4_member=464_pso,49.7319,136,-999,10309.1,10309.1,1,-999
4,gen=4_member=465_pso,5.44882,64,-999,17884.3,17884.3,1,-999
4,gen=4_member=466_pso,374.189,179,-999,3429.01,3429.01,1,-999
4,gen=4_member=467_pso,1491.96,195,-999,397.001,397.001,1,-999
4,gen=4_member=468_pso,887.551,190,-999,1372,1372,1,-999
4,gen=4_member=469_pso,115.358,161,-999,6534.02,6534.02,1,-999
4,gen=4_member=470_pso,34.1709,115,-999,12997.1,12997.1,1,-999
4,gen=4_member=471_pso,17.1687,92,-999,15622.2,15622.2,1,-999
4,gen=4_member=472_pso,184.691,168,-999,5365.01,5365.01,1,-999
4,gen=4_member=474_pso,127.201,163,-999,6205.02,6205.02,1,-999
4,gen=4_member=475_pso,2.49191,43,-999,18997.4,18997.4,1,-999
4,gen=4_member=476_pso,954.72,191,-999,1179,1179,1,-999
4,gen=4_member=477_pso,201.872,172,-999,4675.01,4675.01,1,-999
4,gen=4_member=478_pso,0.748689,16,-999,19780.4,19780.4,1,-999
4,gen=4_member=479_pso,32.0165,113,-999,13230.1,13230.1,1,-999
4,gen=4_member=480_pso,207.184,173,-999,4500.02,4500.02,1,-999
4,gen=4_member=481_pso,376.796,180,-999,3247.01,3247.01,1,-999
4,gen=4_member=482_pso,16.9698,91,-999,15714.1,15714.1,1,-999
4,gen=4_member=483_pso,15.0697,87,-999,16072.2,16072.2,1,-999
4,gen=4_member=484_pso,71.7348,153,-999,7810.05,7810.05,1,-999
4,gen=4_member=485_pso,47.6439,132,-999,10855.1,10855.1,1,-999
4,gen=4_member=486_pso,3.22065,47,-999,18819.3,18819.3,1,-999
4,gen=4_member=487_pso,3.48995,49,-999,18724.3,18724.3,1,-999
4,gen=4_member=488_pso,27.8706,109,-999,13905.1,13905.1,1,-999
4,gen=4_member=489_pso,113.883,160,-999,6697.02,6697.02,1,-999
4,gen=4_member=491_pso,1.75153,31,-999,19435.4,19435.4,1,-999
4,gen=4_member=492_pso,143.858,164,-999,6039.02,6039.02,1,-999
4,gen=4_member=493_pso,21.147,97,-999,15147.2,15147.2,1,-999
4,gen=4_member=494_pso,0.17677,8,-999,19872.4,19872.4,1,-999
4,gen=4_member=495_pso,68.1585,151,-999,8119.06,8119.06,1,-999
4,gen=4_member=496_pso,0.704008,15,-999,19795.4,19795.4,1,-999
4,gen=4_member=497_pso,197.817,171,-999,4849.01,4849.01,1,-999
4,gen=4_member=498_pso,1.87784,34,-999,19339.4,19339.4,1,-999
4,gen=4_member=499_pso,0.224983,10,-999,19855.4,19855.4,1,-999
4,gen=1_member=114_pso,0.0251893,1,-999,19900.4,19900.4,1,-999
4,gen=3_member=352_pso,0.0335051,2,-999,19899.4,19899.4,1,-999
4,gen=1_member=103_pso,0.148361,6,-999,19885.4,19885.4,1,-999
4,gen=1_member=146_pso,0.197237,9,-999,19864.4,19864.4,1,-999
4,gen=1_member=120_pso,0.320454,11,-999,19845.4,19845.4,1,-999
4,gen=3_member=393_pso,0.488046,12,-999,19834.4,19834.4,1,-999
4,gen=3_member=315_pso,0.53548,13,-999,19822.4,19822.4,1,-999
4,gen=3_member=380_pso,0.606611,14,-999,19809.4,19809.4,1,-999
4,gen=3_member=351_pso,0.826883,17,-999,19764.4,19764.4,1,-999
4,gen=1_member=194_pso,0.919669,18,-999,19747.4,19747.4,1,-999
4,gen=2_member=202_pso,1.06397,19,-999,19729.4,19729.4,1,-999
4,gen=2_member=223_pso,1.08776,20,-999,19710.4,19710.4,1,-999
4,gen=2_member=288_pso,1.18484,21,-999,19690.4,19690.4,1,-999
4,gen=3_member=339_pso,1.20276,23,-999,19647.4,19647.4,1,-999
4,gen=1_member=183_pso,1.29611,24,-999,19624.4,19624.4,1,-999
4,gen=2_member=262_pso,1.46813,25,-999,19600.4,19600.4,1,-999
4,gen=3_member=345_pso,1.47312,26,-999,19575.4,19575.4,1,-999
4,gen=2_member=260_pso,1.48491,27,-999,19549.4,19549.4,1,-999
4,gen=3_member=360_pso,1.60877,28,-999,19522.4,19522.4,1,-999
4,gen=3_member=305_pso,1.61815,29,-999,19494.4,19494.4,1,-999
4,gen=2_member=210_pso,1.63202,30,-999,19465.4,19465.4,1,-999
4,gen=3_member=382_pso,1.80781,32,-999,19404.4,19404.4,1,-999
4,gen=2_member=258_pso,1.99945,35,-999,19305.4,19305.4,1,-999
4,gen=1_member=174_pso,2.00886,36,-999,19270.4,19270.4,1,-999
4,gen=0_member=66,2.07701,38,-999,19197.4,19197.4,1,-999
4,gen=2_member=291_pso,2.17463,39,-999,19159.4,19159.4,1,-999
4,gen=0_member=36,2.27791,40,-999,19120.4,19120.4,1,-999
4,gen=1_member=130_pso,2.39509,41,-999,19080.4,19080.4,1,-999
4,gen=1_member=102_pso,2.53304,44,-999,18954.4,18954.4,1,-999
4,gen=1_member=122_pso,3.31536,48,-999,18772.3,18772.3,1,-999
4,gen=1_member=113_pso,3.64239,50,-999,18675.3,18675.3,1,-999
4,gen=2_member=212_pso,3.85388,52,-999,18574.3,18574.3,1,-999
4,gen=3_member=308_pso,3.92695,53,-999,18522.3,18522.3,1,-999
4,gen=0_member=34,4.16157,54,-999,18469.3,18469.3,1,-999
4,gen=3_member=363_pso,4.23211,56,-999,18360.3,18360.3,1,-999
4,gen=3_member=362_pso,4.65692,58,-999,18247.3,18247.3,1,-999
4,gen=0_member=78,4.7992,59,-999,18189.3,18189.3,1,-999
4,gen=2_member=222_pso,5.15855,61,-999,18070.3,18070.3,1,-999
4,gen=0_member=39,5.40635,62,-999,18009.3,18009.3,1,-999
4,gen=2_member=275_pso,5.43873,63,-999,17947.3,17947.3,1,-999
4,gen=3_member=371_pso,6.00581,65,-999,17820.3,17820.3,1,-999
4,gen=0_member=11,6.06691,66,-999,17755.3,17755.3,1,-999
4,gen=3_member=320_pso,6.29508,67,-999,17689.2,17689.2,1,-999
4,gen=2_member=298_pso,7.42797,68,-999,17622.2,17622.2,1,-999
4,gen=3_member=306_pso,8.61343,70,-999,17485.2,17485.2,1,-999
4,gen=0_member=15,9.08572,71,-999,17415.2,17415.2,1,-999
4,gen=2_member=279_pso,9.437,72,-999,17344.2,17344.2,1,-999
4,gen=0_member=84,9.85629,73,-999,17272.2,17272.2,1,-999
4,gen=2_member=207_pso,10.1261,74,-999,17199.3,17199.3,1,-999
4,gen=3_member=317_pso,10.2262,75,-999,17125.3,17125.3,1,-999
4,gen=3_member=302_pso,10.9934,77,-999,16974.3,16974.3,1,-999
4,gen=3_member=300_pso,11.1082,79,-999,16819.2,16819.2,1,-999
4,gen=2_member=200_pso,11.2141,80,-999,16740.2,16740.2,1,-999
4,gen=3_member=358_pso,11.4561,81,-999,16660.3,16660.3,1,-999
4,gen=3_member=366_pso,12.0641,82,-999,16497.2,16497.2,1,-999
4,gen=3_member=398_pso,13.4154,86,-999,16159.2,16159.2,1,-999
4,gen=3_member=332_pso,15.3484,88,-999,15984.2,15984.2,1,-999
4,gen=1_member=126_pso,15.3884,89,-999,15895.2,15895.2,1,-999
4,gen=2_member=280_pso,15.7971,90,-999,15805.2,15805.2,1,-999
4,gen=0_member=19,17.7876,93,-999,15529.2,15529.2,1,-999
4,gen=0_member=50,18.5133,94,-999,15435.2,15435.2,1,-999
4,gen=3_member=391_pso,21.0222,96,-999,15244.1,15244.1,1,-999
4,gen=0_member=25,21.6472,98,-999,15049.2,15049.2,1,-999
4,gen=1_member=109_pso,21.8938,99,-999,14950.2,14950.2,1,-999
4,gen=1_member=162_pso,22.1105,100,-999,14850.2,14850.2,1,-999
4,gen=2_member=263_pso,22.6505,101,-999,14749.2,14749.2,1,-999
4,gen=3_member=337_pso,23.017,103,-999,14544.2,14544.2,1,-999
4,gen=2_member=281_pso,25.6613,104,-999,14440.2,14440.2,1,-999
4,gen=1_member=185_pso,25.7288,105,-999,14335.2,14335.2,1,-999
4,gen=0_member=59,25.8903,106,-999,14229.2,14229.2,1,-999
4,gen=3_member=365_pso,26.3109,107,-999,14122.2,14122.2,1,-999
4,gen=2_member=292_pso,26.9335,108,-999,14014.1,14014.1,1,-999
4,gen=2_member=252_pso,28.6899,110,-999,13795.1,13795.1,1,-999
4,gen=2_member=285_pso,29.8731,111,-999,13684.1,13684.1,1,-999
4,gen=3_member=368_pso,30.1334,112,-999,13572.1,13572.1,1,-999
4,gen=2_member=271_pso,32.032,114,-999,13114.1,13114.1,1,-999
4,gen=0_member=77,34.868,116,-999,12879.1,12879.1,1,-999
4,gen=2_member=245_pso,35.7446,117,-999,12760.1,12760.1,1,-999
4,gen=2_member=284_pso,35.7943,118,-999,12640.1,12640.1,1,-999
4,gen=2_member=215_pso,36.8811,119,-999,12519.1,12519.1,1,-999
4,gen=2_member=224_pso,37.1158,120,-999,12397.1,12397.1,1,-999
4,gen=0_member=18,38.4364,122,-999,12150.1,12150.1,1,-999
4,gen=3_member=377_pso,39.6907,123,-999,12025.1,12025.1,1,-999
4,gen=2_member=267_pso,40.2621,124,-999,11899.1,11899.1,1,-999
4,gen=3_member=353_pso,42.1894,126,-999,11644.1,11644.1,1,-999
4,gen=3_member=381_pso,42.9241,127,-999,11515.1,11515.1,1,-999
4,gen=3_member=384_pso,43.8613,128,-999,11385.1,11385.1,1,-999
4,gen=3_member=321_pso,44.4255,129,-999,11254.1,11254.1,1,-999
4,gen=3_member=390_pso,45.7001,131,-999,10989.2,10989.2,1,-999
4,gen=1_member=184_pso,48.3255,134,-999,10584.1,10584.1,1,-999
4,gen=1_member=187_pso,48.6838,135,-999,10447.1,10447.1,1,-999
4,gen=1_member=100_pso,50.0988,137,-999,10170.1,10170.1,1,-999
4,gen=2_member=235_pso,50.3302,138,-999,10030.1,10030.1,1,-999
4,gen=1_member=111_pso,50.36,139,-999,9889.13,9889.13,1,-999
4,gen=1_member=158_pso,53.1736,140,-999,9747.13,9747.13,1,-999
4,gen=3_member=347_pso,54.4773,141,-999,9604.12,9604.12,1,-999
4,gen=2_member=253_pso,55.119,142,-999,9460.11,9460.11,1,-999
4,gen=2_member=232_pso,55.3867,143,-999,9315.11,9315.11,1,-999
4,gen=3_member=346_pso,57.27,144,-999,9169.1,9169.1,1,-999
4,gen=3_member=310_pso,57.4317,145,-999,9022.1,9022.1,1,-999
5,gen=5_member=500_pso,10.8987,99,-999,15049.3,15049.3,1,-999
5,gen=5_member=501_pso,33.8151,139,-999,10309.1,10309.1,1,-999
5,gen=5_member=502_pso,90.7518,157,-999,7654.03,7654.03,1,-999
5,gen=5_member=503_pso,0.0596551,4,-999,19894.4,19894.4,1,-999
5,gen=5_member=504_pso,9.67229,93,-999,15622.3,15622.3,1,-999
5,gen=5_member=505_pso,1043.55,195,-999,594.002,594.002,1,-999
5,gen=5_member=506_pso,5.105,75,-999,17125.3,17125.3,1,-999
5,gen=5_member=507_pso,100.109,159,-999,7339.03,7339.03,1,-999
5,gen=5_member=508_pso,1.23118,31,-999,19435.4,19435.4,1,-999
5,gen=5_member=509_pso,22.9623,132,-999,11254.1,11254.1,1,-999
5,gen=5_member=510_pso,169.581,169,-999,5535.02,5535.02,1,-999
5,gen=5_member=511_pso,75.7586,152,-999,8424.05,8424.05,1,-999
5,gen=5_member=512_pso,10.3527,97,-999,15244.3,15244.3,1,-999
5,gen=5_member=513_pso,167.479,168,-999,5704.02,5704.02,1,-999
5,gen=5_member=514_pso,16.8814,120,-999,12760.2,12760.2,1,-999
5,gen=5_member=515_pso,7.24964,83,-999,16497.2,16497.2,1,-999
5,gen=5_member=516_pso,12.6231,110,-999,13905.2,13905.2,1,-999
5,gen=5_member=518_pso,78.1707,153,-999,8272.04,8272.04,1,-999
5,gen=5_member=519_pso,9.44002,91,-999,15805.3,15805.3,1,-999
5,gen=5_member=520_pso,890.839,192,-999,1179,1179,1,-999
5,gen=5_member=521_pso,0.84749,24,-999,19624.4,19624.4,1,-999
5,gen=5_member=522_pso,2.62892,54,-999,18469.4,18469.4,1,-999
5,gen=5_member=523_pso,397.89,181,-999,3247,3247,1,-999
5,gen=5_member=524_pso,75.5998,151,-999,8575.05,8575.05,1,-999
5,gen=5_member=525_pso,27.724,134,-999,10989.1,10989.1,1,-999
5,gen=5_member=526_pso,81.7931,156,-999,7810.04,7810.04,1,-999
5,gen=5_member=527_pso,0.759077,22,-999,19669.4,19669.4,1,-999
5,gen=5_member=528_pso,183.068,173,-999,4849.02,4849.02,1,-999
5,gen=5_member=529_pso,137.655,165,-999,6205.02,6205.02,1,-999
5,gen=5_member=530_pso,68.172,147,-999,9169.05,9169.05,1,-999
5,gen=5_member=531_pso,15.3321,114,-999,13459.2,13459.2,1,-999
5,gen=5_member=532_pso,159.55,167,-999,5872.02,5872.02,1,-999
5,gen=5_member=533_pso,0.274673,13,-999,19822.5,19822.5,1,-999
5,gen=5_member=534_pso,650.042,187,-999,2134,2134,1,-999
5,gen=5_member=535_pso,1004.9,194,-999,790.002,790.002,1,-999
5,gen=5_member=536_pso,19.7632,125,-999,12150.2,12150.2,1,-999
5,gen=5_member=537_pso,29.8017,136,-999,10720.1,10720.1,1,-999
5,gen=5_member=539_pso,177.98,172,-999,5022.02,5022.02,1,-999
5,gen=5_member=540_pso,0.335711,16,-999,19780.4,19780.4,1,-999
5,gen=5_member=541_pso,2.16047,47,-999,18819.4,18819.4,1,-999
5,gen=5_member=542_pso,275.711,177,-999,4147.01,4147.01,1,-999
5,gen=5_member=543_pso,75.0756,150,-999,8725.05,8725.05,1,-999
5,gen=5_member=544_pso,0.330493,15,-999,19795.4,19795.4,1,-999
5,gen=5_member=545_pso,616.338,186,-999,2322,2322,1,-999
5,gen=5_member=546_pso,26.833,133,-999,11122.1,11122.1,1,-999
5,gen=5_member=547_pso,55.6577,143,-999,9747.04,9747.04,1,-999
5,gen=5_member=548_pso,29.1636,135,-999,10855.1,10855.1,1,-999
5,gen=5_member=549_pso,194.975,174,-999,4675.01,4675.01,1,-999
5,gen=5_member=550_pso,782.343,189,-999,1755,1755,1,-999
5,gen=5_member=551_pso,603.7,185,-999,2509,2509,1,-999
5,gen=5_member=552_pso,59.091,146,-999,9315.04,9315.04,1,-999
5,gen=5_member=553_pso,177.331,171,-999,5194.02,5194.02,1,-999
5,gen=5_member=554_pso,488.354,183,-999,2880,2880,1,-999
5,gen=5_member=555_pso,899.972,193,-999,985.002,985.002,1,-999
5,gen=5_member=556_pso,2.9413,58,-999,18247.4,18247.4,1,-999
5,gen=5_member=557_pso,11.7795,105,-999,14440.3,14440.3,1,-999
5,gen=5_member=558_pso,322.382,178,-999,3790.01,3790.01,1,-999
5,gen=5_member=559_pso,137.344,164,-999,6370.02,6370.02,1,-999
5,gen=5_member=560_pso,1459.03,197,-999,199.001,199.001,1,-999
5,gen=5_member=561_pso,72.7562,148,-999,9022.05,9022.05,1,-999
5,gen=5_member=562_pso,387.812,180,-999,3429,3429,1,-999
5,gen=5_member=563_pso,117.813,161,-999,7020.02,7020.02,1,-999
5,gen=5_member=564_pso,80.4171,154,-999,8119.04,8119.04,1,-999
5,gen=5_member=565_pso,411.337,182,-999,3064,3064,1,-999
5,gen=5_member=566_pso,870.328,191,-999,1372,1372,1,-999
5,gen=5_member=567_pso,95.982,158,-999,7497.04,7497.04,1,-999
5,gen=5_member=568_pso,5.00761,74,-999,17199.3,17199.3,1,-999
5,gen=5_member=569_pso,57.2867,144,-999,9604.04,9604.04,1,-999
5,gen=5_member=570_pso,73.3379,149,-999,8874.05,8874.05,1,-999
5,gen=5_member=571_pso,132.854,163,-999,6534.02,6534.02,1,-999
5,gen=5_member=572_pso,2270.27,198,-999,0.0005738,0.0005738,1,-999
5,gen=5_member=573_pso,38.0875,140,-999,10170.1,10170.1,1,-999
5,gen=5_member=574_pso,7.73955,86,-999,16245.2,16245.2,1,-999
5,gen=5_member=575_pso,9.62856,92,-999,15714.3,15714.3,1,-999
5,gen=5_member=576_pso,171.678,170,-999,5365.02,5365.02,1,-999
5,gen=5_member=577_pso,30.114,137,-999,10584.1,10584.1,1,-999
5,gen=5_member=578_pso,16.2122,118,-999,12997.2,12997.2,1,-999
5,gen=5_member=579_pso,158.073,166,-999,6039.02,6039.02,1,-999
5,gen=5_member=580_pso,12.1027,108,-999,14122.3,14122.3,1,-999
5,gen=5_member=581_pso,696.525,188,-999,1945,1945,1,-999
5,gen=5_member=582_pso,50.1735,142,-999,9889.04,9889.04,1,-999
5,gen=5_member=583_pso,2.63407,55,-999,18415.4,18415.4,1,-999
5,gen=5_member=584_pso,58.4943,145,-999,9460.04,9460.04,1,-999
5,gen=5_member=585_pso,120.975,162,-999,6859.02,6859.02,1,-999
5,gen=5_member=586_pso,3.85687,65,-999,17820.3,17820.3,1,-999
5,gen=5_member=587_pso,352.702,179,-999,3610.01,3610.01,1,-999
5,gen=5_member=588_pso,853.984,190,-999,1564,1564,1,-999
5,gen=5_member=589_pso,16.2733,119,-999,12879.2,12879.2,1,-999
5,gen=5_member=590_pso,529.5,184,-999,2695,2695,1,-999
5,gen=5_member=591_pso,0.24716,12,-999,19834.5,19834.5,1,-999
5,gen=5_member=592_pso,1226.4,196,-999,397.001,397.001,1,-999
5,gen=5_member=593_pso,32.138,138,-999,10447.1,10447.1,1,-999
5,gen=5_member=594_pso,45.5549,141,-999,10030,10030,1,-999
5,gen=5_member=595_pso,9.29071,89,-999,15984.3,15984.3,1,-999
5,gen=5_member=596_pso,109.842,160,-999,7180.03,7180.03,1,-999
5,gen=5_member=597_pso,234.995,175,-999,4500.01,4500.01,1,-999
5,gen=5_member=598_pso,81.147,155,-999,7965.04,7965.04,1,-999
5,gen=5_member=599_pso,241.879,176,-999,4324.01,4324.01,1,-999
5,gen=1_member=114_pso,0.0251893,1,-999,19900.4,19900.4,1,-999
5,gen=3_member=352_pso,0.0335051,2,-999,19899.4,19899.4,1,-999
5,gen=4_member=450_pso,0.0560049,3,-999,19897.4,19897.4,1,-999
5,gen=4_member=413_pso,0.0749515,5,-999,19890.4,19890.4,1,-999
5,gen=4_member=408_pso,0.126403,6,-999,19885.5,19885.5,1,-999
5,gen=1_member=103_pso,0.148361,7,-999,19879.5,19879.5,1,-999
5,gen=4_member=421_pso,0.157483,8,-999,19872.5,19872.5,1,-999
5,gen=4_member=494_pso,0.17677,9,-999,19864.5,19864.5,1,-999
5,gen=1_member=146_pso,0.197237,10,-999,19855.5,19855.5,1,-999
5,gen=4_member=499_pso,0.224983,11,-999,19845.5,19845.5,1,-999
5,gen=1_member=120_pso,0.320454,14,-999,19809.4,19809.4,1,-999
5,gen=3_member=393_pso,0.488046,17,-999,19764.4,19764.4,1,-999
5,gen=3_member=315_pso,0.53548,18,-999,19747.4,19747.4,1,-999
5,gen=3_member=380_pso,0.606611,19,-999,19729.4,19729.4,1,-999
5,gen=4_member=496_pso,0.704008,20,-999,19710.4,19710.4,1,-999
5,gen=4_member=478_pso,0.748689,21,-999,19690.4,19690.4,1,-999
5,gen=3_member=351_pso,0.826883,23,-999,19647.4,19647.4,1,-999
5,gen=1_member=194_pso,0.919669,25,-999,19600.4,19600.4,1,-999
5,gen=2_member=202_pso,1.06397,26,-999,19575.4,19575.4,1,-999
5,gen=2_member=223_pso,1.08776,27,-999,19549.4,19549.4,1,-999
5,gen=2_member=288_pso,1.18484,28,-999,19522.4,19522.4,1,-999
5,gen=4_member=411_pso,1.18597,29,-999,19494.4,19494.4,1,-999
5,gen=3_member=339_pso,1.20276,30,-999,19465.4,19465.4,1,-999
5,gen=1_member=183_pso,1.29611,32,-999,19404.4,19404.4,1,-999
5,gen=2_member=262_pso,1.46813,33,-999,19372.4,19372.4,1,-999
5,gen=3_member=345_pso,1.47312,34,-999,19339.4,19339.4,1,-999
5,gen=2_member=260_pso,1.48491,35,-999,19305.4,19305.4,1,-999
5,gen=3_member=360_pso,1.60877,36,-999,19270.4,19270.4,1,-999
5,gen=3_member=305_pso,1.61815,37,-999,19234.4,19234.4,1,-999
5,gen=2_member=210_pso,1.63202,38,-999,19197.4,19197.4,1,-999
5,gen=4_member=491_pso,1.75153,39,-999,19159.4,19159.4,1,-999
5,gen=3_member=382_pso,1.80781,40,-999,19120.4,19120.4,1,-999
5,gen=4_member=403_pso,1.87149,41,-999,19080.4,19080.4,1,-999
5,gen=4_member=498_pso,1.87784,42,-999,19039.4,19039.4,1,-999
5,gen=2_member=258_pso,1.99945,43,-999,18997.4,18997.4,1,-999
5,gen=1_member=174_pso,2.00886,44,-999,18954.4,18954.4,1,-999
5,gen=4_member=443_pso,2.04744,45,-999,18910.4,18910.4,1,-999
5,gen=0_member=66,2.07701,46,-999,18865.4,18865.4,1,-999
5,gen=2_member=291_pso,2.17463,48,-999,18772.4,18772.4,1,-999
5,gen=0_member=36,2.27791,49,-999,18724.4,18724.4,1,-999
5,gen=1_member=130_pso,2.39509,50,-999,18675.4,18675.4,1,-999
5,gen=4_member=416_pso,2.43323,51,-999,18625.4,18625.4,1,-999
5,gen=4_member=475_pso,2.49191,52,-999,18574.4,18574.4,1,-999
5,gen=1_member=102_pso,2.53304,53,-999,18522.4,18522.4,1,-999
5,gen=4_member=418_pso,2.66327,56,-999,18360.4,18360.4,1,-999
5,gen=4_member=454_pso,2.92032,57,-999,18304.4,18304.4,1,-999
5,gen=4_member=486_pso,3.22065,59,-999,18189.4,18189.4,1,-999
5,gen=1_member=122_pso,3.31536,60,-999,18130.4,18130.4,1,-999
5,gen=4_member=487_pso,3.48995,61,-999,18070.4,18070.4,1,-999
5,gen=1_member=113_pso,3.64239,62,-999,18009.3,18009.3,1,-999
5,gen=4_member=425_pso,3.76044,63,-999,17947.3,17947.3,1,-999
5,gen=2_member=212_pso,3.85388,64,-999,17884.3,17884.3,1,-999
5,gen=3_member=308_pso,3.92695,66,-999,17755.3,17755.3,1,-999
5,gen=0_member=34,4.16157,67,-999,17689.4,17689.4,1,-999
5,gen=4_member=458_pso,4.22377,68,-999,17622.3,17622.3,1,-999
5,gen=3_member=363_pso,4.23211,69,-999,17554.3,17554.3,1,-999
5,gen=4_member=435_pso,4.31187,70,-999,17485.4,17485.4,1,-999
5,gen=3_member=362_pso,4.65692,71,-999,17415.4,17415.4,1,-999
5,gen=0_member=78,4.7992,72,-999,17344.3,17344.3,1,-999
5,gen=4_member=409_pso,4.91963,73,-999,17272.3,17272.3,1,-999
5,gen=2_member=222_pso,5.15855,76,-999,17050.3,17050.3,1,-999
5,gen=0_member=39,5.40635,77,-999,16974.3,16974.3,1,-999
5,gen=2_member=275_pso,5.43873,78,-999,16897.3,16897.3,1,-999
5,gen=4_member=465_pso,5.44882,79,-999,16819.3,16819.3,1,-999
5,gen=3_member=371_pso,6.00581,80,-999,16740.3,16740.3,1,-999
5,gen=0_member=11,6.06691,81,-999,16660.3,16660.3,1,-999
5,gen=3_member=320_pso,6.29508,82,-999,16579.3,16579.3,1,-999
5,gen=2_member=298_pso,7.42797,84,-999,16414.2,16414.2,1,-999
5,gen=4_member=444_pso,7.50469,85,-999,16330.2,16330.2,1,-999
5,gen=3_member=306_pso,8.61343,87,-999,16159.3,16159.3,1,-999
5,gen=0_member=15,9.08572,88,-999,16072.3,16072.3,1,-999
5,gen=2_member=279_pso,9.437,90,-999,15895.3,15895.3,1,-999
5,gen=0_member=84,9.85629,94,-999,15529.3,15529.3,1,-999
5,gen=2_member=207_pso,10.1261,95,-999,15435.3,15435.3,1,-999
5,gen=3_member=317_pso,10.2262,96,-999,15340.3,15340.3,1,-999
5,gen=4_member=461_pso,10.487,98,-999,15147.3,15147.3,1,-999
5,gen=3_member=302_pso,10.9934,100,-999,14950.3,14950.3,1,-999
5,gen=4_member=400_pso,11.0031,101,-999,14850.3,14850.3,1,-999
5,gen=3_member=300_pso,11.1082,102,-999,14749.3,14749.3,1,-999
5,gen=2_member=200_pso,11.2141,103,-999,14647.3,14647.3,1,-999
5,gen=3_member=358_pso,11.4561,104,-999,14544.3,14544.3,1,-999
5,gen=3_member=366_pso,12.0641,106,-999,14335.3,14335.3,1,-999
5,gen=4_member=447_pso,12.0836,107,-999,14229.3,14229.3,1,-999
5,gen=4_member=426_pso,12.5274,109,-999,14014.2,14014.2,1,-999
5,gen=4_member=430_pso,13.3158,111,-999,13795.2,13795.2,1,-999
5,gen=3_member=398_pso,13.4154,112,-999,13684.2,13684.2,1,-999
5,gen=4_member=483_pso,15.0697,113,-999,13572.2,13572.2,1,-999
5,gen=3_member=332_pso,15.3484,115,-999,13345.2,13345.2,1,-999
5,gen=1_member=126_pso,15.3884,116,-999,13230.2,13230.2,1,-999
5,gen=2_member=280_pso,15.7971,117,-999,13114.2,13114.2,1,-999
5,gen=4_member=482_pso,16.9698,121,-999,12640.2,12640.2,1,-999
5,gen=4_member=471_pso,17.1687,122,-999,12519.2,12519.2,1,-999
5,gen=0_member=19,17.7876,123,-999,12397.2,12397.2,1,-999
5,gen=0_member=50,18.5133,124,-999,12274.2,12274.2,1,-999
5,gen=4_member=419_pso,20.1251,126,-999,12025.2,12025.2,1,-999
5,gen=3_member=391_pso,21.0222,127,-999,11899.1,11899.1,1,-999
5,gen=4_member=493_pso,21.147,128,-999,11772.1,11772.1,1,-999
5,gen=0_member=25,21.6472,129,-999,11644.1,11644.1,1,-999
5,gen=1_member=109_pso,21.8938,130,-999,11515.1,11515.1,1,-999
5,gen=1_member=162_pso,22.1105,131,-999,11385.1,11385.1,1,-999
6,gen=6_member=600_pso,10.7951,129,-999,11515.3,11515.3,1,-999
6,gen=6_member=601_pso,38.367,155,-999,7810.07,7810.07,1,-999
6,gen=6_member=602_pso,54.5804,165,-999,6205.05,6205.05,1,-999
6,gen=6_member=603_pso,2.69803,69,-999,17554.4,17554.4,1,-999
6,gen=6_member=604_pso,7.26191,105,-999,14335.3,14335.3,1,-999
6,gen=6_member=605_pso,24.4447,145,-999,9315.09,9315.09,1,-999
6,gen=6_member=606_pso,49.7696,161,-999,6859.06,6859.06,1,-999
6,gen=6_member=607_pso,0.691317,28,-999,19522.4,19522.4,1,-999
6,gen=6_member=608_pso,158.086,176,-999,4147.01,4147.01,1,-999
6,gen=6_member=609_pso,12.7112,133,-999,10989.2,10989.2,1,-999
6,gen=6_member=610_pso,9.01605,114,-999,13345.3,13345.3,1,-999
6,gen=6_member=611_pso,0.23479,13,-999,19822.5,19822.5,1,-999
6,gen=6_member=612_pso,23.854,144,-999,9460.1,9460.1,1,-999
6,gen=6_member=613_pso,143.017,174,-999,4500.02,4500.02,1,-999
6,gen=6_member=614_pso,30.4197,149,-999,8725.08,8725.08,1,-999
6,gen=6_member=615_pso,66.4672,167,-999,5872.03,5872.03,1,-999
6,gen=6_member=616_pso,1.78115,50,-999,18675.4,18675.4,1,-999
6,gen=6_member=617_pso,502.682,189,-999,1564,1564,1,-999
6,gen=6_member=618_pso,161.536,177,-999,3969.01,3969.01,1,-999
6,gen=6_member=619_pso,9.59702,120,-999,12640.4,12640.4,1,-999
6,gen=6_member=620_pso,2.84412,70,-999,17485.4,17485.4,1,-999
6,gen=6_member=621_pso,20.0953,141,-999,9889.11,9889.11,1,-999
6,gen=6_member=622_pso,9.33655,117,-999,12997.3,12997.3,1,-999
6,gen=6_member=623_pso,40.1378,156,-999,7654.08,7654.08,1,-999
6,gen=6_member=624_pso,31.5765,150,-999,8575.08,8575.08,1,-999
6,gen=6_member=625_pso,5.48593,98,-999,15147.4,15147.4,1,-999
6,gen=6_member=626_pso,8.30893,111,-999,13684.3,13684.3,1,-999
6,gen=6_member=628_pso,114.051,171,-999,5194.02,5194.02,1,-999
6,gen=6_member=629_pso,3.23592,76,-999,17050.4,17050.4,1,-999
6,gen=6_member=630_pso,0.0979108,6,-999,19885.5,19885.5,1,-999
6,gen=6_member=631_pso,36.286,153,-999,8119.07,8119.07,1,-999
6,gen=6_member=632_pso,80.4031,169,-999,5535.03,5535.03,1,-999
6,gen=6_member=633_pso,20.1629,142,-999,9747.11,9747.11,1,-999
6,gen=6_member=634_pso,0.588677,25,-999,19600.4,19600.4,1,-999
6,gen=6_member=635_pso,8.84511,113,-999,13459.3,13459.3,1,-999
6,gen=6_member=636_pso,188.703,180,-999,3247.01,3247.01,1,-999
6,gen=6_member=637_pso,244.682,182,-999,2880.01,2880.01,1,-999
6,gen=6_member=638_pso,50.5823,163,-999,6534.06,6534.06,1,-999
6,gen=6_member=639_pso,0.620243,27,-999,19549.4,19549.4,1,-999
6,gen=6_member=640_pso,36.7192,154,-999,7965.07,7965.07,1,-999
6,gen=6_member=641_pso,13.3233,134,-999,10855.2,10855.2,1,-999
6,gen=6_member=642_pso,989.678,194,-999,594.001,594.001,1,-999
6,gen=6_member=643_pso,961.671,193,-999,790.001,790.001,1,-999
6,gen=6_member=644_pso,0.39823,21,-999,19690.5,19690.5,1,-999
6,gen=6_member=645_pso,1104.82,196,-999,199.001,199.001,1,-999
6,gen=6_member=646_pso,143.495,175,-999,4324.02,4324.02,1,-999
6,gen=6_member=647_pso,7.41524,107,-999,14122.3,14122.3,1,-999
6,gen=6_member=648_pso,15.6365,136,-999,10584.1,10584.1,1,-999
6,gen=6_member=649_pso,170.837,178,-999,3610.01,3610.01,1,-999
6,gen=6_member=650_pso,76.8226,168,-999,5704.03,5704.03,1,-999
6,gen=6_member=651_pso,792.112,190,-999,1372,1372,1,-999
6,gen=6_member=652_pso,64.0221,166,-999,6039.04,6039.04,1,-999
6,gen=6_member=653_pso,7.23344,103,-999,14544.3,14544.3,1,-999
6,gen=6_member=654_pso,926.57,192,-999,985.001,985.001,1,-999
6,gen=6_member=655_pso,17.0779,137,-999,10447.1,10447.1,1,-999
6,gen=6_member=656_pso,186.151,179,-999,3429.01,3429.01,1,-999
6,gen=6_member=657_pso,0.563153,24,-999,19624.4,19624.4,1,-999
6,gen=6_member=658_pso,34.8109,152,-999,8272.08,8272.08,1,-999
6,gen=6_member=659_pso,270.402,184,-999,2509.01,2509.01,1,-999
6,gen=6_member=660_pso,51.4539,164,-999,6370.06,6370.06,1,-999
6,gen=6_member=661_pso,28.2962,147,-999,9022.08,9022.08,1,-999
6,gen=6_member=663_pso,462.995,187,-999,1945,1945,1,-999
6,gen=6_member=664_pso,29.6933,148,-999,8874.09,8874.09,1,-999
6,gen=6_member=665_pso,0.877101,34,-999,19339.4,19339.4,1,-999
6,gen=6_member=666_pso,994.908,195,-999,397.001,397.001,1,-999
6,gen=6_member=667_pso,12.7067,132,-999,11122.2,11122.2,1,-999
6,gen=6_member=669_pso,0.313722,16,-999,19780.5,19780.5,1,-999
6,gen=6_member=670_pso,7.39065,106,-999,14229.3,14229.3,1,-999
6,gen=6_member=671_pso,17.9973,139,-999,10170.1,10170.1,1,-999
6,gen=6_member=672_pso,500.777,188,-999,1755,1755,1,-999
6,gen=6_member=673_pso,2.91269,71,-999,17415.4,17415.4,1,-999
6,gen=6_member=674_pso,50.4986,162,-999,6697.06,6697.06,1,-999
6,gen=6_member=675_pso,43.937,158,-999,7339.08,7339.08,1,-999
6,gen=6_member=676_pso,0.373999,20,-999,19710.5,19710.5,1,-999
6,gen=6_member=677_pso,285.215,186,-999,2134.01,2134.01,1,-999
6,gen=6_member=678_pso,22.9629,143,-999,9604.1,9604.1,1,-999
6,gen=6_member=679_pso,15.426,135,-999,10720.1,10720.1,1,-999
6,gen=6_member=680_pso,275.03,185,-999,2322.01,2322.01,1,-999
6,gen=6_member=681_pso,813.17,191,-999,1179,1179,1,-999
6,gen=6_member=682_pso,4.78477,89,-999,15984.4,15984.4,1,-999
6,gen=6_member=683_pso,120.711,173,-999,4849.02,4849.02,1,-999
6,gen=6_member=684_pso,17.3446,138,-999,10309.1,10309.1,1,-999
6,gen=6_member=685_pso,115.147,172,-999,5022.02,5022.02,1,-999
6,gen=6_member=686_pso,9.6203,121,-999,12519.4,12519.4,1,-999
6,gen=6_member=687_pso,45.9096,159,-999,7180.07,7180.07,1,-999
6,gen=6_member=688_pso,48.2101,160,-999,7020.06,7020.06,1,-999
6,gen=6_member=689_pso,268.369,183,-999,2695.01,2695.01,1,-999
6,gen=6_member=690_pso,41.7591,157,-999,7497.08,7497.08,1,-999
6,gen=6_member=691_pso,3.00659,74,-999,17199.4,17199.4,1,-999
6,gen=6_member=692_pso,1.98873,54,-999,18469.4,18469.4,1,-999
6,gen=6_member=693_pso,2519.31,197,-999,0.000443865,0.000443865,1,-999
6,gen=6_member=694_pso,33.0857,151,-999,8424.08,8424.08,1,-999
6,gen=6_member=695_pso,18.1139,140,-999,10030.1,10030.1,1,-999
6,gen=6_member=696_pso,101.709,170,-999,5365.02,5365.02,1,-999
6,gen=6_member=697_pso,26.9844,146,-999,9169.09,9169.09,1,-999
6,gen=6_member=698_pso,206.925,181,-999,3064.01,3064.01,1,-999
6,gen=6_member=699_pso,5.90737,99,-999,15049.3,15049.3,1,-999
6,gen=1_member=114_pso,0.0251893,1,-999,19900.4,19900.4,1,-999
6,gen=3_member=352_pso,0.0335051,2,-999,19899.4,19899.4,1,-999
6,gen=4_member=450_pso,0.0560049,3,-999,19897.5,19897.5,1,-999
6,gen=5_member=503_pso,0.0596551,4,-999,19894.5,19894.5,1,-999
6,gen=4_member=413_pso,0.0749515,5,-999,19890.5,19890.5,1,-999
6,gen=4_member=408_pso,0.126403,7,-999,19879.5,19879.5,1,-999
6,gen=1_member=103_pso,0.148361,8,-999,19872.5,19872.5,1,-999
6,gen=4_member=421_pso,0.157483,9,-999,19864.5,19864.5,1,-999
6,gen=4_member=494_pso,0.17677,10,-999,19855.5,19855.5,1,-999
6,gen=1_member=146_pso,0.197237,11,-999,19845.5,19845.5,1,-999
6,gen=4_member=499_pso,0.224983,12,-999,19834.5,19834.5,1,-999
6,gen=5_member=591_pso,0.24716,14,-999,19809.5,19809.5,1,-999
6,gen=5_member=533_pso,0.274673,15,-999,19795.5,19795.5,1,-999
6,gen=1_member=120_pso,0.320454,17,-999,19764.5,19764.5,1,-999
6,gen=5_member=544_pso,0.330493,18,-999,19747.5,19747.5,1,-999
6,gen=5_member=540_pso,0.335711,19,-999,19729.5,19729.5,1,-999
6,gen=3_member=393_pso,0.488046,22,-999,19669.5,19669.5,1,-999
6,gen=3_member=315_pso,0.53548,23,-999,19647.5,19647.5,1,-999
6,gen=3_member=380_pso,0.606611,26,-999,19575.4,19575.4,1,-999
6,gen=4_member=496_pso,0.704008,29,-999,19494.4,19494.4,1,-999
6,gen=4_member=478_pso,0.748689,30,-999,19465.4,19465.4,1,-999
6,gen=5_member=527_pso,0.759077,31,-999,19435.4,19435.4,1,-999
6,gen=3_member=351_pso,0.826883,32,-999,19404.4,19404.4,1,-999
6,gen=5_member=521_pso,0.84749,33,-999,19372.4,19372.4,1,-999
6,gen=1_member=194_pso,0.919669,35,-999,19305.4,19305.4,1,-999
6,gen=2_member=202_pso,1.06397,36,-999,19270.4,19270.4,1,-999
6,gen=2_member=223_pso,1.08776,37,-999,19234.4,19234.4,1,-999
6,gen=2_member=288_pso,1.18484,38,-999,19197.4,19197.4,1,-999
6,gen=4_member=411_pso,1.18597,39,-999,19159.4,19159.4,1,-999
6,gen=3_member=339_pso,1.20276,40,-999,19120.4,19120.4,1,-999
6,gen=5_member=508_pso,1.23118,41,-999,19080.4,19080.4,1,-999
6,gen=1_member=183_pso,1.29611,42,-999,19039.4,19039.4,1,-999
6,gen=2_member=262_pso,1.46813,43,-999,18997.4,18997.4,1,-999
6,gen=3_member=345_pso,1.47312,44,-999,18954.4,18954.4,1,-999
6,gen=2_member=260_pso,1.48491,45,-999,18910.4,18910.4,1,-999
6,gen=3_member=360_pso,1.60877,46,-999,18865.4,18865.4,1,-999
6,gen=3_member=305_pso,1.61815,47,-999,18819.4,18819.4,1,-999
6,gen=2_member=210_pso,1.63202,48,-999,18772.4,18772.4,1,-999
6,gen=4_member=491_pso,1.75153,49,-999,18724.4,18724.4,1,-999
6,gen=3_member=382_pso,1.80781,51,-999,18625.4,18625.4,1,-999
6,gen=4_member=403_pso,1.87149,52,-999,18574.4,18574.4,1,-999
6,gen=4_member=498_pso,1.87784,53,-999,18522.4,18522.4,1,-999
6,gen=2_member=258_pso,1.99945,55,-999,18415.4,18415.4,1,-999
6,gen=1_member=174_pso,2.00886,56,-999,18360.4,18360.4,1,-999
6,gen=4_member=443_pso,2.04744,57,-999,18304.4,18304.4,1,-999
6,gen=0_member=66,2.07701,58,-999,18247.4,18247.4,1,-999
6,gen=5_member=541_pso,2.16047,59,-999,18189.4,18189.4,1,-999
6,gen=2_member=291_pso,2.17463,60,-999,18130.4,18130.4,1,-999
6,gen=0_member=36,2.27791,61,-999,18070.4,18070.4,1,-999
6,gen=1_member=130_pso,2.39509,62,-999,18009.4,18009.4,1,-999
6,gen=4_member=416_pso,2.43323,63,-999,17947.4,17947.4,1,-999
6,gen=4_member=475_pso,2.49191,64,-999,17884.4,17884.4,1,-999
6,gen=1_member=102_pso,2.53304,65,-999,17820.4,17820.4,1,-999
6,gen=5_member=522_pso,2.62892,66,-999,17755.4,17755.4,1,-999
6,gen=5_member=583_pso,2.63407,67,-999,17689.4,17689.4,1,-999
6,gen=4_member=418_pso,2.66327,68,-999,17622.4,17622.4,1,-999
6,gen=4_member=454_pso,2.92032,72,-999,17344.4,17344.4,1,-999
6,gen=5_member=556_pso,2.9413,73,-999,17272.4,17272.4,1,-999
6,gen=4_member=486_pso,3.22065,75,-999,17125.4,17125.4,1,-999
6,gen=1_member=122_pso,3.31536,77,-999,16974.4,16974.4,1,-999
6,gen=4_member=487_pso,3.48995,78,-999,16897.4,16897.4,1,-999
6,gen=1_member=113_pso,3.64239,79,-999,16819.4,16819.4,1,-999
6,gen=4_member=425_pso,3.76044,80,-999,16740.4,16740.4,1,-999
6,gen=2_member=212_pso,3.85388,81,-999,16660.4,16660.4,1,-999
6,gen=5_member=586_pso,3.85687,82,-999,16579.4,16579.4,1,-999
6,gen=3_member=308_pso,3.92695,83,-999,16497.3,16497.3,1,-999
6,gen=0_member=34,4.16157,84,-999,16414.4,16414.4,1,-999
6,gen=4_member=458_pso,4.22377,85,-999,16330.4,16330.4,1,-999
6,gen=3_member=363_pso,4.23211,86,-999,16245.4,16245.4,1,-999
6,gen=4_member=435_pso,4.31187,87,-999,16159.4,16159.4,1,-999
6,gen=3_member=362_pso,4.65692,88,-999,16072.4,16072.4,1,-999
6,gen=0_member=78,4.7992,90,-999,15895.4,15895.4,1,-999
6,gen=4_member=409_pso,4.91963,91,-999,15805.4,15805.4,1,-999
6,gen=5_member=568_pso,5.00761,92,-999,15714.4,15714.4,1,-999
6,gen=5_member=506_pso,5.105,93,-999,15622.3,15622.3,1,-999
6,gen=2_member=222_pso,5.15855,94,-999,15529.3,15529.3,1,-999
6,gen=0_member=39,5.40635,95,-999,15435.3,15435.3,1,-999
6,gen=2_member=275_pso,5.43873,96,-999,15340.4,15340.4,1,-999
6,gen=4_member=465_pso,5.44882,97,-999,15244.4,15244.4,1,-999
6,gen=3_member=371_pso,6.00581,100,-999,14950.3,14950.3,1,-999
6,gen=0_member=11,6.06691,101,-999,14850.3,14850.3,1,-999
6,gen=3_member=320_pso,6.29508,102,-999,14749.3,14749.3,1,-999
6,gen=5_member=515_pso,7.24964,104,-999,14440.3,14440.3,1,-999
6,gen=2_member=298_pso,7.42797,108,-999,14014.3,14014.3,1,-999
6,gen=4_member=444_pso,7.50469,109,-999,13905.3,13905.3,1,-999
6,gen=5_member=574_pso,7.73955,110,-999,13795.3,13795.3,1,-999
6,gen=3_member=306_pso,8.61343,112,-999,13572.3,13572.3,1,-999
6,gen=0_member=15,9.08572,115,-999,13230.3,13230.3,1,-999
6,gen=5_member=595_pso,9.29071,116,-999,13114.3,13114.3,1,-999
6,gen=2_member=279_pso,9.437,118,-999,12879.4,12879.4,1,-999
6,gen=5_member=519_pso,9.44002,119,-999,12760.4,12760.4,1,-999
6,gen=5_member=575_pso,9.62856,122,-999,12397.4,12397.4,1,-999
6,gen=5_member=504_pso,9.67229,123,-999,12274.4,12274.4,1,-999
6,gen=0_member=84,9.85629,124,-999,12150.4,12150.4,1,-999
6,gen=2_member=207_pso,10.1261,125,-999,12025.4,12025.4,1,-999
6,gen=3_member=317_pso,10.2262,126,-999,11899.3,11899.3,1,-999
6,gen=5_member=512_pso,10.3527,127,-999,11772.3,11772.3,1,-999
6,gen=4_member=461_pso,10.487,128,-999,11644.3,11644.3,1,-999
6,gen=5_member=500_pso,10.8987,130,-999,11385.3,11385.3,1,-999
6,gen=3_member=302_pso,10.9934,131,-999,11254.3,11254.3,1,-999
7,gen=7_member=700_pso,10.6923,129,-999,11644.2,11644.2,1,-999
7,gen=7_member=701_pso,50.4396,158,-999,7497.04,7497.04,1,-999
7,gen=7_member=702_pso,77.9358,162,-999,6859.02,6859.02,1,-999
7,gen=7_member=703_pso,1.44462,54,-999,18469.4,18469.4,1,-999
7,gen=7_member=704_pso,48.8188,157,-999,7654.04,7654.04,1,-999
7,gen=7_member=705_pso,772.975,194,-999,985.002,985.002,1,-999
7,gen=7_member=706_pso,33.8597,151,-999,8575.06,8575.06,1,-999
7,gen=7_member=707_pso,1945.75,199,-999,0.000678707,0.000678707,1,-999
7,gen=7_member=708_pso,7.78304,126,-999,12025.2,12025.2,1,-999
7,gen=7_member=709_pso,222.894,174,-999,4849.01,4849.01,1,-999
7,gen=7_member=710_pso,4.7298,104,-999,14544.4,14544.4,1,-999
7,gen=7_member=711_pso,5.66571,118,-999,12997.4,12997.4,1,-999
7,gen=7_member=712_pso,10.7373,130,-999,11515.1,11515.1,1,-999
7,gen=7_member=713_pso,38.2473,154,-999,8119.06,8119.06,1,-999
7,gen=7_member=714_pso,16.849,139,-999,10309.1,10309.1,1,-999
7,gen=7_member=715_pso,3.09318,88,-999,16072.4,16072.4,1,-999
7,gen=7_member=716_pso,103.442,164,-999,6534.02,6534.02,1,-999
7,gen=7_member=717_pso,12.0469,133,-999,11122.1,11122.1,1,-999
7,gen=7_member=718_pso,656.434,192,-999,1372,1372,1,-999
7,gen=7_member=719_pso,612.798,190,-999,1755,1755,1,-999
7,gen=7_member=720_pso,478.268,186,-999,2509,2509,1,-999
7,gen=7_member=721_pso,24.2282,145,-999,9460.09,9460.09,1,-999
7,gen=7_member=722_pso,255.376,180,-999,3790.01,3790.01,1,-999
7,gen=7_member=723_pso,0.034814,5,-999,19890.5,19890.5,1,-999
7,gen=7_member=724_pso,0.10911,11,-999,19845.5,19845.5,1,-999
7,gen=7_member=725_pso,234.311,177,-999,4324.01,4324.01,1,-999
7,gen=7_member=726_pso,0.122733,13,-999,19822.5,19822.5,1,-999
7,gen=7_member=727_pso,568.667,189,-999,1945,1945,1,-999
7,gen=7_member=728_pso,15.527,137,-999,10584.1,10584.1,1,-999
7,gen=7_member=729_pso,0.910524,44,-999,18954.4,18954.4,1,-999
7,gen=7_member=730_pso,6.81113,124,-999,12274.3,12274.3,1,-999
7,gen=7_member=731_pso,11.0022,131,-999,11385.1,11385.1,1,-999
7,gen=7_member=732_pso,0.0196801,2,-999,19899.5,19899.5,1,-999
7,gen=7_member=733_pso,1.18605,50,-999,18675.4,18675.4,1,-999
7,gen=7_member=734_pso,33.9459,152,-999,8424.06,8424.06,1,-999
7,gen=7_member=735_pso,6.03567,122,-999,12519.3,12519.3,1,-999
7,gen=7_member=736_pso,0.117654,12,-999,19834.5,19834.5,1,-999
7,gen=7_member=737_pso,20.2646,142,-999,9889.1,9889.1,1,-999
7,gen=7_member=738_pso,12.7474,136,-999,10720.1,10720.1,1,-999
7,gen=7_member=739_pso,9.32246,127,-999,11899.2,11899.2,1,-999
7,gen=7_member=740_pso,6.1035,123,-999,12397.3,12397.3,1,-999
7,gen=7_member=741_pso,235.201,178,-999,4147.01,4147.01,1,-999
7,gen=7_member=742_pso,26.8078,148,-999,9022.08,9022.08,1,-999
7,gen=7_member=743_pso,24.3088,146,-999,9315.09,9315.09,1,-999
7,gen=7_member=744_pso,158.521,170,-999,5535.01,5535.01,1,-999
7,gen=7_member=745_pso,64.5859,159,-999,7339.03,7339.03,1,-999
7,gen=7_member=746_pso,123.724,167,-999,6039.01,6039.01,1,-999
7,gen=7_member=747_pso,486.206,188,-999,2134,2134,1,-999
7,gen=7_member=748_pso,445.181,183,-999,3064,3064,1,-999
7,gen=7_member=749_pso,0.0639323,8,-999,19872.5,19872.5,1,-999
7,gen=7_member=750_pso,226.463,175,-999,4675.01,4675.01,1,-999
7,gen=7_member=751_pso,16.27,138,-999,10447.1,10447.1,1,-999
7,gen=7_member=752_pso,21.9107,143,-999,9747.09,9747.09,1,-999
7,gen=7_member=753_pso,9.8975,128,-999,11772.2,11772.2,1,-999
7,gen=7_member=754_pso,917.108,196,-999,594.002,594.002,1,-999
7,gen=7_member=755_pso,1385.5,198,-999,199.001,199.001,1,-999
7,gen=7_member=756_pso,125.406,168,-999,5872.01,5872.01,1,-999
7,gen=7_member=757_pso,845.945,195,-999,790.002,790.002,1,-999
7,gen=7_member=758_pso,5.16926,112,-999,13684.4,13684.4,1,-999
7,gen=7_member=759_pso,30.9334,149,-999,8874.07,8874.07,1,-999
7,gen=7_member=760_pso,22.5863,144,-999,9604.08,9604.08,1,-999
7,gen=7_member=761_pso,126.605,169,-999,5704.01,5704.01,1,-999
7,gen=7_member=762_pso,12.3666,135,-999,10855.2,10855.2,1,-999
7,gen=7_member=763_pso,653.986,191,-999,1564,1564,1,-999
7,gen=7_member=764_pso,0.639562,35,-999,19305.4,19305.4,1,-999
7,gen=7_member=765_pso,192.712,172,-999,5194.01,5194.01,1,-999
7,gen=7_member=766_pso,105.032,165,-999,6370.02,6370.02,1,-999
7,gen=7_member=767_pso,12.1108,134,-999,10989.1,10989.1,1,-999
7,gen=7_member=768_pso,4.23428,101,-999,14850.4,14850.4,1,-999
7,gen=7_member=769_pso,0.658777,36,-999,19270.5,19270.5,1,-999
7,gen=7_member=770_pso,39.2774,155,-999,7965.05,7965.05,1,-999
7,gen=7_member=771_pso,230.697,176,-999,4500.01,4500.01,1,-999
7,gen=7_member=772_pso,0.00629133,1,-999,19900.5,19900.5,1,-999
7,gen=7_member=773_pso,25.6227,147,-999,9169.09,9169.09,1,-999
7,gen=7_member=774_pso,18.3653,141,-999,10030.1,10030.1,1,-999
7,gen=7_member=775_pso,112.957,166,-999,6205.02,6205.02,1,-999
7,gen=7_member=776_pso,472.752,184,-999,2880,2880,1,-999
7,gen=7_member=777_pso,32.6872,150,-999,8725.06,8725.06,1,-999
7,gen=7_member=778_pso,728.955,193,-999,1179,1179,1,-999
7,gen=7_member=779_pso,35.6616,153,-999,8272.06,8272.06,1,-999
7,gen=7_member=780_pso,474.357,185,-999,2695,2695,1,-999
7,gen=7_member=781_pso,5.15847,110,-999,13905.4,13905.4,1,-999
7,gen=7_member=782_pso,17.5451,140,-999,10170.1,10170.1,1,-999
7,gen=7_member=783_pso,197.974,173,-999,5022.01,5022.01,1,-999
7,gen=7_member=784_pso,1182.2,197,-999,397.001,397.001,1,-999
7,gen=7_member=786_pso,7.75757,125,-999,12150.2,12150.2,1,-999
7,gen=7_member=787_pso,11.1495,132,-999,11254.1,11254.1,1,-999
7,gen=7_member=788_pso,5.17046,113,-999,13572.4,13572.4,1,-999
7,gen=7_member=789_pso,46.7101,156,-999,7810.04,7810.04,1,-999
7,gen=7_member=790_pso,262.487,181,-999,3610.01,3610.01,1,-999
7,gen=7_member=791_pso,1.87306,65,-999,17820.4,17820.4,1,-999
7,gen=7_member=792_pso,5.88109,119,-999,12879.4,12879.4,1,-999
7,gen=7_member=793_pso,483.168,187,-999,2322,2322,1,-999
7,gen=7_member=794_pso,66.2037,160,-999,7180.03,7180.03,1,-999
7,gen=7_member=795_pso,348.761,182,-999,3247.01,3247.01,1,-999
7,gen=7_member=796_pso,99.9921,163,-999,6697.02,6697.02,1,-999
7,gen=7_member=797_pso,159.527,171,-999,5365.01,5365.01,1,-999
7,gen=7_member=798_pso,245.382,179,-999,3969.01,3969.01,1,-999
7,gen=7_member=799_pso,68.3932,161,-999,7020.03,7020.03,1,-999
7,gen=1_member=114_pso,0.0251893,3,-999,19897.5,19897.5,1,-999
7,gen=3_member=352_pso,0.0335051,4,-999,19894.5,19894.5,1,-999
7,gen=4_member=450_pso,0.0560049,6,-999,19885.5,19885.5,1,-999
7,gen=5_member=503_pso,0.0596551,7,-999,19879.5,19879.5,1,-999
7,gen=4_member=413_pso,0.0749515,9,-999,19864.5,19864.5,1,-999
7,gen=6_member=630_pso,0.0979108,10,-999,19855.5,19855.5,1,-999
7,gen=4_member=408_pso,0.126403,14,-999,19809.5,19809.5,1,-999
7,gen=1_member=103_pso,0.148361,15,-999,19795.5,19795.5,1,-999
7,gen=4_member=421_pso,0.157483,16,-999,19780.5,19780.5,1,-999
7,gen=4_member=494_pso,0.17677,17,-999,19764.5,19764.5,1,-999
7,gen=1_member=146_pso,0.197237,18,-999,19747.5,19747.5,1,-999
7,gen=4_member=499_pso,0.224983,19,-999,19729.5,19729.5,1,-999
7,gen=6_member=611_pso,0.23479,20,-999,19710.5,19710.5,1,-999
7,gen=5_member=591_pso,0.24716,21,-999,19690.5,19690.5,1,-999
7,gen=5_member=533_pso,0.274673,22,-999,19669.5,19669.5,1,-999
7,gen=6_member=669_pso,0.313722,23,-999,19647.5,19647.5,1,-999
7,gen=1_member=120_pso,0.320454,24,-999,19624.5,19624.5,1,-999
7,gen=5_member=544_pso,0.330493,25,-999,19600.5,19600.5,1,-999
7,gen=5_member=540_pso,0.335711,26,-999,19575.5,19575.5,1,-999
7,gen=6_member=676_pso,0.373999,27,-999,19549.5,19549.5,1,-999
7,gen=6_member=644_pso,0.39823,28,-999,19522.5,19522.5,1,-999
7,gen=3_member=393_pso,0.488046,29,-999,19494.5,19494.5,1,-999
7,gen=3_member=315_pso,0.53548,30,-999,19465.5,19465.5,1,-999
7,gen=6_member=657_pso,0.563153,31,-999,19435.4,19435.4,1,-999
7,gen=6_member=634_pso,0.588677,32,-999,19404.4,19404.4,1,-999
7,gen=3_member=380_pso,0.606611,33,-999,19372.4,19372.4,1,-999
7,gen=6_member=639_pso,0.620243,34,-999,19339.4,19339.4,1,-999
7,gen=6_member=607_pso,0.691317,37,-999,19234.5,19234.5,1,-999
7,gen=4_member=496_pso,0.704008,38,-999,19197.5,19197.5,1,-999
7,gen=4_member=478_pso,0.748689,39,-999,19159.5,19159.5,1,-999
7,gen=5_member=527_pso,0.759077,40,-999,19120.5,19120.5,1,-999
7,gen=3_member=351_pso,0.826883,41,-999,19080.4,19080.4,1,-999
7,gen=5_member=521_pso,0.84749,42,-999,19039.4,19039.4,1,-999
7,gen=6_member=665_pso,0.877101,43,-999,18997.4,18997.4,1,-999
7,gen=1_member=194_pso,0.919669,45,-999,18910.4,18910.4,1,-999
7,gen=2_member=202_pso,1.06397,46,-999,18865.4,18865.4,1,-999
7,gen=2_member=223_pso,1.08776,47,-999,18819.4,18819.4,1,-999
7,gen=2_member=288_pso,1.18484,48,-999,18772.4,18772.4,1,-999
7,gen=4_member=411_pso,1.18597,49,-999,18724.4,18724.4,1,-999
7,gen=3_member=339_pso,1.20276,51,-999,18625.4,18625.4,1,-999
7,gen=5_member=508_pso,1.23118,52,-999,18574.4,18574.4,1,-999
7,gen=1_member=183_pso,1.29611,53,-999,18522.4,18522.4,1,-999
7,gen=2_member=262_pso,1.46813,55,-999,18415.4,18415.4,1,-999
7,gen=3_member=345_pso,1.47312,56,-999,18360.4,18360.4,1,-999
7,gen=2_member=260_pso,1.48491,57,-999,18304.4,18304.4,1,-999
7,gen=3_member=360_pso,1.60877,58,-999,18247.4,18247.4,1,-999
7,gen=3_member=305_pso,1.61815,59,-999,18189.4,18189.4,1,-999
7,gen=2_member=210_pso,1.63202,60,-999,18130.4,18130.4,1,-999
7,gen=4_member=491_pso,1.75153,61,-999,18070.4,18070.4,1,-999
7,gen=6_member=616_pso,1.78115,62,-999,18009.4,18009.4,1,-999
7,gen=3_member=382_pso,1.80781,63,-999,17947.4,17947.4,1,-999
7,gen=4_member=403_pso,1.87149,64,-999,17884.4,17884.4,1,-999
7,gen=4_member=498_pso,1.87784,66,-999,17755.4,17755.4,1,-999
7,gen=6_member=692_pso,1.98873,67,-999,17689.4,17689.4,1,-999
7,gen=2_member=258_pso,1.99945,68,-999,17622.4,17622.4,1,-999
7,gen=1_member=174_pso,2.00886,69,-999,17554.4,17554.4,1,-999
7,gen=4_member=443_pso,2.04744,70,-999,17485.4,17485.4,1,-999
7,gen=0_member=66,2.07701,71,-999,17415.4,17415.4,1,-999
7,gen=5_member=541_pso,2.16047,72,-999,17344.4,17344.4,1,-999
7,gen=2_member=291_pso,2.17463,73,-999,17272.4,17272.4,1,-999
7,gen=0_member=36,2.27791,74,-999,17199.4,17199.4,1,-999
7,gen=1_member=130_pso,2.39509,75,-999,17125.4,17125.4,1,-999
7,gen=4_member=416_pso,2.43323,76,-999,17050.4,17050.4,1,-999
7,gen=4_member=475_pso,2.49191,77,-999,16974.4,16974.4,1,-999
7,gen=1_member=102_pso,2.53304,78,-999,16897.4,16897.4,1,-999
7,gen=5_member=522_pso,2.62892,79,-999,16819.4,16819.4,1,-999
7,gen=5_member=583_pso,2.63407,80,-999,16740.4,16740.4,1,-999
7,gen=4_member=418_pso,2.66327,81,-999,16660.4,16660.4,1,-999
7,gen=6_member=603_pso,2.69803,82,-999,16579.4,16579.4,1,-999
7,gen=6_member=620_pso,2.84412,83,-999,16497.4,16497.4,1,-999
7,gen=6_member=673_pso,2.91269,84,-999,16414.4,16414.4,1,-999
7,gen=4_member=454_pso,2.92032,85,-999,16330.4,16330.4,1,-999
7,gen=5_member=556_pso,2.9413,86,-999,16245.4,16245.4,1,-999
7,gen=6_member=691_pso,3.00659,87,-999,16159.4,16159.4,1,-999
7,gen=4_member=486_pso,3.22065,89,-999,15984.4,15984.4,1,-999
7,gen=6_member=629_pso,3.23592,90,-999,15895.4,15895.4,1,-999
7,gen=1_member=122_pso,3.31536,91,-999,15805.4,15805.4,1,-999
7,gen=4_member=487_pso,3.48995,92,-999,15714.4,15714.4,1,-999
7,gen=1_member=113_pso,3.64239,93,-999,15622.4,15622.4,1,-999
7,gen=4_member=425_pso,3.76044,94,-999,15529.4,15529.4,1,-999
7,gen=2_member=212_pso,3.85388,95,-999,15435.4,15435.4,1,-999
7,gen=5_member=586_pso,3.85687,96,-999,15340.4,15340.4,1,-999
7,gen=3_member=308_pso,3.92695,97,-999,15244.4,15244.4,1,-999
7,gen=0_member=34,4.16157,98,-999,15147.4,15147.4,1,-999
7,gen=4_member=458_pso,4.22377,99,-999,15049.4,15049.4,1,-999
7,gen=3_member=363_pso,4.23211,100,-999,14950.4,14950.4,1,-999
7,gen=4_member=435_pso,4.31187,102,-999,14749.4,14749.4,1,-999
7,gen=3_member=362_pso,4.65692,103,-999,14647.4,14647.4,1,-999
7,gen=6_member=682_pso,4.78477,105,-999,14440.4,14440.4,1,-999
7,gen=0_member=78,4.7992,106,-999,14335.4,14335.4,1,-999
7,gen=4_member=409_pso,4.91963,107,-999,14229.4,14229.4,1,-999
7,gen=5_member=568_pso,5.00761,108,-999,14122.4,14122.4,1,-999
7,gen=5_member=506_pso,5.105,109,-999,14014.4,14014.4,1,-999
7,gen=2_member=222_pso,5.15855,111,-999,13795.4,13795.4,1,-999
7,gen=0_member=39,5.40635,114,-999,13459.4,13459.4,1,-999
7,gen=2_member=275_pso,5.43873,115,-999,13345.4,13345.4,1,-999
7,gen=4_member=465_pso,5.44882,116,-999,13230.4,13230.4,1,-999
7,gen=6_member=625_pso,5.48593,117,-999,13114.4,13114.4,1,-999
7,gen=6_member=699_pso,5.90737,120,-999,12760.4,12760.4,1,-999
7,gen=3_member=371_pso,6.00581,121,-999,12640.4,12640.4,1,-999
8,gen=8_member=800_pso,1.43584,72,-999,17344.4,17344.4,1,-999
8,gen=8_member=801_pso,1.93627,89,-999,15984.4,15984.4,1,-999
8,gen=8_member=802_pso,4.45537,127,-999,11899.3,11899.3,1,-999
8,gen=8_member=803_pso,30.5041,158,-999,7497.06,7497.06,1,-999
8,gen=8_member=804_pso,0.130494,18,-999,19747.5,19747.5,1,-999
8,gen=8_member=805_pso,95.3222,174,-999,4500.02,4500.02,1,-999
8,gen=8_member=806_pso,3.18643,114,-999,13459.4,13459.4,1,-999
8,gen=8_member=807_pso,9.80624,137,-999,10584.2,10584.2,1,-999
8,gen=8_member=808_pso,102.351,176,-999,4147.02,4147.02,1,-999
8,gen=8_member=809_pso,395.111,186,-999,2134,2134,1,-999
8,gen=8_member=810_pso,1.59818,77,-999,16974.4,16974.4,1,-999
8,gen=8_member=811_pso,27.4279,155,-999,7965.07,7965.07,1,-999
8,gen=8_member=812_pso,0.035259,6,-999,19885.5,19885.5,1,-999
8,gen=8_member=813_pso,14.4512,144,-999,9604.12,9604.12,1,-999
8,gen=8_member=814_pso,2076.31,197,-999,0.000536186,0.000536186,1,-999
8,gen=8_member=815_pso,15.8292,147,-999,9169.12,9169.12,1,-999
8,gen=8_member=816_pso,45.2198,162,-999,6859.05,6859.05,1,-999
8,gen=8_member=817_pso,1.03976,62,-999,18009.5,18009.5,1,-999
8,gen=8_member=818_pso,7.21118,134,-999,10989.2,10989.2,1,-999
8,gen=8_member=819_pso,10.0354,138,-999,10447.2,10447.2,1,-999
8,gen=8_member=820_pso,94.6773,173,-999,4675.02,4675.02,1,-999
8,gen=8_member=821_pso,0.150156,20,-999,19710.5,19710.5,1,-999
8,gen=8_member=822_pso,0.490036,41,-999,19080.5,19080.5,1,-999
8,gen=8_member=823_pso,192.666,182,-999,2880.01,2880.01,1,-999
8,gen=8_member=824_pso,4.49918,128,-999,11772.3,11772.3,1,-999
8,gen=8_member=825_pso,21.8756,151,-999,8575.09,8575.09,1,-999
8,gen=8_member=826_pso,178.184,180,-999,3247.01,3247.01,1,-999
8,gen=8_member=827_pso,472.045,187,-999,1945,1945,1,-999
8,gen=8_member=828_pso,13.1091,143,-999,9747.12,9747.12,1,-999
8,gen=8_member=829_pso,80.6289,171,-999,5022.03,5022.03,1,-999
8,gen=8_member=830_pso,0.747394,52,-999,18574.5,18574.5,1,-999
8,gen=8_member=831_pso,72.1798,169,-999,5365.03,5365.03,1,-999
8,gen=8_member=832_pso,192.432,181,-999,3064.01,3064.01,1,-999
8,gen=8_member=833_pso,0.431103,38,-999,19197.5,19197.5,1,-999
8,gen=8_member=834_pso,689.454,192,-999,985.002,985.002,1,-999
8,gen=8_member=835_pso,0.40423,36,-999,19270.5,19270.5,1,-999
8,gen=8_member=836_pso,2.30804,98,-999,15147.4,15147.4,1,-999
8,gen=8_member=837_pso,21.7247,150,-999,8725.09,8725.09,1,-999
8,gen=8_member=838_pso,27.4977,156,-999,7810.07,7810.07,1,-999
8,gen=8_member=839_pso,28.7706,157,-999,7654.07,7654.07,1,-999
8,gen=8_member=840_pso,0.0753158,12,-999,19834.5,19834.5,1,-999
8,gen=8_member=841_pso,9.75245,136,-999,10720.2,10720.2,1,-999
8,gen=8_member=842_pso,110.066,177,-999,3969.02,3969.02,1,-999
8,gen=8_member=843_pso,65.046,167,-999,6039.03,6039.03,1,-999
8,gen=8_member=844_pso,1087.17,194,-999,594.001,594.001,1,-999
8,gen=8_member=845_pso,67.7202,168,-999,5704.03,5704.03,1,-999
8,gen=8_member=846_pso,0.19139,24,-999,19624.5,19624.5,1,-999
8,gen=8_member=847_pso,1.87844,88,-999,16072.4,16072.4,1,-999
8,gen=8_member=848_pso,20.2213,148,-999,9022.11,9022.11,1,-999
8,gen=8_member=849_pso,34.959,159,-999,7339.06,7339.06,1,-999
8,gen=8_member=850_pso,1.00871,61,-999,18070.5,18070.5,1,-999
8,gen=8_member=851_pso,6.26873,132,-999,11254.2,11254.2,1,-999
8,gen=8_member=852_pso,54.215,165,-999,6370.04,6370.04,1,-999
8,gen=8_member=853_pso,26.5447,153,-999,8272.08,8272.08,1,-999
8,gen=8_member=854_pso,20.8595,149,-999,8874.1,8874.1,1,-999
8,gen=8_member=855_pso,13.0145,142,-999,9889.12,9889.12,1,-999
8,gen=8_member=856_pso,12.3471,141,-999,10030.1,10030.1,1,-999
8,gen=8_member=857_pso,0.416629,37,-999,19234.5,19234.5,1,-999
8,gen=8_member=858_pso,163.236,178,-999,3610.01,3610.01,1,-999
8,gen=8_member=859_pso,57.4417,166,-999,6205.04,6205.04,1,-999
8,gen=8_member=860_pso,79.9667,170,-999,5194.03,5194.03,1,-999
8,gen=8_member=861_pso,0.0675721,10,-999,19855.5,19855.5,1,-999
8,gen=8_member=862_pso,273.032,184,-999,2509.01,2509.01,1,-999
8,gen=8_member=863_pso,36.8782,161,-999,7020.06,7020.06,1,-999
8,gen=8_member=864_pso,45.7212,163,-999,6697.05,6697.05,1,-999
8,gen=8_member=865_pso,6.54379,133,-999,11122.2,11122.2,1,-999
8,gen=8_member=866_pso,5.56972,130,-999,11515.3,11515.3,1,-999
8,gen=8_member=867_pso,660.229,191,-999,1179,1179,1,-999
8,gen=8_member=868_pso,1551.78,196,-999,199.001,199.001,1,-999
8,gen=8_member=869_pso,35.958,160,-999,7180.06,7180.06,1,-999
8,gen=8_member=870_pso,49.0461,164,-999,6534.04,6534.04,1,-999
8,gen=8_member=871_pso,5.54504,129,-999,11644.3,11644.3,1,-999
8,gen=8_member=873_pso,363.594,185,-999,2322,2322,1,-999
8,gen=8_member=874_pso,593.866,189,-999,1564,1564,1,-999
8,gen=8_member=875_pso,11.9093,140,-999,10170.1,10170.1,1,-999
8,gen=8_member=876_pso,1368.59,195,-999,397.001,397.001,1,-999
8,gen=8_member=877_pso,0.187189,23,-999,19647.5,19647.5,1,-999
8,gen=8_member=878_pso,1.62148,80,-999,16740.4,16740.4,1,-999
8,gen=8_member=880_pso,0.795017,55,-999,18415.5,18415.5,1,-999
8,gen=8_member=881_pso,1.06959,64,-999,17884.4,17884.4,1,-999
8,gen=8_member=882_pso,0.636119,47,-999,18819.5,18819.5,1,-999
8,gen=8_member=883_pso,213.283,183,-999,2695.01,2695.01,1,-999
8,gen=8_member=884_pso,11.2712,139,-999,10309.1,10309.1,1,-999
8,gen=8_member=885_pso,0.453105,39,-999,19159.5,19159.5,1,-999
8,gen=8_member=886_pso,3.00986,112,-999,13684.4,13684.4,1,-999
8,gen=8_member=887_pso,6.00384,131,-999,11385.2,11385.2,1,-999
8,gen=8_member=888_pso,15.5733,146,-999,9315.13,9315.13,1,-999
8,gen=8_member=889_pso,26.847,154,-999,8119.08,8119.08,1,-999
8,gen=8_member=890_pso,584.798,188,-999,1755,1755,1,-999
8,gen=8_member=891_pso,15.2836,145,-999,9460.13,9460.13,1,-999
8,gen=8_member=892_pso,81.6794,172,-999,4849.03,4849.03,1,-999
8,gen=8_member=893_pso,173.172,179,-999,3429.01,3429.01,1,-999
8,gen=8_member=894_pso,648.351,190,-999,1372,1372,1,-999
8,gen=8_member=895_pso,9.74208,135,-999,10855.2,10855.2,1,-999
8,gen=8_member=896_pso,25.8753,152,-999,8424.08,8424.08,1,-999
8,gen=8_member=897_pso,99.6654,175,-999,4324.02,4324.02,1,-999
8,gen=8_member=898_pso,998.636,193,-999,790.001,790.001,1,-999
8,gen=7_member=772_pso,0.00629133,1,-999,19900.5,19900.5,1,-999
8,gen=7_member=732_pso,0.0196801,2,-999,19899.5,19899.5,1,-999
8,gen=1_member=114_pso,0.0251893,3,-999,19897.5,19897.5,1,-999
8,gen=3_member=352_pso,0.0335051,4,-999,19894.5,19894.5,1,-999
8,gen=7_member=723_pso,0.034814,5,-999,19890.5,19890.5,1,-999
8,gen=4_member=450_pso,0.0560049,7,-999,19879.5,19879.5,1,-999
8,gen=5_member=503_pso,0.0596551,8,-999,19872.5,19872.5,1,-999
8,gen=7_member=749_pso,0.0639323,9,-999,19864.5,19864.5,1,-999
8,gen=4_member=413_pso,0.0749515,11,-999,19845.5,19845.5,1,-999
8,gen=6_member=630_pso,0.0979108,13,-999,19822.5,19822.5,1,-999
8,gen=7_member=724_pso,0.10911,14,-999,19809.5,19809.5,1,-999
8,gen=7_member=736_pso,0.117654,15,-999,19795.5,19795.5,1,-999
8,gen=7_member=726_pso,0.122733,16,-999,19780.5,19780.5,1,-999
8,gen=4_member=408_pso,0.126403,17,-999,19764.5,19764.5,1,-999
8,gen=1_member=103_pso,0.148361,19,-999,19729.5,19729.5,1,-999
8,gen=4_member=421_pso,0.157483,21,-999,19690.5,19690.5,1,-999
8,gen=4_member=494_pso,0.17677,22,-999,19669.5,19669.5,1,-999
8,gen=1_member=146_pso,0.197237,25,-999,19600.5,19600.5,1,-999
8,gen=4_member=499_pso,0.224983,26,-999,19575.5,19575.5,1,-999
8,gen=6_member=611_pso,0.23479,27,-999,19549.5,19549.5,1,-999
8,gen=5_member=591_pso,0.24716,28,-999,19522.5,19522.5,1,-999
8,gen=5_member=533_pso,0.274673,29,-999,19494.5,19494.5,1,-999
8,gen=6_member=669_pso,0.313722,30,-999,19465.5,19465.5,1,-999
8,gen=1_member=120_pso,0.320454,31,-999,19435.5,19435.5,1,-999
8,gen=5_member=544_pso,0.330493,32,-999,19404.5,19404.5,1,-999
8,gen=5_member=540_pso,0.335711,33,-999,19372.5,19372.5,1,-999
8,gen=6_member=676_pso,0.373999,34,-999,19339.5,19339.5,1,-999
8,gen=6_member=644_pso,0.39823,35,-999,19305.5,19305.5,1,-999
8,gen=3_member=393_pso,0.488046,40,-999,19120.5,19120.5,1,-999
8,gen=3_member=315_pso,0.53548,42,-999,19039.5,19039.5,1,-999
8,gen=6_member=657_pso,0.563153,43,-999,18997.5,18997.5,1,-999
8,gen=6_member=634_pso,0.588677,44,-999,18954.5,18954.5,1,-999
8,gen=3_member=380_pso,0.606611,45,-999,18910.5,18910.5,1,-999
8,gen=6_member=639_pso,0.620243,46,-999,18865.5,18865.5,1,-999
8,gen=7_member=764_pso,0.639562,48,-999,18772.5,18772.5,1,-999
8,gen=7_member=769_pso,0.658777,49,-999,18724.5,18724.5,1,-999
8,gen=6_member=607_pso,0.691317,50,-999,18675.5,18675.5,1,-999
8,gen=4_member=496_pso,0.704008,51,-999,18625.5,18625.5,1,-999
8,gen=4_member=478_pso,0.748689,53,-999,18522.5,18522.5,1,-999
8,gen=5_member=527_pso,0.759077,54,-999,18469.5,18469.5,1,-999
8,gen=3_member=351_pso,0.826883,56,-999,18360.5,18360.5,1,-999
8,gen=5_member=521_pso,0.84749,57,-999,18304.5,18304.5,1,-999
8,gen=6_member=665_pso,0.877101,58,-999,18247.5,18247.5,1,-999
8,gen=7_member=729_pso,0.910524,59,-999,18189.5,18189.5,1,-999
8,gen=1_member=194_pso,0.919669,60,-999,18130.5,18130.5,1,-999
8,gen=2_member=202_pso,1.06397,63,-999,17947.4,17947.4,1,-999
8,gen=2_member=223_pso,1.08776,65,-999,17820.4,17820.4,1,-999
8,gen=2_member=288_pso,1.18484,66,-999,17755.4,17755.4,1,-999
8,gen=4_member=411_pso,1.18597,67,-999,17689.4,17689.4,1,-999
8,gen=7_member=733_pso,1.18605,68,-999,17622.4,17622.4,1,-999
8,gen=3_member=339_pso,1.20276,69,-999,17554.4,17554.4,1,-999
8,gen=5_member=508_pso,1.23118,70,-999,17485.4,17485.4,1,-999
8,gen=1_member=183_pso,1.29611,71,-999,17415.4,17415.4,1,-999
8,gen=7_member=703_pso,1.44462,73,-999,17272.4,17272.4,1,-999
8,gen=2_member=262_pso,1.46813,74,-999,17199.4,17199.4,1,-999
8,gen=3_member=345_pso,1.47312,75,-999,17125.4,17125.4,1,-999
8,gen=2_member=260_pso,1.48491,76,-999,17050.4,17050.4,1,-999
8,gen=3_member=360_pso,1.60877,78,-999,16897.4,16897.4,1,-999
8,gen=3_member=305_pso,1.61815,79,-999,16819.4,16819.4,1,-999
8,gen=2_member=210_pso,1.63202,81,-999,16660.4,16660.4,1,-999
8,gen=4_member=491_pso,1.75153,82,-999,16579.4,16579.4,1,-999
8,gen=6_member=616_pso,1.78115,83,-999,16497.5,16497.5,1,-999
8,gen=3_member=382_pso,1.80781,84,-999,16414.5,16414.5,1,-999
8,gen=4_member=403_pso,1.87149,85,-999,16330.4,16330.4,1,-999
8,gen=7_member=791_pso,1.87306,86,-999,16245.4,16245.4,1,-999
8,gen=4_member=498_pso,1.87784,87,-999,16159.4,16159.4,1,-999
8,gen=6_member=692_pso,1.98873,90,-999,15895.4,15895.4,1,-999
8,gen=2_member=258_pso,1.99945,91,-999,15805.4,15805.4,1,-999
8,gen=1_member=174_pso,2.00886,92,-999,15714.4,15714.4,1,-999
8,gen=4_member=443_pso,2.04744,93,-999,15622.4,15622.4,1,-999
8,gen=0_member=66,2.07701,94,-999,15529.4,15529.4,1,-999
8,gen=5_member=541_pso,2.16047,95,-999,15435.4,15435.4,1,-999
8,gen=2_member=291_pso,2.17463,96,-999,15340.4,15340.4,1,-999
8,gen=0_member=36,2.27791,97,-999,15244.4,15244.4,1,-999
8,gen=1_member=130_pso,2.39509,99,-999,15049.4,15049.4,1,-999
8,gen=4_member=416_pso,2.43323,100,-999,14950.4,14950.4,1,-999
8,gen=4_member=475_pso,2.49191,101,-999,14850.4,14850.4,1,-999
8,gen=1_member=102_pso,2.53304,102,-999,14749.4,14749.4,1,-999
8,gen=5_member=522_pso,2.62892,103,-999,14647.4,14647.4,1,-999
8,gen=5_member=583_pso,2.63407,104,-999,14544.4,14544.4,1,-999
8,gen=4_member=418_pso,2.66327,105,-999,14440.4,14440.4,1,-999
8,gen=6_member=603_pso,2.69803,106,-999,14335.4,14335.4,1,-999
8,gen=6_member=620_pso,2.84412,107,-999,14229.4,14229.4,1,-999
8,gen=6_member=673_pso,2.91269,108,-999,14122.4,14122.4,1,-999
8,gen=4_member=454_pso,2.92032,109,-999,14014.4,14014.4,1,-999
8,gen=5_member=556_pso,2.9413,110,-999,13905.4,13905.4,1,-999
8,gen=6_member=691_pso,3.00659,111,-999,13795.4,13795.4,1,-999
8,gen=7_member=715_pso,3.09318,113,-999,13572.4,13572.4,1,-999
8,gen=4_member=486_pso,3.22065,115,-999,13345.4,13345.4,1,-999
8,gen=6_member=629_pso,3.23592,116,-999,13230.4,13230.4,1,-999
8,gen=1_member=122_pso,3.31536,117,-999,13114.4,13114.4,1,-999
8,gen=4_member=487_pso,3.48995,118,-999,12997.4,12997.4,1,-999
8,gen=1_member=113_pso,3.64239,119,-999,12879.4,12879.4,1,-999
8,gen=4_member=425_pso,3.76044,120,-999,12760.4,12760.4,1,-999
8,gen=2_member=212_pso,3.85388,121,-999,12640.4,12640.4,1,-999
8,gen=5_member=586_pso,3.85687,122,-999,12519.4,12519.4,1,-999
8,gen=3_member=308_pso,3.92695,123,-999,12397.4,12397.4,1,-999
8,gen=0_member=34,4.16157,124,-999,12274.3,12274.3,1,-999
8,gen=4_member=458_pso,4.22377,125,-999,12150.3,12150.3,1,-999
8,gen=3_member=363_pso,4.23211,126,-999,12025.3,12025.3,1,-999
9,gen=9_member=900_pso,1.42818,95,-999,15435.5,15435.5,1,-999
9,gen=9_member=901_pso,2.89049,131,-999,11385.4,11385.4,1,-999
9,gen=9_member=902_pso,5.239,138,-999,10447.2,10447.2,1,-999
9,gen=9_member=903_pso,86.7361,174,-999,4849.02,4849.02,1,-999
9,gen=9_member=904_pso,1.21735,89,-999,15984.5,15984.5,1,-999
9,gen=9_member=905_pso,0.0538261,9,-999,19864.5,19864.5,1,-999
9,gen=9_member=906_pso,82.9748,173,-999,5022.03,5022.03,1,-999
9,gen=9_member=907_pso,2.49102,129,-999,11644.4,11644.4,1,-999
9,gen=9_member=908_pso,1.86874,109,-999,14014.4,14014.4,1,-999
9,gen=9_member=909_pso,0.262023,36,-999,19270.5,19270.5,1,-999
9,gen=9_member=910_pso,1.14228,83,-999,16497.5,16497.5,1,-999
9,gen=9_member=911_pso,9.79335,149,-999,8874.15,8874.15,1,-999
9,gen=9_member=912_pso,74.8174,172,-999,5194.03,5194.03,1,-999
9,gen=9_member=913_pso,27.4403,160,-999,7180.05,7180.05,1,-999
9,gen=9_member=914_pso,10.0857,151,-999,8575.15,8575.15,1,-999
9,gen=9_member=915_pso,0.309637,38,-999,19197.5,19197.5,1,-999
9,gen=9_member=916_pso,9.82061,150,-999,8725.15,8725.15,1,-999
9,gen=9_member=917_pso,2.33237,126,-999,12025.4,12025.4,1,-999
9,gen=9_member=918_pso,223.573,186,-999,2509.01,2509.01,1,-999
9,gen=9_member=919_pso,8.96001,147,-999,9169.17,9169.17,1,-999
9,gen=9_member=920_pso,1.28376,91,-999,15805.5,15805.5,1,-999
9,gen=9_member=921_pso,21.9753,157,-999,7654.07,7654.07,1,-999
9,gen=9_member=922_pso,308.047,189,-999,1755.01,1755.01,1,-999
9,gen=9_member=923_pso,47.3551,166,-999,6205.04,6205.04,1,-999
9,gen=9_member=924_pso,2.21395,122,-999,12519.4,12519.4,1,-999
9,gen=9_member=925_pso,109.28,178,-999,4147.02,4147.02,1,-999
9,gen=9_member=926_pso,9.00704,148,-999,9022.17,9022.17,1,-999
9,gen=9_member=927_pso,6.90142,143,-999,9747.2,9747.2,1,-999
9,gen=9_member=928_pso,3.74369,132,-999,11254.3,11254.3,1,-999
9,gen=9_member=929_pso,1.21687,88,-999,16072.5,16072.5,1,-999
9,gen=9_member=930_pso,116.533,179,-999,3969.02,3969.02,1,-999
9,gen=9_member=931_pso,6.95574,144,-999,9604.21,9604.21,1,-999
9,gen=9_member=932_pso,5.54633,141,-999,10030.2,10030.2,1,-999
9,gen=9_member=933_pso,28.1533,162,-999,6859.05,6859.05,1,-999
9,gen=9_member=934_pso,354.755,191,-999,1372,1372,1,-999
9,gen=9_member=935_pso,17.5738,154,-999,8119.08,8119.08,1,-999
9,gen=9_member=936_pso,167.786,185,-999,2880.01,2880.01,1,-999
9,gen=9_member=937_pso,2.29467,124,-999,12274.4,12274.4,1,-999
9,gen=9_member=938_pso,0.963656,75,-999,17125.5,17125.5,1,-999
9,gen=9_member=939_pso,119.052,180,-999,3790.02,3790.02,1,-999
9,gen=9_member=940_pso,0.0513656,8,-999,19872.5,19872.5,1,-999
9,gen=9_member=941_pso,15.1894,153,-999,8272.1,8272.1,1,-999
9,gen=9_member=942_pso,0.241533,33,-999,19372.5,19372.5,1,-999
9,gen=9_member=943_pso,166.886,184,-999,3064.01,3064.01,1,-999
9,gen=9_member=944_pso,283.216,188,-999,2134.01,2134.01,1,-999
9,gen=9_member=945_pso,0.407786,46,-999,18865.5,18865.5,1,-999
9,gen=9_member=946_pso,8.04651,146,-999,9315.19,9315.19,1,-999
9,gen=9_member=947_pso,1092.62,197,-999,199.001,199.001,1,-999
9,gen=9_member=948_pso,0.995968,76,-999,17050.5,17050.5,1,-999
9,gen=9_member=949_pso,1.40673,94,-999,15529.5,15529.5,1,-999
9,gen=9_member=950_pso,25.5993,159,-999,7339.06,7339.06,1,-999
9,gen=9_member=951_pso,5.66006,142,-999,9889.23,9889.23,1,-999
9,gen=9_member=952_pso,1.0091,78,-999,16897.5,16897.5,1,-999
9,gen=9_member=953_pso,0.154481,24,-999,19624.5,19624.5,1,-999
9,gen=9_member=954_pso,0.505684,53,-999,18522.5,18522.5,1,-999
9,gen=9_member=955_pso,7.27887,145,-999,9460.21,9460.21,1,-999
9,gen=9_member=956_pso,4.08688,135,-999,10855.3,10855.3,1,-999
9,gen=9_member=957_pso,27.5705,161,-999,7020.05,7020.05,1,-999
9,gen=9_member=958_pso,4.84007,137,-999,10584.2,10584.2,1,-999
9,gen=9_member=959_pso,12.1757,152,-999,8424.12,8424.12,1,-999
9,gen=9_member=960_pso,0.42344,48,-999,18772.5,18772.5,1,-999
9,gen=9_member=961_pso,19.282,155,-999,7965.09,7965.09,1,-999
9,gen=9_member=962_pso,69.7173,171,-999,5365.02,5365.02,1,-999
9,gen=9_member=963_pso,0.690202,62,-999,18009.5,18009.5,1,-999
9,gen=9_member=964_pso,0.246034,34,-999,19339.5,19339.5,1,-999
9,gen=9_member=965_pso,482.675,194,-999,790.003,790.003,1,-999
9,gen=9_member=966_pso,20.047,156,-999,7810.08,7810.08,1,-999
9,gen=9_member=967_pso,28.9614,163,-999,6697.05,6697.05,1,-999
9,gen=9_member=968_pso,0.159939,26,-999,19575.5,19575.5,1,-999
9,gen=9_member=969_pso,131.574,181,-999,3610.02,3610.02,1,-999
9,gen=9_member=970_pso,316.274,190,-999,1564.01,1564.01,1,-999
9,gen=9_member=971_pso,2.60341,130,-999,11515.4,11515.4,1,-999
9,gen=9_member=972_pso,5.26909,139,-999,10309.2,10309.2,1,-999
9,gen=9_member=973_pso,58.7865,170,-999,5535.03,5535.03,1,-999
9,gen=9_member=974_pso,48.5231,167,-999,6039.04,6039.04,1,-999
9,gen=9_member=975_pso,96.5659,176,-999,4500.02,4500.02,1,-999
9,gen=9_member=976_pso,3.96247,134,-999,10989.3,10989.3,1,-999
9,gen=9_member=977_pso,55.5499,168,-999,5872.03,5872.03,1,-999
9,gen=9_member=978_pso,152.289,183,-999,3247.01,3247.01,1,-999
9,gen=9_member=979_pso,5.53796,140,-999,10170.2,10170.2,1,-999
9,gen=9_member=980_pso,38.5115,164,-999,6534.05,6534.05,1,-999
9,gen=9_member=981_pso,1.35611,93,-999,15622.5,15622.5,1,-999
9,gen=9_member=982_pso,3.95542,133,-999,11122.3,11122.3,1,-999
9,gen=9_member=983_pso,414.664,192,-999,1179,1179,1,-999
9,gen=9_member=984_pso,261.393,187,-999,2322.01,2322.01,1,-999
9,gen=9_member=985_pso,57.8818,169,-999,5704.03,5704.03,1,-999
9,gen=9_member=986_pso,25.1241,158,-999,7497.06,7497.06,1,-999
9,gen=9_member=987_pso,555.849,195,-999,594.003,594.003,1,-999
9,gen=9_member=988_pso,4.12306,136,-999,10720.3,10720.3,1,-999
9,gen=9_member=989_pso,0.00640127,2,-999,19899.5,19899.5,1,-999
9,gen=9_member=990_pso,659.885,196,-999,397.002,397.002,1,-999
9,gen=9_member=991_pso,1254.5,198,-999,0.000958353,0.000958353,1,-999
9,gen=9_member=992_pso,92.0214,175,-999,4675.02,4675.02,1,-999
9,gen=9_member=993_pso,421.565,193,-999,985.004,985.004,1,-999
9,gen=9_member=994_pso,137.346,182,-999,3429.01,3429.01,1,-999
9,gen=9_member=997_pso,42.9636,165,-999,6370.04,6370.04,1,-999
9,gen=9_member=998_pso,108.04,177,-999,4324.02,4324.02,1,-999
9,gen=9_member=999_pso,0.809794,69,-999,17554.5,17554.5,1,-999
9,gen=7_member=772_pso,0.00629133,1,-999,19900.5,19900.5,1,-999
9,gen=7_member=732_pso,0.0196801,3,-999,19897.5,19897.5,1,-999
9,gen=1_member=114_pso,0.0251893,4,-999,19894.5,19894.5,1,-999
9,gen=3_member=352_pso,0.0335051,5,-999,19890.5,19890.5,1,-999
9,gen=7_member=723_pso,0.034814,6,-999,19885.5,19885.5,1,-999
9,gen=8_member=812_pso,0.035259,7,-999,19879.5,19879.5,1,-999
9,gen=4_member=450_pso,0.0560049,10,-999,19855.5,19855.5,1,-999
9,gen=5_member=503_pso,0.0596551,11,-999,19845.5,19845.5,1,-999
9,gen=7_member=749_pso,0.0639323,12,-999,19834.5,19834.5,1,-999
9,gen=8_member=861_pso,0.0675721,13,-999,19822.5,19822.5,1,-999
9,gen=4_member=413_pso,0.0749515,14,-999,19809.5,19809.5,1,-999
9,gen=8_member=840_pso,0.0753158,15,-999,19795.5,19795.5,1,-999
9,gen=6_member=630_pso,0.0979108,16,-999,19780.5,19780.5,1,-999
9,gen=7_member=724_pso,0.10911,17,-999,19764.5,19764.5,1,-999
9,gen=7_member=736_pso,0.117654,18,-999,19747.5,19747.5,1,-999
9,gen=7_member=726_pso,0.122733,19,-999,19729.5,19729.5,1,-999
9,gen=4_member=408_pso,0.126403,20,-999,19710.5,19710.5,1,-999
9,gen=8_member=804_pso,0.130494,21,-999,19690.5,19690.5,1,-999
9,gen=1_member=103_pso,0.148361,22,-999,19669.5,19669.5,1,-999
9,gen=8_member=821_pso,0.150156,23,-999,19647.5,19647.5,1,-999
9,gen=4_member=421_pso,0.157483,25,-999,19600.5,19600.5,1,-999
9,gen=4_member=494_pso,0.17677,27,-999,19549.5,19549.5,1,-999
9,gen=8_member=877_pso,0.187189,28,-999,19522.5,19522.5,1,-999
9,gen=8_member=846_pso,0.19139,29,-999,19494.5,19494.5,1,-999
9,gen=1_member=146_pso,0.197237,30,-999,19465.5,19465.5,1,-999
9,gen=4_member=499_pso,0.224983,31,-999,19435.5,19435.5,1,-999
9,gen=6_member=611_pso,0.23479,32,-999,19404.5,19404.5,1,-999
9,gen=5_member=591_pso,0.24716,35,-999,19305.5,19305.5,1,-999
9,gen=5_member=533_pso,0.274673,37,-999,19234.5,19234.5,1,-999
9,gen=6_member=669_pso,0.313722,39,-999,19159.5,19159.5,1,-999
9,gen=1_member=120_pso,0.320454,40,-999,19120.5,19120.5,1,-999
9,gen=5_member=544_pso,0.330493,41,-999,19080.5,19080.5,1,-999
9,gen=5_member=540_pso,0.335711,42,-999,19039.5,19039.5,1,-999
9,gen=6_member=676_pso,0.373999,43,-999,18997.5,18997.5,1,-999
9,gen=6_member=644_pso,0.39823,44,-999,18954.5,18954.5,1,-999
9,gen=8_member=835_pso,0.40423,45,-999,18910.5,18910.5,1,-999
9,gen=8_member=857_pso,0.416629,47,-999,18819.5,18819.5,1,-999
9,gen=8_member=833_pso,0.431103,49,-999,18724.5,18724.5,1,-999
9,gen=8_member=885_pso,0.453105,50,-999,18675.5,18675.5,1,-999
9,gen=3_member=393_pso,0.488046,51,-999,18625.5,18625.5,1,-999
9,gen=8_member=822_pso,0.490036,52,-999,18574.5,18574.5,1,-999
9,gen=3_member=315_pso,0.53548,54,-999,18469.5,18469.5,1,-999
9,gen=6_member=657_pso,0.563153,55,-999,18415.5,18415.5,1,-999
9,gen=6_member=634_pso,0.588677,56,-999,18360.5,18360.5,1,-999
9,gen=3_member=380_pso,0.606611,57,-999,18304.5,18304.5,1,-999
9,gen=6_member=639_pso,0.620243,58,-999,18247.5,18247.5,1,-999
9,gen=8_member=882_pso,0.636119,59,-999,18189.5,18189.5,1,-999
9,gen=7_member=764_pso,0.639562,60,-999,18130.5,18130.5,1,-999
9,gen=7_member=769_pso,0.658777,61,-999,18070.5,18070.5,1,-999
9,gen=6_member=607_pso,0.691317,63,-999,17947.5,17947.5,1,-999
9,gen=4_member=496_pso,0.704008,64,-999,17884.5,17884.5,1,-999
9,gen=8_member=830_pso,0.747394,65,-999,17820.5,17820.5,1,-999
9,gen=4_member=478_pso,0.748689,66,-999,17755.5,17755.5,1,-999
9,gen=5_member=527_pso,0.759077,67,-999,17689.5,17689.5,1,-999
9,gen=8_member=880_pso,0.795017,68,-999,17622.5,17622.5,1,-999
9,gen=3_member=351_pso,0.826883,70,-999,17485.5,17485.5,1,-999
9,gen=5_member=521_pso,0.84749,71,-999,17415.5,17415.5,1,-999
9,gen=6_member=665_pso,0.877101,72,-999,17344.5,17344.5,1,-999
9,gen=7_member=729_pso,0.910524,73,-999,17272.5,17272.5,1,-999
9,gen=1_member=194_pso,0.919669,74,-999,17199.5,17199.5,1,-999
9,gen=8_member=850_pso,1.00871,77,-999,16974.5,16974.5,1,-999
9,gen=8_member=817_pso,1.03976,79,-999,16819.5,16819.5,1,-999
9,gen=2_member=202_pso,1.06397,80,-999,16740.5,16740.5,1,-999
9,gen=8_member=881_pso,1.06959,81,-999,16660.5,16660.5,1,-999
9,gen=2_member=223_pso,1.08776,82,-999,16579.5,16579.5,1,-999
9,gen=2_member=288_pso,1.18484,84,-999,16414.5,16414.5,1,-999
9,gen=4_member=411_pso,1.18597,85,-999,16330.5,16330.5,1,-999
9,gen=7_member=733_pso,1.18605,86,-999,16245.5,16245.5,1,-999
9,gen=3_member=339_pso,1.20276,87,-999,16159.5,16159.5,1,-999
9,gen=5_member=508_pso,1.23118,90,-999,15895.5,15895.5,1,-999
9,gen=1_member=183_pso,1.29611,92,-999,15714.5,15714.5,1,-999
9,gen=8_member=800_pso,1.43584,96,-999,15340.5,15340.5,1,-999
9,gen=7_member=703_pso,1.44462,97,-999,15244.5,15244.5,1,-999
9,gen=2_member=262_pso,1.46813,98,-999,15147.5,15147.5,1,-999
9,gen=3_member=345_pso,1.47312,99,-999,15049.5,15049.5,1,-999
9,gen=2_member=260_pso,1.48491,100,-999,14950.5,14950.5,1,-999
9,gen=8_member=810_pso,1.59818,101,-999,14850.5,14850.5,1,-999
9,gen=3_member=360_pso,1.60877,102,-999,14749.5,14749.5,1,-999
9,gen=3_member=305_pso,1.61815,103,-999,14647.5,14647.5,1,-999
9,gen=8_member=878_pso,1.62148,104,-999,14544.5,14544.5,1,-999
9,gen=2_member=210_pso,1.63202,105,-999,14440.4,14440.4,1,-999
9,gen=4_member=491_pso,1.75153,106,-999,14335.4,14335.4,1,-999
9,gen=6_member=616_pso,1.78115,107,-999,14229.5,14229.5,1,-999
9,gen=3_member=382_pso,1.80781,108,-999,14122.5,14122.5,1,-999
9,gen=4_member=403_pso,1.87149,110,-999,13905.4,13905.4,1,-999
9,gen=7_member=791_pso,1.87306,111,-999,13795.4,13795.4,1,-999
9,gen=4_member=498_pso,1.87784,112,-999,13684.4,13684.4,1,-999
9,gen=8_member=847_pso,1.87844,113,-999,13572.4,13572.4,1,-999
9,gen=8_member=801_pso,1.93627,114,-999,13459.4,13459.4,1,-999
9,gen=6_member=692_pso,1.98873,115,-999,13345.5,13345.5,1,-999
9,gen=2_member=258_pso,1.99945,116,-999,13230.5,13230.5,1,-999
9,gen=1_member=174_pso,2.00886,117,-999,13114.5,13114.5,1,-999
9,gen=4_member=443_pso,2.04744,118,-999,12997.4,12997.4,1,-999
9,gen=0_member=66,2.07701,119,-999,12879.5,12879.5,1,-999
9,gen=5_member=541_pso,2.16047,120,-999,12760.4,12760.4,1,-999
9,gen=2_member=291_pso,2.17463,121,-999,12640.4,12640.4,1,-999
9,gen=0_member=36,2.27791,123,-999,12397.4,12397.4,1,-999
9,gen=8_member=836_pso,2.30804,125,-999,12150.4,12150.4,1,-999
9,gen=1_member=130_pso,2.39509,127,-999,11899.4,11899.4,1,-999
9,gen=4_member=416_pso,2.43323,128,-999,11772.4,11772.4,1,-999
10,gen=10_member=1000_pso,1.42053,120,-999,12760.5,12760.5,1,-999
10,gen=10_member=1001_pso,0.868778,92,-999,15714.5,15714.5,1,-999
10,gen=10_member=1002_pso,0.414129,59,-999,18189.5,18189.5,1,-999
10,gen=10_member=1003_pso,19.8672,169,-999,5704.1,5704.1,1,-999
10,gen=10_member=1004_pso,33.1635,179,-999,3969.05,3969.05,1,-999
10,gen=10_member=1005_pso,0.210609,39,-999,19159.5,19159.5,1,-999
10,gen=10_member=1006_pso,0.0411573,8,-999,19872.5,19872.5,1,-999
10,gen=10_member=1007_pso,0.674228,79,-999,16819.5,16819.5,1,-999
10,gen=10_member=1008_pso,10.7666,160,-999,7180.18,7180.18,1,-999
10,gen=10_member=1009_pso,96.0862,187,-999,2509.01,2509.01,1,-999
10,gen=10_member=1010_pso,0.109131,21,-999,19690.5,19690.5,1,-999
10,gen=10_member=1011_pso,0.567892,70,-999,17485.5,17485.5,1,-999
10,gen=10_member=1012_pso,3.17316,135,-999,10855.3,10855.3,1,-999
10,gen=10_member=1013_pso,7.4437,151,-999,8575.21,8575.21,1,-999
10,gen=10_member=1014_pso,1.54462,127,-999,11899.4,11899.4,1,-999
10,gen=10_member=1015_pso,8.04448,155,-999,7965.2,7965.2,1,-999
10,gen=10_member=1016_pso,1.55019,128,-999,11772.4,11772.4,1,-999
10,gen=10_member=1017_pso,93.1247,185,-999,2880.02,2880.02,1,-999
10,gen=10_member=1018_pso,16.8223,167,-999,6039.11,6039.11,1,-999
10,gen=10_member=1019_pso,1.00343,100,-999,14950.5,14950.5,1,-999
10,gen=10_member=1020_pso,0.935838,97,-999,15244.5,15244.5,1,-999
10,gen=10_member=1021_pso,959.074,199,-999,199.001,199.001,1,-999
10,gen=10_member=1022_pso,3.33856,137,-999,10584.3,10584.3,1,-999
10,gen=10_member=1023_pso,12.2123,162,-999,6859.15,6859.15,1,-999
10,gen=10_member=1024_pso,0.195646,37,-999,19234.5,19234.5,1,-999
10,gen=10_member=1025_pso,22.8869,172,-999,5194.09,5194.09,1,-999
10,gen=10_member=1026_pso,8.37585,156,-999,7810.19,7810.19,1,-999
10,gen=10_member=1027_pso,0.0871481,17,-999,19764.5,19764.5,1,-999
10,gen=10_member=1028_pso,21.1095,170,-999,5535.09,5535.09,1,-999
10,gen=10_member=1029_pso,8.54569,157,-999,7654.19,7654.19,1,-999
10,gen=10_member=1030_pso,184.69,192,-999,1564.01,1564.01,1,-999
10,gen=10_member=1031_pso,5.25522,148,-999,9022.25,9022.25,1,-999
10,gen=10_member=1032_pso,0.152734,30,-999,19465.5,19465.5,1,-999
10,gen=10_member=1033_pso,6.88956,150,-999,8725.23,8725.23,1,-999
10,gen=10_member=1034_pso,1.11409,107,-999,14229.5,14229.5,1,-999
10,gen=10_member=1035_pso,16.304,166,-999,6205.1,6205.1,1,-999
10,gen=10_member=1036_pso,2.95596,134,-999,10989.3,10989.3,1,-999
10,gen=10_member=1037_pso,3.24652,136,-999,10720.3,10720.3,1,-999
10,gen=10_member=1038_pso,3.5764,139,-999,10309.3,10309.3,1,-999
10,gen=10_member=1039_pso,110.002,188,-999,2322.01,2322.01,1,-999
10,gen=10_member=1040_pso,4.6187,144,-999,9604.28,9604.28,1,-999
10,gen=10_member=1041_pso,1466.68,200,-999,0.000727349,0.000727349,1,-999
10,gen=10_member=1042_pso,896.081,198,-999,397.001,397.001,1,-999
10,gen=10_member=1043_pso,295.418,195,-999,985.004,985.004,1,-999
10,gen=10_member=1044_pso,1.74258,130,-999,11515.4,11515.4,1,-999
10,gen=10_member=1045_pso,11.6925,161,-999,7020.16,7020.16,1,-999
10,gen=10_member=1046_pso,24.9972,176,-999,4500.09,4500.09,1,-999
10,gen=10_member=1047_pso,93.8215,186,-999,2695.02,2695.02,1,-999
10,gen=10_member=1048_pso,6.23733,149,-999,8874.24,8874.24,1,-999
10,gen=10_member=1049_pso,0.568324,71,-999,17415.5,17415.5,1,-999
10,gen=10_member=1050_pso,64.9066,184,-999,3064.02,3064.02,1,-999
10,gen=10_member=1051_pso,0.601835,73,-999,17272.5,17272.5,1,-999
10,gen=10_member=1052_pso,24.7346,175,-999,4675.09,4675.09,1,-999
10,gen=10_member=1053_pso,8.69305,158,-999,7497.18,7497.18,1,-999
10,gen=10_member=1054_pso,1.88387,131,-999,11385.4,11385.4,1,-999
10,gen=10_member=1055_pso,137.549,190,-999,1945.01,1945.01,1,-999
10,gen=10_member=1056_pso,187.539,194,-999,1179.01,1179.01,1,-999
10,gen=10_member=1057_pso,0.407278,57,-999,18304.5,18304.5,1,-999
10,gen=10_member=1058_pso,7.47209,152,-999,8424.21,8424.21,1,-999
10,gen=10_member=1059_pso,785.271,197,-999,594.001,594.001,1,-999
10,gen=10_member=1060_pso,0.359252,52,-999,18574.5,18574.5,1,-999
10,gen=10_member=1061_pso,0.932565,96,-999,15340.5,15340.5,1,-999
10,gen=10_member=1062_pso,50.3921,182,-999,3429.03,3429.03,1,-999
10,gen=10_member=1063_pso,5.15966,146,-999,9315.26,9315.26,1,-999
10,gen=10_member=1064_pso,3.55995,138,-999,10447.3,10447.3,1,-999
10,gen=10_member=1065_pso,30.7788,178,-999,4147.06,4147.06,1,-999
10,gen=10_member=1066_pso,130.258,189,-999,2134.01,2134.01,1,-999
10,gen=10_member=1067_pso,30.2396,177,-999,4324.06,4324.06,1,-999
10,gen=10_member=1068_pso,17.6995,168,-999,5872.11,5872.11,1,-999
10,gen=10_member=1069_pso,34.3452,180,-999,3790.05,3790.05,1,-999
10,gen=10_member=1070_pso,10.5014,159,-999,7339.18,7339.18,1,-999
10,gen=10_member=1071_pso,152.413,191,-999,1755.01,1755.01,1,-999
10,gen=10_member=1072_pso,7.75157,153,-999,8272.21,8272.21,1,-999
10,gen=10_member=1073_pso,24.4588,174,-999,4849.08,4849.08,1,-999
10,gen=10_member=1074_pso,4.59779,143,-999,9747.27,9747.27,1,-999
10,gen=10_member=1075_pso,24.063,173,-999,5022.08,5022.08,1,-999
10,gen=10_member=1076_pso,0.127948,26,-999,19575.5,19575.5,1,-999
10,gen=10_member=1077_pso,13.1178,163,-999,6697.14,6697.14,1,-999
10,gen=10_member=1078_pso,64.7384,183,-999,3247.02,3247.02,1,-999
10,gen=10_member=1079_pso,14.277,165,-999,6370.12,6370.12,1,-999
10,gen=10_member=1080_pso,0.684652,80,-999,16740.5,16740.5,1,-999
10,gen=10_member=1081_pso,1.64962,129,-999,11644.4,11644.4,1,-999
10,gen=10_member=1082_pso,14.0173,164,-999,6534.13,6534.13,1,-999
10,gen=10_member=1083_pso,487.455,196,-999,790.002,790.002,1,-999
10,gen=10_member=1084_pso,3.80113,141,-999,10030.3,10030.3,1,-999
10,gen=10_member=1085_pso,0.421409,61,-999,18070.5,18070.5,1,-999
10,gen=10_member=1086_pso,0.0974464,18,-999,19747.5,19747.5,1,-999
10,gen=10_member=1087_pso,5.16134,147,-999,9169.26,9169.26,1,-999
10,gen=10_member=1088_pso,0.111624,22,-999,19669.5,19669.5,1,-999
10,gen=10_member=1089_pso,7.90001,154,-999,8119.21,8119.21,1,-999
10,gen=10_member=1090_pso,2.47189,133,-999,11122.3,11122.3,1,-999
10,gen=10_member=1091_pso,4.89606,145,-999,9460.27,9460.27,1,-999
10,gen=10_member=1092_pso,35.6867,181,-999,3610.05,3610.05,1,-999
10,gen=10_member=1093_pso,4.45265,142,-999,9889.29,9889.29,1,-999
10,gen=10_member=1094_pso,0.372015,53,-999,18522.5,18522.5,1,-999
10,gen=10_member=1095_pso,3.70082,140,-999,10170.3,10170.3,1,-999
10,gen=10_member=1096_pso,0.832729,90,-999,15895.5,15895.5,1,-999
10,gen=10_member=1097_pso,185.6,193,-999,1372.01,1372.01,1,-999
10,gen=10_member=1098_pso,21.1678,171,-999,5365.09,5365.09,1,-999
10,gen=10_member=1099_pso,2.0492,132,-999,11254.4,11254.4,1,-999
10,gen=7_member=772_pso,0.00629133,1,-999,19900.5,19900.5,1,-999
10,gen=9_member=989_pso,0.00640127,2,-999,19899.5,19899.5,1,-999
10,gen=7_member=732_pso,0.0196801,3,-999,19897.5,19897.5,1,-999
10,gen=1_member=114_pso,0.0251893,4,-999,19894.5,19894.5,1,-999
10,gen=3_member=352_pso,0.0335051,5,-999,19890.5,19890.5,1,-999
10,gen=7_member=723_pso,0.034814,6,-999,19885.5,19885.5,1,-999
10,gen=8_member=812_pso,0.035259,7,-999,19879.5,19879.5,1,-999
10,gen=9_member=940_pso,0.0513656,9,-999,19864.5,19864.5,1,-999
10,gen=9_member=905_pso,0.0538261,10,-999,19855.5,19855.5,1,-999
10,gen=4_member=450_pso,0.0560049,11,-999,19845.5,19845.5,1,-999
10,gen=5_member=503_pso,0.0596551,12,-999,19834.5,19834.5,1,-999
10,gen=7_member=749_pso,0.0639323,13,-999,19822.5,19822.5,1,-999
10,gen=8_member=861_pso,0.0675721,14,-999,19809.5,19809.5,1,-999
10,gen=4_member=413_pso,0.0749515,15,-999,19795.5,19795.5,1,-999
10,gen=8_member=840_pso,0.0753158,16,-999,19780.5,19780.5,1,-999
10,gen=6_member=630_pso,0.0979108,19,-999,19729.5,19729.5,1,-999
10,gen=7_member=724_pso,0.10911,20,-999,19710.5,19710.5,1,-999
10,gen=7_member=736_pso,0.117654,23,-999,19647.5,19647.5,1,-999
10,gen=7_member=726_pso,0.122733,24,-999,19624.5,19624.5,1,-999
10,gen=4_member=408_pso,0.126403,25,-999,19600.5,19600.5,1,-999
10,gen=8_member=804_pso,0.130494,27,-999,19549.5,19549.5,1,-999
10,gen=1_member=103_pso,0.148361,28,-999,19522.5,19522.5,1,-999
10,gen=8_member=821_pso,0.150156,29,-999,19494.5,19494.5,1,-999
10,gen=9_member=953_pso,0.154481,31,-999,19435.5,19435.5,1,-999
10,gen=4_member=421_pso,0.157483,32,-999,19404.5,19404.5,1,-999
10,gen=9_member=968_pso,0.159939,33,-999,19372.5,19372.5,1,-999
10,gen=4_member=494_pso,0.17677,34,-999,19339.5,19339.5,1,-999
10,gen=8_member=877_pso,0.187189,35,-999,19305.5,19305.5,1,-999
10,gen=8_member=846_pso,0.19139,36,-999,19270.5,19270.5,1,-999
10,gen=1_member=146_pso,0.197237,38,-999,19197.5,19197.5,1,-999
10,gen=4_member=499_pso,0.224983,40,-999,19120.5,19120.5,1,-999
10,gen=6_member=611_pso,0.23479,41,-999,19080.5,19080.5,1,-999
10,gen=9_member=942_pso,0.241533,42,-999,19039.5,19039.5,1,-999
10,gen=9_member=964_pso,0.246034,43,-999,18997.5,18997.5,1,-999
10,gen=5_member=591_pso,0.24716,44,-999,18954.5,18954.5,1,-999
10,gen=9_member=909_pso,0.262023,45,-999,18910.5,18910.5,1,-999
10,gen=5_member=533_pso,0.274673,46,-999,18865.5,18865.5,1,-999
10,gen=9_member=915_pso,0.309637,47,-999,18819.5,18819.5,1,-999
10,gen=6_member=669_pso,0.313722,48,-999,18772.5,18772.5,1,-999
10,gen=1_member=120_pso,0.320454,49,-999,18724.5,18724.5,1,-999
10,gen=5_member=544_pso,0.330493,50,-999,18675.5,18675.5,1,-999
10,gen=5_member=540_pso,0.335711,51,-999,18625.5,18625.5,1,-999
10,gen=6_member=676_pso,0.373999,54,-999,18469.5,18469.5,1,-999
10,gen=6_member=644_pso,0.39823,55,-999,18415.5,18415.5,1,-999
10,gen=8_member=835_pso,0.40423,56,-999,18360.5,18360.5,1,-999
10,gen=9_member=945_pso,0.407786,58,-999,18247.5,18247.5,1,-999
10,gen=8_member=857_pso,0.416629,60,-999,18130.5,18130.5,1,-999
10,gen=9_member=960_pso,0.42344,62,-999,18009.5,18009.5,1,-999
10,gen=8_member=833_pso,0.431103,63,-999,17947.5,17947.5,1,-999
10,gen=8_member=885_pso,0.453105,64,-999,17884.5,17884.5,1,-999
10,gen=3_member=393_pso,0.488046,65,-999,17820.5,17820.5,1,-999
10,gen=8_member=822_pso,0.490036,66,-999,17755.5,17755.5,1,-999
10,gen=9_member=954_pso,0.505684,67,-999,17689.5,17689.5,1,-999
10,gen=3_member=315_pso,0.53548,68,-999,17622.5,17622.5,1,-999
10,gen=6_member=657_pso,0.563153,69,-999,17554.5,17554.5,1,-999
10,gen=6_member=634_pso,0.588677,72,-999,17344.5,17344.5,1,-999
10,gen=3_member=380_pso,0.606611,74,-999,17199.5,17199.5,1,-999
10,gen=6_member=639_pso,0.620243,75,-999,17125.5,17125.5,1,-999
10,gen=8_member=882_pso,0.636119,76,-999,17050.5,17050.5,1,-999
10,gen=7_member=764_pso,0.639562,77,-999,16974.5,16974.5,1,-999
10,gen=7_member=769_pso,0.658777,78,-999,16897.5,16897.5,1,-999
10,gen=9_member=963_pso,0.690202,81,-999,16660.5,16660.5,1,-999
10,gen=6_member=607_pso,0.691317,82,-999,16579.5,16579.5,1,-999
10,gen=4_member=496_pso,0.704008,83,-999,16497.5,16497.5,1,-999
10,gen=8_member=830_pso,0.747394,84,-999,16414.5,16414.5,1,-999
10,gen=4_member=478_pso,0.748689,85,-999,16330.5,16330.5,1,-999
10,gen=5_member=527_pso,0.759077,86,-999,16245.5,16245.5,1,-999
10,gen=8_member=880_pso,0.795017,87,-999,16159.5,16159.5,1,-999
10,gen=9_member=999_pso,0.809794,88,-999,16072.5,16072.5,1,-999
10,gen=3_member=351_pso,0.826883,89,-999,15984.5,15984.5,1,-999
10,gen=5_member=521_pso,0.84749,91,-999,15805.5,15805.5,1,-999
10,gen=6_member=665_pso,0.877101,93,-999,15622.5,15622.5,1,-999
10,gen=7_member=729_pso,0.910524,94,-999,15529.5,15529.5,1,-999
10,gen=1_member=194_pso,0.919669,95,-999,15435.5,15435.5,1,-999
10,gen=9_member=938_pso,0.963656,98,-999,15147.5,15147.5,1,-999
10,gen=9_member=948_pso,0.995968,99,-999,15049.5,15049.5,1,-999
10,gen=8_member=850_pso,1.00871,101,-999,14850.5,14850.5,1,-999
10,gen=9_member=952_pso,1.0091,102,-999,14749.5,14749.5,1,-999
10,gen=8_member=817_pso,1.03976,103,-999,14647.5,14647.5,1,-999
10,gen=2_member=202_pso,1.06397,104,-999,14544.5,14544.5,1,-999
10,gen=8_member=881_pso,1.06959,105,-999,14440.5,14440.5,1,-999
10,gen=2_member=223_pso,1.08776,106,-999,14335.5,14335.5,1,-999
10,gen=9_member=910_pso,1.14228,108,-999,14122.5,14122.5,1,-999
10,gen=2_member=288_pso,1.18484,109,-999,14014.5,14014.5,1,-999
10,gen=4_member=411_pso,1.18597,110,-999,13905.5,13905.5,1,-999
10,gen=7_member=733_pso,1.18605,111,-999,13795.5,13795.5,1,-999
10,gen=3_member=339_pso,1.20276,112,-999,13684.5,13684.5,1,-999
10,gen=9_member=929_pso,1.21687,113,-999,13572.5,13572.5,1,-999
10,gen=9_member=904_pso,1.21735,114,-999,13459.5,13459.5,1,-999
10,gen=5_member=508_pso,1.23118,115,-999,13345.5,13345.5,1,-999
10,gen=9_member=920_pso,1.28376,116,-999,13230.5,13230.5,1,-999
10,gen=1_member=183_pso,1.29611,117,-999,13114.5,13114.5,1,-999
10,gen=9_member=981_pso,1.35611,118,-999,12997.5,12997.5,1,-999
10,gen=9_member=949_pso,1.40673,119,-999,12879.5,12879.5,1,-999
10,gen=9_member=900_pso,1.42818,121,-999,12640.5,12640.5,1,-999
10,gen=8_member=800_pso,1.43584,122,-999,12519.5,12519.5,1,-999
10,gen=7_member=703_pso,1.44462,123,-999,12397.5,12397.5,1,-999
10,gen=2_member=262_pso,1.46813,124,-999,12274.4,12274.4,1,-999
10,gen=3_member=345_pso,1.47312,125,-999,12150.4,12150.4,1,-999
10,gen=2_member=260_pso,1.48491,126,-999,12025.4,12025.4,1,-999
11,gen=11_member=1100_pso,1.41292,133,-999,11122.4,11122.4,1,-999
11,gen=11_member=1101_pso,0.15391,42,-999,19039.5,19039.5,1,-999
11,gen=11_member=1102_pso,1.72008,139,-999,10309.4,10309.4,1,-999
11,gen=11_member=1103_pso,3.9104,150,-999,8725.26,8725.26,1,-999
11,gen=11_member=1104_pso,49.142,180,-999,3790.05,3790.05,1,-999
11,gen=11_member=1105_pso,1.51279,136,-999,10720.4,10720.4,1,-999
11,gen=11_member=1106_pso,4.7893,154,-999,8119.21,8119.21,1,-999
11,gen=11_member=1107_pso,4.89981,155,-999,7965.21,7965.21,1,-999
11,gen=11_member=1108_pso,0.590921,90,-999,15895.5,15895.5,1,-999
11,gen=11_member=1109_pso,10.1378,159,-999,7339.11,7339.11,1,-999
11,gen=11_member=1110_pso,93.665,187,-999,2509.02,2509.02,1,-999
11,gen=11_member=1111_pso,2.3728,144,-999,9604.35,9604.35,1,-999
11,gen=11_member=1112_pso,1.53602,137,-999,10584.4,10584.4,1,-999
11,gen=11_member=1113_pso,2.31536,143,-999,9747.35,9747.35,1,-999
11,gen=11_member=1114_pso,48.7096,179,-999,3969.05,3969.05,1,-999
11,gen=11_member=1115_pso,1.28144,131,-999,11385.4,11385.4,1,-999
11,gen=11_member=1116_pso,45.8305,178,-999,4147.05,4147.05,1,-999
11,gen=11_member=1117_pso,34.1371,172,-999,5194.07,5194.07,1,-999
11,gen=11_member=1118_pso,33.8659,171,-999,5365.07,5365.07,1,-999
11,gen=11_member=1119_pso,1.49518,134,-999,10989.4,10989.4,1,-999
11,gen=11_member=1120_pso,0.132483,37,-999,19234.5,19234.5,1,-999
11,gen=11_member=1121_pso,0.906297,116,-999,13230.5,13230.5,1,-999
11,gen=11_member=1122_pso,12.5316,160,-999,7180.09,7180.09,1,-999
11,gen=11_member=1123_pso,1.97751,140,-999,10170.4,10170.4,1,-999
11,gen=11_member=1124_pso,0.972112,124,-999,12274.5,12274.5,1,-999
11,gen=11_member=1125_pso,197.059,196,-999,790.007,790.007,1,-999
11,gen=11_member=1126_pso,0.91121,118,-999,12997.5,12997.5,1,-999
11,gen=11_member=1127_pso,135.545,191,-999,1755.01,1755.01,1,-999
11,gen=11_member=1128_pso,39.5706,173,-999,5022.07,5022.07,1,-999
11,gen=11_member=1129_pso,0.641965,96,-999,15340.5,15340.5,1,-999
11,gen=11_member=1130_pso,23.1549,167,-999,6039.06,6039.06,1,-999
11,gen=11_member=1131_pso,0.708459,104,-999,14544.5,14544.5,1,-999
11,gen=11_member=1132_pso,52.5213,182,-999,3429.05,3429.05,1,-999
11,gen=11_member=1133_pso,160.145,193,-999,1372.01,1372.01,1,-999
11,gen=11_member=1134_pso,66.7164,185,-999,2880.03,2880.03,1,-999
11,gen=11_member=1135_pso,59.5898,184,-999,3064.04,3064.04,1,-999
11,gen=11_member=1136_pso,222.47,197,-999,594.006,594.006,1,-999
11,gen=11_member=1137_pso,4.48964,153,-999,8272.23,8272.23,1,-999
11,gen=11_member=1138_pso,0.535572,85,-999,16330.5,16330.5,1,-999
11,gen=11_member=1139_pso,13.3014,161,-999,7020.09,7020.09,1,-999
11,gen=11_member=1140_pso,0.106624,27,-999,19549.5,19549.5,1,-999
11,gen=11_member=1141_pso,0.222519,54,-999,18469.5,18469.5,1,-999
11,gen=11_member=1142_pso,103.072,188,-999,2322.02,2322.02,1,-999
11,gen=11_member=1143_pso,176.844,195,-999,985.008,985.008,1,-999
11,gen=11_member=1144_pso,1.37213,132,-999,11254.4,11254.4,1,-999
11,gen=11_member=1145_pso,22.4422,165,-999,6370.07,6370.07,1,-999
11,gen=11_member=1146_pso,43.1209,174,-999,4849.05,4849.05,1,-999
11,gen=11_member=1147_pso,0.0369318,9,-999,19864.5,19864.5,1,-999
11,gen=11_member=1148_pso,141.211,192,-999,1564.01,1564.01,1,-999
11,gen=11_member=1149_pso,20.1655,163,-999,6697.06,6697.06,1,-999
11,gen=11_member=1150_pso,2.67949,145,-999,9460.32,9460.32,1,-999
11,gen=11_member=1151_pso,0.0581115,16,-999,19780.5,19780.5,1,-999
11,gen=11_member=1152_pso,0.954379,122,-999,12519.5,12519.5,1,-999
11,gen=11_member=1153_pso,1208.85,200,-999,0.000892066,0.000892066,1,-999
11,gen=11_member=1154_pso,535.787,199,-999,199.002,199.002,1,-999
11,gen=11_member=1155_pso,49.5798,181,-999,3610.05,3610.05,1,-999
11,gen=11_member=1156_pso,3.77386,149,-999,8874.27,8874.27,1,-999
11,gen=11_member=1157_pso,2.00436,141,-999,10030.4,10030.4,1,-999
11,gen=11_member=1158_pso,0.0897388,24,-999,19624.5,19624.5,1,-999
11,gen=11_member=1159_pso,1.09722,128,-999,11772.5,11772.5,1,-999
11,gen=11_member=1160_pso,0.658318,97,-999,15244.5,15244.5,1,-999
11,gen=11_member=1161_pso,56.5514,183,-999,3247.04,3247.04,1,-999
11,gen=11_member=1162_pso,89.8568,186,-999,2695.02,2695.02,1,-999
11,gen=11_member=1163_pso,1.16301,130,-999,11515.4,11515.4,1,-999
11,gen=11_member=1164_pso,0.0565807,15,-999,19795.5,19795.5,1,-999
11,gen=11_member=1165_pso,0.139916,38,-999,19197.5,19197.5,1,-999
11,gen=11_member=1166_pso,127.388,190,-999,1945.01,1945.01,1,-999
11,gen=11_member=1167_pso,4.06233,151,-999,8575.25,8575.25,1,-999
11,gen=11_member=1168_pso,1.50929,135,-999,10855.4,10855.4,1,-999
11,gen=11_member=1169_pso,2.88733,146,-999,9315.3,9315.3,1,-999
11,gen=11_member=1170_pso,1.59588,138,-999,10447.4,10447.4,1,-999
11,gen=11_member=1171_pso,0.0698999,20,-999,19710.5,19710.5,1,-999
11,gen=11_member=1172_pso,0.76812,108,-999,14122.5,14122.5,1,-999
11,gen=11_member=1173_pso,175.123,194,-999,1179.01,1179.01,1,-999
11,gen=11_member=1174_pso,0.990347,125,-999,12150.5,12150.5,1,-999
11,gen=11_member=1175_pso,1.12108,129,-999,11644.5,11644.5,1,-999
11,gen=11_member=1176_pso,8.97387,157,-999,7654.13,7654.13,1,-999
11,gen=11_member=1177_pso,0.0354861,8,-999,19872.5,19872.5,1,-999
11,gen=11_member=1178_pso,0.1899,48,-999,18772.5,18772.5,1,-999
11,gen=11_member=1179_pso,6.67474,156,-999,7810.17,7810.17,1,-999
11,gen=11_member=1180_pso,45.6686,177,-999,4324.05,4324.05,1,-999
11,gen=11_member=1181_pso,44.503,176,-999,4500.06,4500.06,1,-999
11,gen=11_member=1182_pso,17.418,162,-999,6859.08,6859.08,1,-999
11,gen=11_member=1183_pso,2.9939,147,-999,9169.29,9169.29,1,-999
11,gen=11_member=1184_pso,0.128605,35,-999,19305.5,19305.5,1,-999
11,gen=11_member=1185_pso,117.125,189,-999,2134.01,2134.01,1,-999
11,gen=11_member=1186_pso,26.3719,168,-999,5872.05,5872.05,1,-999
11,gen=11_member=1187_pso,22.0543,164,-999,6534.07,6534.07,1,-999
11,gen=11_member=1188_pso,9.0914,158,-999,7497.12,7497.12,1,-999
11,gen=11_member=1189_pso,28.723,170,-999,5535.06,5535.06,1,-999
11,gen=11_member=1190_pso,43.1779,175,-999,4675.05,4675.05,1,-999
11,gen=11_member=1191_pso,2.11553,142,-999,9889.36,9889.36,1,-999
11,gen=11_member=1192_pso,22.5562,166,-999,6205.06,6205.06,1,-999
11,gen=11_member=1193_pso,3.01848,148,-999,9022.29,9022.29,1,-999
11,gen=11_member=1194_pso,299.964,198,-999,397.004,397.004,1,-999
11,gen=11_member=1195_pso,0.29993,62,-999,18009.5,18009.5,1,-999
11,gen=11_member=1196_pso,0.0435797,11,-999,19845.5,19845.5,1,-999
11,gen=11_member=1197_pso,4.35096,152,-999,8424.23,8424.23,1,-999
11,gen=11_member=1198_pso,0.192751,50,-999,18675.5,18675.5,1,-999
11,gen=11_member=1199_pso,26.748,169,-999,5704.05,5704.05,1,-999
11,gen=7_member=772_pso,0.00629133,1,-999,19900.5,19900.5,1,-999
11,gen=9_member=989_pso,0.00640127,2,-999,19899.5,19899.5,1,-999
11,gen=7_member=732_pso,0.0196801,3,-999,19897.5,19897.5,1,-999
11,gen=1_member=114_pso,0.0251893,4,-999,19894.5,19894.5,1,-999
11,gen=3_member=352_pso,0.0335051,5,-999,19890.5,19890.5,1,-999
11,gen=7_member=723_pso,0.034814,6,-999,19885.5,19885.5,1,-999
11,gen=8_member=812_pso,0.035259,7,-999,19879.5,19879.5,1,-999
11,gen=10_member=1006_pso,0.0411573,10,-999,19855.5,19855.5,1,-999
11,gen=9_member=940_pso,0.0513656,12,-999,19834.5,19834.5,1,-999
11,gen=9_member=905_pso,0.0538261,13,-999,19822.5,19822.5,1,-999
11,gen=4_member=450_pso,0.0560049,14,-999,19809.5,19809.5,1,-999
11,gen=5_member=503_pso,0.0596551,17,-999,19764.5,19764.5,1,-999
11,gen=7_member=749_pso,0.0639323,18,-999,19747.5,19747.5,1,-999
11,gen=8_member=861_pso,0.0675721,19,-999,19729.5,19729.5,1,-999
11,gen=4_member=413_pso,0.0749515,21,-999,19690.5,19690.5,1,-999
11,gen=8_member=840_pso,0.0753158,22,-999,19669.5,19669.5,1,-999
11,gen=10_member=1027_pso,0.0871481,23,-999,19647.5,19647.5,1,-999
11,gen=10_member=1086_pso,0.0974464,25,-999,19600.5,19600.5,1,-999
11,gen=6_member=630_pso,0.0979108,26,-999,19575.5,19575.5,1,-999
11,gen=7_member=724_pso,0.10911,28,-999,19522.5,19522.5,1,-999
11,gen=10_member=1010_pso,0.109131,29,-999,19494.5,19494.5,1,-999
11,gen=10_member=1088_pso,0.111624,30,-999,19465.5,19465.5,1,-999
11,gen=7_member=736_pso,0.117654,31,-999,19435.5,19435.5,1,-999
11,gen=7_member=726_pso,0.122733,32,-999,19404.5,19404.5,1,-999
11,gen=4_member=408_pso,0.126403,33,-999,19372.5,19372.5,1,-999
11,gen=10_member=1076_pso,0.127948,34,-999,19339.5,19339.5,1,-999
11,gen=8_member=804_pso,0.130494,36,-999,19270.5,19270.5,1,-999
11,gen=1_member=103_pso,0.148361,39,-999,19159.5,19159.5,1,-999
11,gen=8_member=821_pso,0.150156,40,-999,19120.5,19120.5,1,-999
11,gen=10_member=1032_pso,0.152734,41,-999,19080.5,19080.5,1,-999
11,gen=9_member=953_pso,0.154481,43,-999,18997.5,18997.5,1,-999
11,gen=4_member=421_pso,0.157483,44,-999,18954.5,18954.5,1,-999
11,gen=9_member=968_pso,0.159939,45,-999,18910.5,18910.5,1,-999
11,gen=4_member=494_pso,0.17677,46,-999,18865.5,18865.5,1,-999
11,gen=8_member=877_pso,0.187189,47,-999,18819.5,18819.5,1,-999
11,gen=8_member=846_pso,0.19139,49,-999,18724.5,18724.5,1,-999
11,gen=10_member=1024_pso,0.195646,51,-999,18625.5,18625.5,1,-999
11,gen=1_member=146_pso,0.197237,52,-999,18574.5,18574.5,1,-999
11,gen=10_member=1005_pso,0.210609,53,-999,18522.5,18522.5,1,-999
11,gen=4_member=499_pso,0.224983,55,-999,18415.5,18415.5,1,-999
11,gen=6_member=611_pso,0.23479,56,-999,18360.5,18360.5,1,-999
11,gen=9_member=942_pso,0.241533,57,-999,18304.5,18304.5,1,-999
11,gen=9_member=964_pso,0.246034,58,-999,18247.5,18247.5,1,-999
11,gen=5_member=591_pso,0.24716,59,-999,18189.5,18189.5,1,-999
11,gen=9_member=909_pso,0.262023,60,-999,18130.5,18130.5,1,-999
11,gen=5_member=533_pso,0.274673,61,-999,18070.5,18070.5,1,-999
11,gen=9_member=915_pso,0.309637,63,-999,17947.5,17947.5,1,-999
11,gen=6_member=669_pso,0.313722,64,-999,17884.5,17884.5,1,-999
11,gen=1_member=120_pso,0.320454,65,-999,17820.5,17820.5,1,-999
11,gen=5_member=544_pso,0.330493,66,-999,17755.5,17755.5,1,-999
11,gen=5_member=540_pso,0.335711,67,-999,17689.5,17689.5,1,-999
11,gen=10_member=1060_pso,0.359252,68,-999,17622.5,17622.5,1,-999
11,gen=10_member=1094_pso,0.372015,69,-999,17554.5,17554.5,1,-999
11,gen=6_member=676_pso,0.373999,70,-999,17485.5,17485.5,1,-999
11,gen=6_member=644_pso,0.39823,71,-999,17415.5,17415.5,1,-999
11,gen=8_member=835_pso,0.40423,72,-999,17344.5,17344.5,1,-999
11,gen=10_member=1057_pso,0.407278,73,-999,17272.5,17272.5,1,-999
11,gen=9_member=945_pso,0.407786,74,-999,17199.5,17199.5,1,-999
11,gen=10_member=1002_pso,0.414129,75,-999,17125.5,17125.5,1,-999
11,gen=8_member=857_pso,0.416629,76,-999,17050.5,17050.5,1,-999
11,gen=10_member=1085_pso,0.421409,77,-999,16974.5,16974.5,1,-999
11,gen=9_member=960_pso,0.42344,78,-999,16897.5,16897.5,1,-999
11,gen=8_member=833_pso,0.431103,79,-999,16819.5,16819.5,1,-999
11,gen=8_member=885_pso,0.453105,80,-999,16740.5,16740.5,1,-999
11,gen=3_member=393_pso,0.488046,81,-999,16660.5,16660.5,1,-999
11,gen=8_member=822_pso,0.490036,82,-999,16579.5,16579.5,1,-999
11,gen=9_member=954_pso,0.505684,83,-999,16497.5,16497.5,1,-999
11,gen=3_member=315_pso,0.53548,84,-999,16414.5,16414.5,1,-999
11,gen=6_member=657_pso,0.563153,86,-999,16245.5,16245.5,1,-999
11,gen=10_member=1011_pso,0.567892,87,-999,16159.5,16159.5,1,-999
11,gen=10_member=1049_pso,0.568324,88,-999,16072.5,16072.5,1,-999
11,gen=6_member=634_pso,0.588677,89,-999,15984.5,15984.5,1,-999
11,gen=10_member=1051_pso,0.601835,91,-999,15805.5,15805.5,1,-999
11,gen=3_member=380_pso,0.606611,92,-999,15714.5,15714.5,1,-999
11,gen=6_member=639_pso,0.620243,93,-999,15622.5,15622.5,1,-999
11,gen=8_member=882_pso,0.636119,94,-999,15529.5,15529.5,1,-999
11,gen=7_member=764_pso,0.639562,95,-999,15435.5,15435.5,1,-999
11,gen=7_member=769_pso,0.658777,98,-999,15147.5,15147.5,1,-999
11,gen=10_member=1007_pso,0.674228,99,-999,15049.5,15049.5,1,-999
11,gen=10_member=1080_pso,0.684652,100,-999,14950.5,14950.5,1,-999
11,gen=9_member=963_pso,0.690202,101,-999,14850.5,14850.5,1,-999
11,gen=6_member=607_pso,0.691317,102,-999,14749.5,14749.5,1,-999
11,gen=4_member=496_pso,0.704008,103,-999,14647.5,14647.5,1,-999
11,gen=8_member=830_pso,0.747394,105,-999,14440.5,14440.5,1,-999
11,gen=4_member=478_pso,0.748689,106,-999,14335.5,14335.5,1,-999
11,gen=5_member=527_pso,0.759077,107,-999,14229.5,14229.5,1,-999
11,gen=8_member=880_pso,0.795017,109,-999,14014.5,14014.5,1,-999
11,gen=9_member=999_pso,0.809794,110,-999,13905.5,13905.5,1,-999
11,gen=3_member=351_pso,0.826883,111,-999,13795.5,13795.5,1,-999
11,gen=10_member=1096_pso,0.832729,112,-999,13684.5,13684.5,1,-999
11,gen=5_member=521_pso,0.84749,113,-999,13572.5,13572.5,1,-999
11,gen=10_member=1001_pso,0.868778,114,-999,13459.5,13459.5,1,-999
11,gen=6_member=665_pso,0.877101,115,-999,13345.5,13345.5,1,-999
11,gen=7_member=729_pso,0.910524,117,-999,13114.5,13114.5,1,-999
11,gen=1_member=194_pso,0.919669,119,-999,12879.5,12879.5,1,-999
11,gen=10_member=1061_pso,0.932565,120,-999,12760.5,12760.5,1,-999
11,gen=10_member=1020_pso,0.935838,121,-999,12640.5,12640.5,1,-999
11,gen=9_member=938_pso,0.963656,123,-999,12397.5,12397.5,1,-999
11,gen=9_member=948_pso,0.995968,126,-999,12025.5,12025.5,1,-999
11,gen=10_member=1019_pso,1.00343,127,-999,11899.5,11899.5,1,-999
12,gen=12_member=1200_pso,1.40532,142,-999,9889.37,9889.37,1,-999
12,gen=12_member=1201_pso,0.326055,89,-999,15984.5,15984.5,1,-999
12,gen=12_member=1202_pso,2.94934,154,-999,8119.28,8119.28,1,-999
12,gen=12_member=1203_pso,8.29965,161,-999,7020.13,7020.13,1,-999
12,gen=12_member=1204_pso,39.9558,184,-999,3064.04,3064.04,1,-999
12,gen=12_member=1205_pso,2.39643,152,-999,8424.32,8424.32,1,-999
12,gen=12_member=1206_pso,0.307154,85,-999,16330.5,16330.5,1,-999
12,gen=12_member=1207_pso,0.16518,63,-999,17947.5,17947.5,1,-999
12,gen=12_member=1208_pso,1.34974,141,-999,10030.4,10030.4,1,-999
12,gen=12_member=1209_pso,0.12662,47,-999,18819.5,18819.5,1,-999
12,gen=12_member=1210_pso,0.51363,114,-999,13459.5,13459.5,1,-999
12,gen=12_member=1211_pso,0.572255,121,-999,12640.5,12640.5,1,-999
12,gen=12_member=1212_pso,0.463456,109,-999,14014.5,14014.5,1,-999
12,gen=12_member=1213_pso,98.2201,187,-999,2509.01,2509.01,1,-999
12,gen=12_member=1214_pso,1.78507,145,-999,9460.33,9460.33,1,-999
12,gen=12_member=1215_pso,1.9184,149,-999,8874.33,8874.33,1,-999
12,gen=12_member=1216_pso,2.26307,151,-999,8575.33,8575.33,1,-999
12,gen=12_member=1217_pso,10.4787,164,-999,6534.12,6534.12,1,-999
12,gen=12_member=1218_pso,3.81275,155,-999,7965.25,7965.25,1,-999
12,gen=12_member=1219_pso,1.91157,148,-999,9022.33,9022.33,1,-999
12,gen=12_member=1220_pso,13.9768,166,-999,6205.11,6205.11,1,-999
12,gen=12_member=1221_pso,8.48998,162,-999,6859.13,6859.13,1,-999
12,gen=12_member=1222_pso,2.08729,150,-999,8725.35,8725.35,1,-999
12,gen=12_member=1223_pso,0.0117107,7,-999,19879.5,19879.5,1,-999
12,gen=12_member=1224_pso,23.2413,177,-999,4324.09,4324.09,1,-999
12,gen=12_member=1225_pso,417.822,197,-999,594.003,594.003,1,-999
12,gen=12_member=1226_pso,0.0633818,28,-999,19522.5,19522.5,1,-999
12,gen=12_member=1227_pso,24.3823,178,-999,4147.09,4147.09,1,-999
12,gen=12_member=1228_pso,5.28153,158,-999,7497.19,7497.19,1,-999
12,gen=12_member=1229_pso,1.26412,140,-999,10170.4,10170.4,1,-999
12,gen=12_member=1230_pso,14.6781,168,-999,5872.12,5872.12,1,-999
12,gen=12_member=1231_pso,0.132142,52,-999,18574.5,18574.5,1,-999
12,gen=12_member=1232_pso,0.326423,90,-999,15895.5,15895.5,1,-999
12,gen=12_member=1233_pso,0.0438395,21,-999,19690.5,19690.5,1,-999
12,gen=12_member=1234_pso,9.17181,163,-999,6697.12,6697.12,1,-999
12,gen=12_member=1235_pso,0.581543,122,-999,12519.5,12519.5,1,-999
12,gen=12_member=1236_pso,1.82283,147,-999,9169.33,9169.33,1,-999
12,gen=12_member=1237_pso,0.303475,84,-999,16414.5,16414.5,1,-999
12,gen=12_member=1238_pso,623.196,198,-999,397.002,397.002,1,-999
12,gen=12_member=1239_pso,69.8343,185,-999,2880.02,2880.02,1,-999
12,gen=12_member=1240_pso,0.0309728,12,-999,19834.5,19834.5,1,-999
12,gen=12_member=1241_pso,0.365984,94,-999,15529.5,15529.5,1,-999
12,gen=12_member=1242_pso,93.2929,186,-999,2695.01,2695.01,1,-999
12,gen=12_member=1243_pso,0.215403,73,-999,17272.5,17272.5,1,-999
12,gen=12_member=1244_pso,127.994,190,-999,1945.01,1945.01,1,-999
12,gen=12_member=1245_pso,17.4848,170,-999,5535.11,5535.11,1,-999
12,gen=12_member=1246_pso,107.864,188,-999,2322.01,2322.01,1,-999
12,gen=12_member=1247_pso,0.7893,138,-999,10447.5,10447.5,1,-999
12,gen=12_member=1248_pso,3.86329,156,-999,7810.25,7810.25,1,-999
12,gen=12_member=1249_pso,0.119662,44,-999,18954.5,18954.5,1,-999
12,gen=12_member=1250_pso,6.50921,160,-999,7180.16,7180.16,1,-999
12,gen=12_member=1251_pso,17.9648,172,-999,5194.11,5194.11,1,-999
12,gen=12_member=1252_pso,0.381201,97,-999,15244.5,15244.5,1,-999
12,gen=12_member=1253_pso,0.680108,135,-999,10855.5,10855.5,1,-999
12,gen=12_member=1254_pso,21.3836,176,-999,4500.1,4500.1,1,-999
12,gen=12_member=1255_pso,14.0907,167,-999,6039.11,6039.11,1,-999
12,gen=12_member=1256_pso,0.723368,137,-999,10584.5,10584.5,1,-999
12,gen=12_member=1257_pso,10.648,165,-999,6370.11,6370.11,1,-999
12,gen=12_member=1258_pso,0.00758467,5,-999,19890.5,19890.5,1,-999
12,gen=12_member=1259_pso,16.2937,169,-999,5704.11,5704.11,1,-999
12,gen=12_member=1260_pso,38.5556,183,-999,3247.04,3247.04,1,-999
12,gen=12_member=1261_pso,17.733,171,-999,5365.11,5365.11,1,-999
12,gen=12_member=1262_pso,0.206726,71,-999,17415.5,17415.5,1,-999
12,gen=12_member=1263_pso,1.50454,143,-999,9747.36,9747.36,1,-999
12,gen=12_member=1264_pso,149.129,192,-999,1564.01,1564.01,1,-999
12,gen=12_member=1265_pso,1.69041,144,-999,9604.34,9604.34,1,-999
12,gen=12_member=1266_pso,319.308,195,-999,985.004,985.004,1,-999
12,gen=12_member=1267_pso,1.79485,146,-999,9315.33,9315.33,1,-999
12,gen=12_member=1268_pso,2.93032,153,-999,8272.28,8272.28,1,-999
12,gen=12_member=1269_pso,2129.42,200,-999,0.000490647,0.000490647,1,-999
12,gen=12_member=1270_pso,380.542,196,-999,790.003,790.003,1,-999
12,gen=12_member=1271_pso,33.4969,181,-999,3610.06,3610.06,1,-999
12,gen=12_member=1272_pso,0.102065,38,-999,19197.5,19197.5,1,-999
12,gen=12_member=1273_pso,18.3699,173,-999,5022.1,5022.1,1,-999
12,gen=12_member=1274_pso,26.6311,179,-999,3969.07,3969.07,1,-999
12,gen=12_member=1275_pso,131.514,191,-999,1755.01,1755.01,1,-999
12,gen=12_member=1276_pso,20.8944,175,-999,4675.1,4675.1,1,-999
12,gen=12_member=1277_pso,19.3729,174,-999,4849.09,4849.09,1,-999
12,gen=12_member=1278_pso,33.9554,182,-999,3429.05,3429.05,1,-999
12,gen=12_member=1279_pso,0.530509,115,-999,13345.5,13345.5,1,-999
12,gen=12_member=1280_pso,191.343,194,-999,1179.01,1179.01,1,-999
12,gen=12_member=1281_pso,0.00127376,1,-999,19900.5,19900.5,1,-999
12,gen=12_member=1282_pso,5.3419,159,-999,7339.18,7339.18,1,-999
12,gen=12_member=1283_pso,1123.57,199,-999,199.001,199.001,1,-999
12,gen=12_member=1284_pso,0.0124042,8,-999,19872.5,19872.5,1,-999
12,gen=12_member=1285_pso,0.00512154,2,-999,19899.5,19899.5,1,-999
12,gen=12_member=1286_pso,0.0417042,19,-999,19729.5,19729.5,1,-999
12,gen=12_member=1287_pso,0.0111781,6,-999,19885.5,19885.5,1,-999
12,gen=12_member=1288_pso,29.4086,180,-999,3790.07,3790.07,1,-999
12,gen=12_member=1289_pso,0.46874,110,-999,13905.5,13905.5,1,-999
12,gen=12_member=1290_pso,0.0213462,10,-999,19855.5,19855.5,1,-999
12,gen=12_member=1291_pso,180.701,193,-999,1372.01,1372.01,1,-999
12,gen=12_member=1292_pso,0.126969,48,-999,18772.5,18772.5,1,-999
12,gen=12_member=1293_pso,0.624986,128,-999,11772.5,11772.5,1,-999
12,gen=12_member=1294_pso,126.702,189,-999,2134.01,2134.01,1,-999
12,gen=12_member=1295_pso,0.458219,108,-999,14122.5,14122.5,1,-999
12,gen=12_member=1296_pso,0.157677,61,-999,18070.5,18070.5,1,-999
12,gen=12_member=1297_pso,0.22371,75,-999,17125.5,17125.5,1,-999
12,gen=12_member=1298_pso,0.980868,139,-999,10309.4,10309.4,1,-999
12,gen=12_member=1299_pso,4.8347,157,-999,7654.2,7654.2,1,-999
12,gen=7_member=772_pso,0.00629133,3,-999,19897.5,19897.5,1,-999
12,gen=9_member=989_pso,0.00640127,4,-999,19894.5,19894.5,1,-999
12,gen=7_member=732_pso,0.0196801,9,-999,19864.5,19864.5,1,-999
12,gen=1_member=114_pso,0.0251893,11,-999,19845.5,19845.5,1,-999
12,gen=3_member=352_pso,0.0335051,13,-999,19822.5,19822.5,1,-999
12,gen=7_member=723_pso,0.034814,14,-999,19809.5,19809.5,1,-999
12,gen=8_member=812_pso,0.035259,15,-999,19795.5,19795.5,1,-999
12,gen=11_member=1177_pso,0.0354861,16,-999,19780.5,19780.5,1,-999
12,gen=11_member=1147_pso,0.0369318,17,-999,19764.5,19764.5,1,-999
12,gen=10_member=1006_pso,0.0411573,18,-999,19747.5,19747.5,1,-999
12,gen=11_member=1196_pso,0.0435797,20,-999,19710.5,19710.5,1,-999
12,gen=9_member=940_pso,0.0513656,22,-999,19669.5,19669.5,1,-999
12,gen=9_member=905_pso,0.0538261,23,-999,19647.5,19647.5,1,-999
12,gen=4_member=450_pso,0.0560049,24,-999,19624.5,19624.5,1,-999
12,gen=11_member=1164_pso,0.0565807,25,-999,19600.5,19600.5,1,-999
12,gen=11_member=1151_pso,0.0581115,26,-999,19575.5,19575.5,1,-999
12,gen=5_member=503_pso,0.0596551,27,-999,19549.5,19549.5,1,-999
12,gen=7_member=749_pso,0.0639323,29,-999,19494.5,19494.5,1,-999
12,gen=8_member=861_pso,0.0675721,30,-999,19465.5,19465.5,1,-999
12,gen=11_member=1171_pso,0.0698999,31,-999,19435.5,19435.5,1,-999
12,gen=4_member=413_pso,0.0749515,32,-999,19404.5,19404.5,1,-999
12,gen=8_member=840_pso,0.0753158,33,-999,19372.5,19372.5,1,-999
12,gen=10_member=1027_pso,0.0871481,34,-999,19339.5,19339.5,1,-999
12,gen=11_member=1158_pso,0.0897388,35,-999,19305.5,19305.5,1,-999
12,gen=10_member=1086_pso,0.0974464,36,-999,19270.5,19270.5,1,-999
12,gen=6_member=630_pso,0.0979108,37,-999,19234.5,19234.5,1,-999
12,gen=11_member=1140_pso,0.106624,39,-999,19159.5,19159.5,1,-999
12,gen=7_member=724_pso,0.10911,40,-999,19120.5,19120.5,1,-999
12,gen=10_member=1010_pso,0.109131,41,-999,19080.5,19080.5,1,-999
12,gen=10_member=1088_pso,0.111624,42,-999,19039.5,19039.5,1,-999
12,gen=7_member=736_pso,0.117654,43,-999,18997.5,18997.5,1,-999
12,gen=7_member=726_pso,0.122733,45,-999,18910.5,18910.5,1,-999
12,gen=4_member=408_pso,0.126403,46,-999,18865.5,18865.5,1,-999
12,gen=10_member=1076_pso,0.127948,49,-999,18724.5,18724.5,1,-999
12,gen=11_member=1184_pso,0.128605,50,-999,18675.5,18675.5,1,-999
12,gen=8_member=804_pso,0.130494,51,-999,18625.5,18625.5,1,-999
12,gen=11_member=1120_pso,0.132483,53,-999,18522.5,18522.5,1,-999
12,gen=11_member=1165_pso,0.139916,54,-999,18469.5,18469.5,1,-999
12,gen=1_member=103_pso,0.148361,55,-999,18415.5,18415.5,1,-999
12,gen=8_member=821_pso,0.150156,56,-999,18360.5,18360.5,1,-999
12,gen=10_member=1032_pso,0.152734,57,-999,18304.5,18304.5,1,-999
12,gen=11_member=1101_pso,0.15391,58,-999,18247.5,18247.5,1,-999
12,gen=9_member=953_pso,0.154481,59,-999,18189.5,18189.5,1,-999
12,gen=4_member=421_pso,0.157483,60,-999,18130.5,18130.5,1,-999
12,gen=9_member=968_pso,0.159939,62,-999,18009.5,18009.5,1,-999
12,gen=4_member=494_pso,0.17677,64,-999,17884.5,17884.5,1,-999
12,gen=8_member=877_pso,0.187189,65,-999,17820.5,17820.5,1,-999
12,gen=11_member=1178_pso,0.1899,66,-999,17755.5,17755.5,1,-999
12,gen=8_member=846_pso,0.19139,67,-999,17689.5,17689.5,1,-999
12,gen=11_member=1198_pso,0.192751,68,-999,17622.5,17622.5,1,-999
12,gen=10_member=1024_pso,0.195646,69,-999,17554.5,17554.5,1,-999
12,gen=1_member=146_pso,0.197237,70,-999,17485.5,17485.5,1,-999
12,gen=10_member=1005_pso,0.210609,72,-999,17344.5,17344.5,1,-999
12,gen=11_member=1141_pso,0.222519,74,-999,17199.5,17199.5,1,-999
12,gen=4_member=499_pso,0.224983,76,-999,17050.5,17050.5,1,-999
12,gen=6_member=611_pso,0.23479,77,-999,16974.5,16974.5,1,-999
12,gen=9_member=942_pso,0.241533,78,-999,16897.5,16897.5,1,-999
12,gen=9_member=964_pso,0.246034,79,-999,16819.5,16819.5,1,-999
12,gen=5_member=591_pso,0.24716,80,-999,16740.5,16740.5,1,-999
12,gen=9_member=909_pso,0.262023,81,-999,16660.5,16660.5,1,-999
12,gen=5_member=533_pso,0.274673,82,-999,16579.5,16579.5,1,-999
12,gen=11_member=1195_pso,0.29993,83,-999,16497.5,16497.5,1,-999
12,gen=9_member=915_pso,0.309637,86,-999,16245.5,16245.5,1,-999
12,gen=6_member=669_pso,0.313722,87,-999,16159.5,16159.5,1,-999
12,gen=1_member=120_pso,0.320454,88,-999,16072.5,16072.5,1,-999
12,gen=5_member=544_pso,0.330493,91,-999,15805.5,15805.5,1,-999
12,gen=5_member=540_pso,0.335711,92,-999,15714.5,15714.5,1,-999
12,gen=10_member=1060_pso,0.359252,93,-999,15622.5,15622.5,1,-999
12,gen=10_member=1094_pso,0.372015,95,-999,15435.5,15435.5,1,-999
12,gen=6_member=676_pso,0.373999,96,-999,15340.5,15340.5,1,-999
12,gen=6_member=644_pso,0.39823,98,-999,15147.5,15147.5,1,-999
12,gen=8_member=835_pso,0.40423,99,-999,15049.5,15049.5,1,-999
12,gen=10_member=1057_pso,0.407278,100,-999,14950.5,14950.5,1,-999
12,gen=9_member=945_pso,0.407786,101,-999,14850.5,14850.5,1,-999
12,gen=10_member=1002_pso,0.414129,102,-999,14749.5,14749.5,1,-999
12,gen=8_member=857_pso,0.416629,103,-999,14647.5,14647.5,1,-999
12,gen=10_member=1085_pso,0.421409,104,-999,14544.5,14544.5,1,-999
12,gen=9_member=960_pso,0.42344,105,-999,14440.5,14440.5,1,-999
12,gen=8_member=833_pso,0.431103,106,-999,14335.5,14335.5,1,-999
12,gen=8_member=885_pso,0.453105,107,-999,14229.5,14229.5,1,-999
12,gen=3_member=393_pso,0.488046,111,-999,13795.5,13795.5,1,-999
12,gen=8_member=822_pso,0.490036,112,-999,13684.5,13684.5,1,-999
12,gen=9_member=954_pso,0.505684,113,-999,13572.5,13572.5,1,-999
12,gen=3_member=315_pso,0.53548,116,-999,13230.5,13230.5,1,-999
12,gen=11_member=1138_pso,0.535572,117,-999,13114.5,13114.5,1,-999
12,gen=6_member=657_pso,0.563153,118,-999,12997.5,12997.5,1,-999
12,gen=10_member=1011_pso,0.567892,119,-999,12879.5,12879.5,1,-999
12,gen=10_member=1049_pso,0.568324,120,-999,12760.5,12760.5,1,-999
12,gen=6_member=634_pso,0.588677,123,-999,12397.5,12397.5,1,-999
12,gen=11_member=1108_pso,0.590921,124,-999,12274.5,12274.5,1,-999
12,gen=10_member=1051_pso,0.601835,125,-999,12150.5,12150.5,1,-999
12,gen=3_member=380_pso,0.606611,126,-999,12025.5,12025.5,1,-999
12,gen=6_member=639_pso,0.620243,127,-999,11899.5,11899.5,1,-999
12,gen=8_member=882_pso,0.636119,129,-999,11644.5,11644.5,1,-999
12,gen=7_member=764_pso,0.639562,130,-999,11515.5,11515.5,1,-999
12,gen=11_member=1129_pso,0.641965,131,-999,11385.5,11385.5,1,-999
12,gen=11_member=1160_pso,0.658318,132,-999,11254.5,11254.5,1,-999
12,gen=7_member=769_pso,0.658777,133,-999,11122.5,11122.5,1,-999
12,gen=10_member=1007_pso,0.674228,134,-999,10989.5,10989.5,1,-999
12,gen=10_member=1080_pso,0.684652,136,-999,10720.5,10720.5,1,-999
13,gen=13_member=1300_pso,0.179551,79,-999,16819.5,16819.5,1,-999
13,gen=13_member=1301_pso,0.326413,110,-999,13905.5,13905.5,1,-999
13,gen=13_member=1302_pso,0.608141,128,-999,11772.4,11772.4,1,-999
13,gen=13_member=1303_pso,3.82809,153,-999,8272.28,8272.28,1,-999
13,gen=13_member=1304_pso,5.18582,158,-999,7497.21,7497.21,1,-999
13,gen=13_member=1305_pso,0.109495,52,-999,18574.5,18574.5,1,-999
13,gen=13_member=1306_pso,4.12386,155,-999,7965.28,7965.28,1,-999
13,gen=13_member=1307_pso,0.0174802,12,-999,19834.5,19834.5,1,-999
13,gen=13_member=1308_pso,1.20007,137,-999,10584.4,10584.4,1,-999
13,gen=13_member=1309_pso,0.331025,113,-999,13572.5,13572.5,1,-999
13,gen=13_member=1310_pso,14.7765,171,-999,5365.09,5365.09,1,-999
13,gen=13_member=1311_pso,0.236415,95,-999,15435.5,15435.5,1,-999
13,gen=13_member=1312_pso,17.7561,172,-999,5194.09,5194.09,1,-999
13,gen=13_member=1313_pso,0.36527,116,-999,13230.5,13230.5,1,-999
13,gen=13_member=1314_pso,3.67293,152,-999,8424.28,8424.28,1,-999
13,gen=13_member=1315_pso,12.3645,168,-999,5872.11,5872.11,1,-999
13,gen=13_member=1316_pso,1.12927,136,-999,10720.4,10720.4,1,-999
13,gen=13_member=1317_pso,0.0239066,16,-999,19780.5,19780.5,1,-999
13,gen=13_member=1318_pso,0.204271,87,-999,16159.5,16159.5,1,-999
13,gen=13_member=1319_pso,2.20369,144,-999,9604.33,9604.33,1,-999
13,gen=13_member=1320_pso,1.09624,135,-999,10855.4,10855.4,1,-999
13,gen=13_member=1321_pso,0.279725,102,-999,14749.5,14749.5,1,-999
13,gen=13_member=1322_pso,0.367746,118,-999,12997.5,12997.5,1,-999
13,gen=13_member=1323_pso,96.6016,192,-999,1564.01,1564.01,1,-999
13,gen=13_member=1324_pso,1.22332,138,-999,10447.4,10447.4,1,-999
13,gen=13_member=1325_pso,0.502469,126,-999,12025.5,12025.5,1,-999
13,gen=13_member=1326_pso,8.00407,162,-999,6859.16,6859.16,1,-999
13,gen=13_member=1327_pso,0.191638,83,-999,16497.5,16497.5,1,-999
13,gen=13_member=1328_pso,3.5033,151,-999,8575.27,8575.27,1,-999
13,gen=13_member=1329_pso,10.4017,166,-999,6205.13,6205.13,1,-999
13,gen=13_member=1330_pso,12.7487,169,-999,5704.1,5704.1,1,-999
13,gen=13_member=1331_pso,79.5268,190,-999,1945.02,1945.02,1,-999
13,gen=13_member=1332_pso,26.6556,178,-999,4147.07,4147.07,1,-999
13,gen=13_member=1333_pso,5.34155,159,-999,7339.21,7339.21,1,-999
13,gen=13_member=1334_pso,0.037637,25,-999,19600.5,19600.5,1,-999
13,gen=13_member=1335_pso,22.184,173,-999,5022.08,5022.08,1,-999
13,gen=13_member=1336_pso,162.341,196,-999,790.007,790.007,1,-999
13,gen=13_member=1337_pso,0.0333609,19,-999,19729.5,19729.5,1,-999
13,gen=13_member=1338_pso,24.2397,175,-999,4675.07,4675.07,1,-999
13,gen=13_member=1339_pso,0.163075,76,-999,17050.5,17050.5,1,-999
13,gen=13_member=1340_pso,36.4805,184,-999,3064.05,3064.05,1,-999
13,gen=13_member=1341_pso,0.583904,127,-999,11899.5,11899.5,1,-999
13,gen=13_member=1342_pso,96.4813,191,-999,1755.01,1755.01,1,-999
13,gen=13_member=1343_pso,3.83766,154,-999,8119.28,8119.28,1,-999
13,gen=13_member=1344_pso,0.122595,56,-999,18360.5,18360.5,1,-999
13,gen=13_member=1345_pso,1.71561,142,-999,9889.36,9889.36,1,-999
13,gen=13_member=1346_pso,0.966064,134,-999,10989.4,10989.4,1,-999
13,gen=13_member=1347_pso,24.7447,177,-999,4324.07,4324.07,1,-999
13,gen=13_member=1348_pso,28.7705,182,-999,3429.06,3429.06,1,-999
13,gen=13_member=1349_pso,8.4295,163,-999,6697.16,6697.16,1,-999
13,gen=13_member=1350_pso,0.279223,101,-999,14850.5,14850.5,1,-999
13,gen=13_member=1351_pso,37.9377,185,-999,2880.05,2880.05,1,-999
13,gen=13_member=1352_pso,1.63093,141,-999,10030.3,10030.3,1,-999
13,gen=13_member=1353_pso,0.000821212,2,-999,19899.5,19899.5,1,-999
13,gen=13_member=1354_pso,314.942,197,-999,594.004,594.004,1,-999
13,gen=13_member=1355_pso,27.4796,179,-999,3969.07,3969.07,1,-999
13,gen=13_member=1356_pso,0.0157651,11,-999,19845.5,19845.5,1,-999
13,gen=13_member=1357_pso,0.394932,122,-999,12519.5,12519.5,1,-999
13,gen=13_member=1358_pso,59.4233,188,-999,2322.03,2322.03,1,-999
13,gen=13_member=1359_pso,4.55429,157,-999,7654.25,7654.25,1,-999
13,gen=13_member=1360_pso,1.41435,139,-999,10309.4,10309.4,1,-999
13,gen=13_member=1361_pso,33.6692,183,-999,3247.06,3247.06,1,-999
13,gen=13_member=1362_pso,2.51446,146,-999,9315.3,9315.3,1,-999
13,gen=13_member=1363_pso,58.7741,187,-999,2509.03,2509.03,1,-999
13,gen=13_member=1364_pso,397.076,198,-999,397.003,397.003,1,-999
13,gen=13_member=1365_pso,0.663358,130,-999,11515.4,11515.4,1,-999
13,gen=13_member=1366_pso,115,193,-999,1372.01,1372.01,1,-999
13,gen=13_member=1367_pso,0.908768,133,-999,11122.4,11122.4,1,-999
13,gen=13_member=1368_pso,7.9698,161,-999,7020.16,7020.16,1,-999
13,gen=13_member=1369_pso,2.76086,148,-999,9022.3,9022.3,1,-999
13,gen=13_member=1370_pso,5.58877,160,-999,7180.21,7180.21,1,-999
13,gen=13_member=1371_pso,0.0187885,13,-999,19822.5,19822.5,1,-999
13,gen=13_member=1372_pso,49.4179,186,-999,2695.04,2695.04,1,-999
13,gen=13_member=1373_pso,0.000426779,1,-999,19900.5,19900.5,1,-999
13,gen=13_member=1374_pso,28.2811,180,-999,3790.06,3790.06,1,-999
13,gen=13_member=1375_pso,118.388,194,-999,1179.01,1179.01,1,-999
13,gen=13_member=1376_pso,2.52285,147,-999,9169.3,9169.3,1,-999
13,gen=13_member=1377_pso,0.695487,132,-999,11254.4,11254.4,1,-999
13,gen=13_member=1378_pso,3.0826,149,-999,8874.3,8874.3,1,-999
13,gen=13_member=1379_pso,9.39762,165,-999,6370.14,6370.14,1,-999
13,gen=13_member=1380_pso,23.5323,174,-999,4849.08,4849.08,1,-999
13,gen=13_member=1381_pso,24.4631,176,-999,4500.07,4500.07,1,-999
13,gen=13_member=1382_pso,13.9937,170,-999,5535.09,5535.09,1,-999
13,gen=13_member=1383_pso,0.648111,129,-999,11644.4,11644.4,1,-999
13,gen=13_member=1384_pso,0.135771,66,-999,17755.5,17755.5,1,-999
13,gen=13_member=1385_pso,28.5467,181,-999,3610.06,3610.06,1,-999
13,gen=13_member=1386_pso,3.17049,150,-999,8725.3,8725.3,1,-999
13,gen=13_member=1387_pso,128.028,195,-999,985.01,985.01,1,-999
13,gen=13_member=1388_pso,1.47256,140,-999,10170.4,10170.4,1,-999
13,gen=13_member=1389_pso,11.2326,167,-999,6039.12,6039.12,1,-999
13,gen=13_member=1390_pso,8.55941,164,-999,6534.16,6534.16,1,-999
13,gen=13_member=1391_pso,60.9088,189,-999,2134.03,2134.03,1,-999
13,gen=13_member=1392_pso,0.0802931,43,-999,18997.5,18997.5,1,-999
13,gen=13_member=1393_pso,1.86636,143,-999,9747.34,9747.34,1,-999
13,gen=13_member=1394_pso,0.66803,131,-999,11385.4,11385.4,1,-999
13,gen=13_member=1395_pso,490.952,200,-999,0.00225462,0.00225462,1,-999
13,gen=13_member=1396_pso,0.0680781,39,-999,19159.5,19159.5,1,-999
13,gen=13_member=1397_pso,413.537,199,-999,199.003,199.003,1,-999
13,gen=13_member=1398_pso,2.29288,145,-999,9460.32,9460.32,1,-999
13,gen=13_member=1399_pso,4.34662,156,-999,7810.26,7810.26,1,-999
13,gen=12_member=1281_pso,0.00127376,3,-999,19897.5,19897.5,1,-999
13,gen=12_member=1285_pso,0.00512154,4,-999,19894.5,19894.5,1,-999
13,gen=7_member=772_pso,0.00629133,5,-999,19890.5,19890.5,1,-999
13,gen=9_member=989_pso,0.00640127,6,-999,19885.5,19885.5,1,-999
13,gen=12_member=1258_pso,0.00758467,7,-999,19879.5,19879.5,1,-999
13,gen=12_member=1287_pso,0.0111781,8,-999,19872.5,19872.5,1,-999
13,gen=12_member=1223_pso,0.0117107,9,-999,19864.5,19864.5,1,-999
13,gen=12_member=1284_pso,0.0124042,10,-999,19855.5,19855.5,1,-999
13,gen=7_member=732_pso,0.0196801,14,-999,19809.5,19809.5,1,-999
13,gen=12_member=1290_pso,0.0213462,15,-999,19795.5,19795.5,1,-999
13,gen=1_member=114_pso,0.0251893,17,-999,19764.5,19764.5,1,-999
13,gen=12_member=1240_pso,0.0309728,18,-999,19747.5,19747.5,1,-999
13,gen=3_member=352_pso,0.0335051,20,-999,19710.5,19710.5,1,-999
13,gen=7_member=723_pso,0.034814,21,-999,19690.5,19690.5,1,-999
13,gen=8_member=812_pso,0.035259,22,-999,19669.5,19669.5,1,-999
13,gen=11_member=1177_pso,0.0354861,23,-999,19647.5,19647.5,1,-999
13,gen=11_member=1147_pso,0.0369318,24,-999,19624.5,19624.5,1,-999
13,gen=10_member=1006_pso,0.0411573,26,-999,19575.5,19575.5,1,-999
13,gen=12_member=1286_pso,0.0417042,27,-999,19549.5,19549.5,1,-999
13,gen=11_member=1196_pso,0.0435797,28,-999,19522.5,19522.5,1,-999
13,gen=12_member=1233_pso,0.0438395,29,-999,19494.5,19494.5,1,-999
13,gen=9_member=940_pso,0.0513656,30,-999,19465.5,19465.5,1,-999
13,gen=9_member=905_pso,0.0538261,31,-999,19435.5,19435.5,1,-999
13,gen=4_member=450_pso,0.0560049,32,-999,19404.5,19404.5,1,-999
13,gen=11_member=1164_pso,0.0565807,33,-999,19372.5,19372.5,1,-999
13,gen=11_member=1151_pso,0.0581115,34,-999,19339.5,19339.5,1,-999
13,gen=5_member=503_pso,0.0596551,35,-999,19305.5,19305.5,1,-999
13,gen=12_member=1226_pso,0.0633818,36,-999,19270.5,19270.5,1,-999
13,gen=7_member=749_pso,0.0639323,37,-999,19234.5,19234.5,1,-999
13,gen=8_member=861_pso,0.0675721,38,-999,19197.5,19197.5,1,-999
13,gen=11_member=1171_pso,0.0698999,40,-999,19120.5,19120.5,1,-999
13,gen=4_member=413_pso,0.0749515,41,-999,19080.5,19080.5,1,-999
13,gen=8_member=840_pso,0.0753158,42,-999,19039.5,19039.5,1,-999
13,gen=10_member=1027_pso,0.0871481,44,-999,18954.5,18954.5,1,-999
13,gen=11_member=1158_pso,0.0897388,45,-999,18910.5,18910.5,1,-999
13,gen=10_member=1086_pso,0.0974464,46,-999,18865.5,18865.5,1,-999
13,gen=6_member=630_pso,0.0979108,47,-999,18819.5,18819.5,1,-999
13,gen=12_member=1272_pso,0.102065,48,-999,18772.5,18772.5,1,-999
13,gen=11_member=1140_pso,0.106624,49,-999,18724.5,18724.5,1,-999
13,gen=7_member=724_pso,0.10911,50,-999,18675.5,18675.5,1,-999
13,gen=10_member=1010_pso,0.109131,51,-999,18625.5,18625.5,1,-999
13,gen=10_member=1088_pso,0.111624,53,-999,18522.5,18522.5,1,-999
13,gen=7_member=736_pso,0.117654,54,-999,18469.5,18469.5,1,-999
13,gen=12_member=1249_pso,0.119662,55,-999,18415.5,18415.5,1,-999
13,gen=7_member=726_pso,0.122733,57,-999,18304.5,18304.5,1,-999
13,gen=4_member=408_pso,0.126403,58,-999,18247.5,18247.5,1,-999
13,gen=12_member=1209_pso,0.12662,59,-999,18189.5,18189.5,1,-999
13,gen=12_member=1292_pso,0.126969,60,-999,18130.5,18130.5,1,-999
13,gen=10_member=1076_pso,0.127948,61,-999,18070.5,18070.5,1,-999
13,gen=11_member=1184_pso,0.128605,62,-999,18009.5,18009.5,1,-999
13,gen=8_member=804_pso,0.130494,63,-999,17947.5,17947.5,1,-999
13,gen=12_member=1231_pso,0.132142,64,-999,17884.5,17884.5,1,-999
13,gen=11_member=1120_pso,0.132483,65,-999,17820.5,17820.5,1,-999
13,gen=11_member=1165_pso,0.139916,67,-999,17689.5,17689.5,1,-999
13,gen=1_member=103_pso,0.148361,68,-999,17622.5,17622.5,1,-999
13,gen=8_member=821_pso,0.150156,69,-999,17554.5,17554.5,1,-999
13,gen=10_member=1032_pso,0.152734,70,-999,17485.5,17485.5,1,-999
13,gen=11_member=1101_pso,0.15391,71,-999,17415.5,17415.5,1,-999
13,gen=9_member=953_pso,0.154481,72,-999,17344.5,17344.5,1,-999
13,gen=4_member=421_pso,0.157483,73,-999,17272.5,17272.5,1,-999
13,gen=12_member=1296_pso,0.157677,74,-999,17199.5,17199.5,1,-999
13,gen=9_member=968_pso,0.159939,75,-999,17125.5,17125.5,1,-999
13,gen=12_member=1207_pso,0.16518,77,-999,16974.5,16974.5,1,-999
13,gen=4_member=494_pso,0.17677,78,-999,16897.5,16897.5,1,-999
13,gen=8_member=877_pso,0.187189,80,-999,16740.5,16740.5,1,-999
13,gen=11_member=1178_pso,0.1899,81,-999,16660.5,16660.5,1,-999
13,gen=8_member=846_pso,0.19139,82,-999,16579.5,16579.5,1,-999
13,gen=11_member=1198_pso,0.192751,84,-999,16414.5,16414.5,1,-999
13,gen=10_member=1024_pso,0.195646,85,-999,16330.5,16330.5,1,-999
13,gen=1_member=146_pso,0.197237,86,-999,16245.5,16245.5,1,-999
13,gen=12_member=1262_pso,0.206726,88,-999,16072.5,16072.5,1,-999
13,gen=10_member=1005_pso,0.210609,89,-999,15984.5,15984.5,1,-999
13,gen=12_member=1243_pso,0.215403,90,-999,15895.5,15895.5,1,-999
13,gen=11_member=1141_pso,0.222519,91,-999,15805.5,15805.5,1,-999
13,gen=12_member=1297_pso,0.22371,92,-999,15714.5,15714.5,1,-999
13,gen=4_member=499_pso,0.224983,93,-999,15622.5,15622.5,1,-999
13,gen=6_member=611_pso,0.23479,94,-999,15529.5,15529.5,1,-999
13,gen=9_member=942_pso,0.241533,96,-999,15340.5,15340.5,1,-999
13,gen=9_member=964_pso,0.246034,97,-999,15244.5,15244.5,1,-999
13,gen=5_member=591_pso,0.24716,98,-999,15147.5,15147.5,1,-999
13,gen=9_member=909_pso,0.262023,99,-999,15049.5,15049.5,1,-999
13,gen=5_member=533_pso,0.274673,100,-999,14950.5,14950.5,1,-999
13,gen=11_member=1195_pso,0.29993,103,-999,14647.5,14647.5,1,-999
13,gen=12_member=1237_pso,0.303475,104,-999,14544.5,14544.5,1,-999
13,gen=12_member=1206_pso,0.307154,105,-999,14440.5,14440.5,1,-999
13,gen=9_member=915_pso,0.309637,106,-999,14335.5,14335.5,1,-999
13,gen=6_member=669_pso,0.313722,107,-999,14229.5,14229.5,1,-999
13,gen=1_member=120_pso,0.320454,108,-999,14122.5,14122.5,1,-999
13,gen=12_member=1201_pso,0.326055,109,-999,14014.5,14014.5,1,-999
13,gen=12_member=1232_pso,0.326423,111,-999,13795.5,13795.5,1,-999
13,gen=5_member=544_pso,0.330493,112,-999,13684.5,13684.5,1,-999
13,gen=5_member=540_pso,0.335711,114,-999,13459.5,13459.5,1,-999
13,gen=10_member=1060_pso,0.359252,115,-999,13345.5,13345.5,1,-999
13,gen=12_member=1241_pso,0.365984,117,-999,13114.5,13114.5,1,-999
13,gen=10_member=1094_pso,0.372015,119,-999,12879.5,12879.5,1,-999
13,gen=6_member=676_pso,0.373999,120,-999,12760.5,12760.5,1,-999
13,gen=12_member=1252_pso,0.381201,121,-999,12640.5,12640.5,1,-999
13,gen=6_member=644_pso,0.39823,123,-999,12397.5,12397.5,1,-999
13,gen=8_member=835_pso,0.40423,124,-999,12274.5,12274.5,1,-999
13,gen=10_member=1057_pso,0.407278,125,-999,12150.5,12150.5,1,-999
14,gen=14_member=1400_pso,0.0831635,60,-999,18130.5,18130.5,1,-999
14,gen=14_member=1401_pso,0.0815933,59,-999,18189.5,18189.5,1,-999
14,gen=14_member=1402_pso,0.0403997,37,-999,19234.5,19234.5,1,-999
14,gen=14_member=1403_pso,0.106638,69,-999,17554.5,17554.5,1,-999
14,gen=14_member=1404_pso,2.1817,155,-999,7965.32,7965.32,1,-999
14,gen=14_member=1405_pso,1.01303,144,-999,9604.4,9604.4,1,-999
14,gen=14_member=1406_pso,3.91495,161,-999,7020.27,7020.27,1,-999
14,gen=14_member=1407_pso,0.0678112,52,-999,18574.5,18574.5,1,-999
14,gen=14_member=1408_pso,7.02549,172,-999,5194.2,5194.2,1,-999
14,gen=14_member=1409_pso,0.00473254,7,-999,19879.5,19879.5,1,-999
14,gen=14_member=1410_pso,0.0236205,25,-999,19600.5,19600.5,1,-999
14,gen=14_member=1411_pso,0.529797,136,-999,10720.4,10720.4,1,-999
14,gen=14_member=1412_pso,0.178651,103,-999,14647.5,14647.5,1,-999
14,gen=14_member=1413_pso,0.0466193,42,-999,19039.5,19039.5,1,-999
14,gen=14_member=1414_pso,0.122534,77,-999,16974.5,16974.5,1,-999
14,gen=14_member=1415_pso,0.214691,118,-999,12997.5,12997.5,1,-999
14,gen=14_member=1416_pso,1.66698,150,-999,8725.37,8725.37,1,-999
14,gen=14_member=1417_pso,0.88178,141,-999,10030.4,10030.4,1,-999
14,gen=14_member=1418_pso,14.2746,179,-999,3969.1,3969.1,1,-999
14,gen=14_member=1419_pso,59.7806,192,-999,1564.02,1564.02,1,-999
14,gen=14_member=1420_pso,0.0184765,21,-999,19690.5,19690.5,1,-999
14,gen=14_member=1421_pso,0.122909,80,-999,16740.5,16740.5,1,-999
14,gen=14_member=1422_pso,25.1245,187,-999,2509.06,2509.06,1,-999
14,gen=14_member=1423_pso,0.0737433,55,-999,18415.5,18415.5,1,-999
14,gen=14_member=1424_pso,2.31435,157,-999,7654.31,7654.31,1,-999
14,gen=14_member=1425_pso,0.576132,138,-999,10447.4,10447.4,1,-999
14,gen=14_member=1426_pso,2.63253,159,-999,7339.29,7339.29,1,-999
14,gen=14_member=1427_pso,0.188101,107,-999,14229.5,14229.5,1,-999
14,gen=14_member=1428_pso,5.46869,168,-999,5872.21,5872.21,1,-999
14,gen=14_member=1429_pso,0.0122711,16,-999,19780.5,19780.5,1,-999
14,gen=14_member=1430_pso,6.27019,170,-999,5535.21,5535.21,1,-999
14,gen=14_member=1431_pso,92.4973,193,-999,1372.01,1372.01,1,-999
14,gen=14_member=1432_pso,2.14455,154,-999,8119.33,8119.33,1,-999
14,gen=14_member=1433_pso,0.569986,137,-999,10584.4,10584.4,1,-999
14,gen=14_member=1434_pso,9.54885,175,-999,4675.15,4675.15,1,-999
14,gen=14_member=1435_pso,5.39084,167,-999,6039.21,6039.21,1,-999
14,gen=14_member=1436_pso,1.13205,146,-999,9315.38,9315.38,1,-999
14,gen=14_member=1437_pso,22.858,186,-999,2695.07,2695.07,1,-999
14,gen=14_member=1438_pso,0.0840639,61,-999,18070.5,18070.5,1,-999
14,gen=14_member=1439_pso,20.4154,184,-999,3064.08,3064.08,1,-999
14,gen=14_member=1440_pso,2.63145,158,-999,7497.29,7497.29,1,-999
14,gen=14_member=1441_pso,0.00856876,12,-999,19834.5,19834.5,1,-999
14,gen=14_member=1442_pso,126.135,196,-999,790.009,790.009,1,-999
14,gen=14_member=1443_pso,11.0938,178,-999,4147.13,4147.13,1,-999
14,gen=14_member=1444_pso,0.171011,101,-999,14850.5,14850.5,1,-999
14,gen=14_member=1445_pso,1.15214,147,-999,9169.38,9169.38,1,-999
14,gen=14_member=1446_pso,1365.96,200,-999,0.00074344,0.00074344,1,-999
14,gen=14_member=1447_pso,0.365935,134,-999,10989.5,10989.5,1,-999
14,gen=14_member=1448_pso,15.8233,181,-999,3610.09,3610.09,1,-999
14,gen=14_member=1449_pso,26.6551,189,-999,2134.05,2134.05,1,-999
14,gen=14_member=1450_pso,7.67598,173,-999,5022.2,5022.2,1,-999
14,gen=14_member=1451_pso,0.189325,108,-999,14122.5,14122.5,1,-999
14,gen=14_member=1452_pso,0.783919,139,-999,10309.4,10309.4,1,-999
14,gen=14_member=1453_pso,1.84596,151,-999,8575.36,8575.36,1,-999
14,gen=14_member=1454_pso,6.52075,171,-999,5365.2,5365.2,1,-999
14,gen=14_member=1455_pso,0.0858747,62,-999,18009.5,18009.5,1,-999
14,gen=14_member=1456_pso,5.99678,169,-999,5704.21,5704.21,1,-999
14,gen=14_member=1457_pso,53.1558,191,-999,1755.02,1755.02,1,-999
14,gen=14_member=1458_pso,0.362593,133,-999,11122.5,11122.5,1,-999
14,gen=14_member=1459_pso,2.01542,153,-999,8272.34,8272.34,1,-999
14,gen=14_member=1460_pso,15.1284,180,-999,3790.1,3790.1,1,-999
14,gen=14_member=1461_pso,4.72112,163,-999,6697.23,6697.23,1,-999
14,gen=14_member=1462_pso,0.00156306,6,-999,19885.5,19885.5,1,-999
14,gen=14_member=1463_pso,1.09114,145,-999,9460.39,9460.39,1,-999
14,gen=14_member=1464_pso,10.4423,177,-999,4324.14,4324.14,1,-999
14,gen=14_member=1465_pso,0.501531,135,-999,10855.4,10855.4,1,-999
14,gen=14_member=1466_pso,0.00125158,3,-999,19897.5,19897.5,1,-999
14,gen=14_member=1467_pso,195.972,198,-999,397.006,397.006,1,-999
14,gen=14_member=1468_pso,19.0957,183,-999,3247.09,3247.09,1,-999
14,gen=14_member=1469_pso,0.017775,20,-999,19710.5,19710.5,1,-999
14,gen=14_member=1470_pso,0.0109463,13,-999,19822.5,19822.5,1,-999
14,gen=14_member=1471_pso,0.119413,75,-999,17125.5,17125.5,1,-999
14,gen=14_member=1472_pso,8.66187,174,-999,4849.18,4849.18,1,-999
14,gen=14_member=1473_pso,0.877205,140,-999,10170.4,10170.4,1,-999
14,gen=14_member=1474_pso,181.77,197,-999,594.006,594.006,1,-999
14,gen=14_member=1475_pso,97.5614,194,-999,1179.01,1179.01,1,-999
14,gen=14_member=1476_pso,26.4799,188,-999,2322.05,2322.05,1,-999
14,gen=14_member=1477_pso,5.34523,166,-999,6205.21,6205.21,1,-999
14,gen=14_member=1478_pso,0.258822,128,-999,11772.5,11772.5,1,-999
14,gen=14_member=1479_pso,336.151,199,-999,199.003,199.003,1,-999
14,gen=14_member=1480_pso,0.97071,143,-999,9747.4,9747.4,1,-999
14,gen=14_member=1481_pso,16.4922,182,-999,3429.09,3429.09,1,-999
14,gen=14_member=1482_pso,1.30601,148,-999,9022.37,9022.37,1,-999
14,gen=14_member=1483_pso,0.269095,130,-999,11515.5,11515.5,1,-999
14,gen=14_member=1484_pso,34.1594,190,-999,1945.04,1945.04,1,-999
14,gen=14_member=1485_pso,21.8626,185,-999,2880.07,2880.07,1,-999
14,gen=14_member=1486_pso,5.29209,165,-999,6370.21,6370.21,1,-999
14,gen=14_member=1487_pso,3.4328,160,-999,7180.27,7180.27,1,-999
14,gen=14_member=1488_pso,0.00147179,5,-999,19890.5,19890.5,1,-999
14,gen=14_member=1489_pso,0.181439,105,-999,14440.5,14440.5,1,-999
14,gen=14_member=1490_pso,0.0318528,29,-999,19494.5,19494.5,1,-999
14,gen=14_member=1491_pso,5.07235,164,-999,6534.23,6534.23,1,-999
14,gen=14_member=1492_pso,2.24135,156,-999,7810.32,7810.32,1,-999
14,gen=14_member=1493_pso,1.42147,149,-999,8874.38,8874.38,1,-999
14,gen=14_member=1494_pso,0.33996,132,-999,11254.5,11254.5,1,-999
14,gen=14_member=1495_pso,0.963408,142,-999,9889.41,9889.41,1,-999
14,gen=14_member=1496_pso,109.219,195,-999,985.011,985.011,1,-999
14,gen=14_member=1497_pso,4.09118,162,-999,6859.26,6859.26,1,-999
14,gen=14_member=1498_pso,9.58223,176,-999,4500.15,4500.15,1,-999
14,gen=14_member=1499_pso,1.9636,152,-999,8424.35,8424.35,1,-999
14,gen=13_member=1373_pso,0.000426779,1,-999,19900.5,19900.5,1,-999
14,gen=13_member=1353_pso,0.000821212,2,-999,19899.5,19899.5,1,-999
14,gen=12_member=1281_pso,0.00127376,4,-999,19894.5,19894.5,1,-999
14,gen=12_member=1285_pso,0.00512154,8,-999,19872.5,19872.5,1,-999
14,gen=7_member=772_pso,0.00629133,9,-999,19864.5,19864.5,1,-999
14,gen=9_member=989_pso,0.00640127,10,-999,19855.5,19855.5,1,-999
14,gen=12_member=1258_pso,0.00758467,11,-999,19845.5,19845.5,1,-999
14,gen=12_member=1287_pso,0.0111781,14,-999,19809.5,19809.5,1,-999
14,gen=12_member=1223_pso,0.0117107,15,-999,19795.5,19795.5,1,-999
14,gen=12_member=1284_pso,0.0124042,17,-999,19764.5,19764.5,1,-999
14,gen=13_member=1356_pso,0.0157651,18,-999,19747.5,19747.5,1,-999
14,gen=13_member=1307_pso,0.0174802,19,-999,19729.5,19729.5,1,-999
14,gen=13_member=1371_pso,0.0187885,22,-999,19669.5,19669.5,1,-999
14,gen=7_member=732_pso,0.0196801,23,-999,19647.5,19647.5,1,-999
14,gen=12_member=1290_pso,0.0213462,24,-999,19624.5,19624.5,1,-999
14,gen=13_member=1317_pso,0.0239066,26,-999,19575.5,19575.5,1,-999
14,gen=1_member=114_pso,0.0251893,27,-999,19549.5,19549.5,1,-999
14,gen=12_member=1240_pso,0.0309728,28,-999,19522.5,19522.5,1,-999
14,gen=13_member=1337_pso,0.0333609,30,-999,19465.5,19465.5,1,-999
14,gen=3_member=352_pso,0.0335051,31,-999,19435.5,19435.5,1,-999
14,gen=7_member=723_pso,0.034814,32,-999,19404.5,19404.5,1,-999
14,gen=8_member=812_pso,0.035259,33,-999,19372.5,19372.5,1,-999
14,gen=11_member=1177_pso,0.0354861,34,-999,19339.5,19339.5,1,-999
14,gen=11_member=1147_pso,0.0369318,35,-999,19305.5,19305.5,1,-999
14,gen=13_member=1334_pso,0.037637,36,-999,19270.5,19270.5,1,-999
14,gen=10_member=1006_pso,0.0411573,38,-999,19197.5,19197.5,1,-999
14,gen=12_member=1286_pso,0.0417042,39,-999,19159.5,19159.5,1,-999
14,gen=11_member=1196_pso,0.0435797,40,-999,19120.5,19120.5,1,-999
14,gen=12_member=1233_pso,0.0438395,41,-999,19080.5,19080.5,1,-999
14,gen=9_member=940_pso,0.0513656,43,-999,18997.5,18997.5,1,-999
14,gen=9_member=905_pso,0.0538261,44,-999,18954.5,18954.5,1,-999
14,gen=4_member=450_pso,0.0560049,45,-999,18910.5,18910.5,1,-999
14,gen=11_member=1164_pso,0.0565807,46,-999,18865.5,18865.5,1,-999
14,gen=11_member=1151_pso,0.0581115,47,-999,18819.5,18819.5,1,-999
14,gen=5_member=503_pso,0.0596551,48,-999,18772.5,18772.5,1,-999
14,gen=12_member=1226_pso,0.0633818,49,-999,18724.5,18724.5,1,-999
14,gen=7_member=749_pso,0.0639323,50,-999,18675.5,18675.5,1,-999
14,gen=8_member=861_pso,0.0675721,51,-999,18625.5,18625.5,1,-999
14,gen=13_member=1396_pso,0.0680781,53,-999,18522.5,18522.5,1,-999
14,gen=11_member=1171_pso,0.0698999,54,-999,18469.5,18469.5,1,-999
14,gen=4_member=413_pso,0.0749515,56,-999,18360.5,18360.5,1,-999
14,gen=8_member=840_pso,0.0753158,57,-999,18304.5,18304.5,1,-999
14,gen=13_member=1392_pso,0.0802931,58,-999,18247.5,18247.5,1,-999
14,gen=10_member=1027_pso,0.0871481,63,-999,17947.5,17947.5,1,-999
14,gen=11_member=1158_pso,0.0897388,64,-999,17884.5,17884.5,1,-999
14,gen=10_member=1086_pso,0.0974464,65,-999,17820.5,17820.5,1,-999
14,gen=6_member=630_pso,0.0979108,66,-999,17755.5,17755.5,1,-999
14,gen=12_member=1272_pso,0.102065,67,-999,17689.5,17689.5,1,-999
14,gen=11_member=1140_pso,0.106624,68,-999,17622.5,17622.5,1,-999
14,gen=7_member=724_pso,0.10911,70,-999,17485.5,17485.5,1,-999
14,gen=10_member=1010_pso,0.109131,71,-999,17415.5,17415.5,1,-999
14,gen=13_member=1305_pso,0.109495,72,-999,17344.5,17344.5,1,-999
14,gen=10_member=1088_pso,0.111624,73,-999,17272.5,17272.5,1,-999
14,gen=7_member=736_pso,0.117654,74,-999,17199.5,17199.5,1,-999
14,gen=12_member=1249_pso,0.119662,76,-999,17050.5,17050.5,1,-999
14,gen=13_member=1344_pso,0.122595,78,-999,16897.5,16897.5,1,-999
14,gen=7_member=726_pso,0.122733,79,-999,16819.5,16819.5,1,-999
14,gen=4_member=408_pso,0.126403,81,-999,16660.5,16660.5,1,-999
14,gen=12_member=1209_pso,0.12662,82,-999,16579.5,16579.5,1,-999
14,gen=12_member=1292_pso,0.126969,83,-999,16497.5,16497.5,1,-999
14,gen=10_member=1076_pso,0.127948,84,-999,16414.5,16414.5,1,-999
14,gen=11_member=1184_pso,0.128605,85,-999,16330.5,16330.5,1,-999
14,gen=8_member=804_pso,0.130494,86,-999,16245.5,16245.5,1,-999
14,gen=12_member=1231_pso,0.132142,87,-999,16159.5,16159.5,1,-999
14,gen=11_member=1120_pso,0.132483,88,-999,16072.5,16072.5,1,-999
14,gen=13_member=1384_pso,0.135771,89,-999,15984.5,15984.5,1,-999
14,gen=11_member=1165_pso,0.139916,90,-999,15895.5,15895.5,1,-999
14,gen=1_member=103_pso,0.148361,91,-999,15805.5,15805.5,1,-999
14,gen=8_member=821_pso,0.150156,92,-999,15714.5,15714.5,1,-999
14,gen=10_member=1032_pso,0.152734,93,-999,15622.5,15622.5,1,-999
14,gen=11_member=1101_pso,0.15391,94,-999,15529.5,15529.5,1,-999
14,gen=9_member=953_pso,0.154481,95,-999,15435.5,15435.5,1,-999
14,gen=4_member=421_pso,0.157483,96,-999,15340.5,15340.5,1,-999
14,gen=12_member=1296_pso,0.157677,97,-999,15244.5,15244.5,1,-999
14,gen=9_member=968_pso,0.159939,98,-999,15147.5,15147.5,1,-999
14,gen=13_member=1339_pso,0.163075,99,-999,15049.5,15049.5,1,-999
14,gen=12_member=1207_pso,0.16518,100,-999,14950.5,14950.5,1,-999
14,gen=4_member=494_pso,0.17677,102,-999,14749.5,14749.5,1,-999
14,gen=13_member=1300_pso,0.179551,104,-999,14544.5,14544.5,1,-999
14,gen=8_member=877_pso,0.187189,106,-999,14335.5,14335.5,1,-999
14,gen=11_member=1178_pso,0.1899,109,-999,14014.5,14014.5,1,-999
14,gen=8_member=846_pso,0.19139,110,-999,13905.5,13905.5,1,-999
14,gen=13_member=1327_pso,0.191638,111,-999,13795.5,13795.5,1,-999
14,gen=11_member=1198_pso,0.192751,112,-999,13684.5,13684.5,1,-999
14,gen=10_member=1024_pso,0.195646,113,-999,13572.5,13572.5,1,-999
14,gen=1_member=146_pso,0.197237,114,-999,13459.5,13459.5,1,-999
14,gen=13_member=1318_pso,0.204271,115,-999,13345.5,13345.5,1,-999
14,gen=12_member=1262_pso,0.206726,116,-999,13230.5,13230.5,1,-999
14,gen=10_member=1005_pso,0.210609,117,-999,13114.5,13114.5,1,-999
14,gen=12_member=1243_pso,0.215403,119,-999,12879.5,12879.5,1,-999
14,gen=11_member=1141_pso,0.222519,120,-999,12760.5,12760.5,1,-999
14,gen=12_member=1297_pso,0.22371,121,-999,12640.5,12640.5,1,-999
14,gen=4_member=499_pso,0.224983,122,-999,12519.5,12519.5,1,-999
14,gen=6_member=611_pso,0.23479,123,-999,12397.5,12397.5,1,-999
14,gen=13_member=1311_pso,0.236415,124,-999,12274.5,12274.5,1,-999
14,gen=9_member=942_pso,0.241533,125,-999,12150.5,12150.5,1,-999
14,gen=9_member=964_pso,0.246034,126,-999,12025.5,12025.5,1,-999
14,gen=5_member=591_pso,0.24716,127,-999,11899.5,11899.5,1,-999
14,gen=9_member=909_pso,0.262023,129,-999,11644.5,11644.5,1,-999
14,gen=5_member=533_pso,0.274673,131,-999,11385.5,11385.5,1,-999
15,gen=15_member=1500_pso,0.082731,79,-999,16819.5,16819.5,1,-999
15,gen=15_member=1501_pso,0.0648482,66,-999,17755.5,17755.5,1,-999
15,gen=15_member=1502_pso,0.0465156,54,-999,18469.5,18469.5,1,-999
15,gen=15_member=1503_pso,0.183801,127,-999,11899.5,11899.5,1,-999
15,gen=15_member=1504_pso,2.09842,165,-999,6370.37,6370.37,1,-999
15,gen=15_member=1505_pso,0.286175,134,-999,10989.5,10989.5,1,-999
15,gen=15_member=1506_pso,0.192156,128,-999,11772.5,11772.5,1,-999
15,gen=15_member=1507_pso,0.376735,139,-999,10309.5,10309.5,1,-999
15,gen=15_member=1508_pso,1.57906,158,-999,7497.38,7497.38,1,-999
15,gen=15_member=1509_pso,0.639331,148,-999,9022.43,9022.43,1,-999
15,gen=15_member=1510_pso,4.88291,174,-999,4849.21,4849.21,1,-999
15,gen=15_member=1511_pso,0.0225859,32,-999,19404.5,19404.5,1,-999
15,gen=15_member=1512_pso,0.0748141,73,-999,17272.5,17272.5,1,-999
15,gen=15_member=1513_pso,0.00328155,7,-999,19879.5,19879.5,1,-999
15,gen=15_member=1514_pso,10.9216,179,-999,3969.1,3969.1,1,-999
15,gen=15_member=1515_pso,0.498921,147,-999,9169.46,9169.46,1,-999
15,gen=15_member=1516_pso,1.25709,154,-999,8119.37,8119.37,1,-999
15,gen=15_member=1517_pso,0.0335986,42,-999,19039.5,19039.5,1,-999
15,gen=15_member=1518_pso,0.0782213,76,-999,17050.5,17050.5,1,-999
15,gen=15_member=1519_pso,0.324432,137,-999,10584.5,10584.5,1,-999
15,gen=15_member=1520_pso,0.218301,131,-999,11385.5,11385.5,1,-999
15,gen=15_member=1521_pso,0.0139998,23,-999,19647.5,19647.5,1,-999
15,gen=15_member=1522_pso,11.0176,180,-999,3790.1,3790.1,1,-999
15,gen=15_member=1523_pso,0.0697481,70,-999,17485.5,17485.5,1,-999
15,gen=15_member=1524_pso,0.00512723,10,-999,19855.5,19855.5,1,-999
15,gen=15_member=1525_pso,1.71613,159,-999,7339.4,7339.4,1,-999
15,gen=15_member=1526_pso,6.59437,177,-999,4324.15,4324.15,1,-999
15,gen=15_member=1527_pso,0.441855,145,-999,9460.46,9460.46,1,-999
15,gen=15_member=1528_pso,0.405325,142,-999,9889.46,9889.46,1,-999
15,gen=15_member=1529_pso,22.3539,190,-999,1945.06,1945.06,1,-999
15,gen=15_member=1530_pso,18.1182,185,-999,2880.07,2880.07,1,-999
15,gen=15_member=1531_pso,1.48882,155,-999,7965.37,7965.37,1,-999
15,gen=15_member=1532_pso,0.144662,115,-999,13345.5,13345.5,1,-999
15,gen=15_member=1533_pso,19.2334,187,-999,2509.07,2509.07,1,-999
15,gen=15_member=1534_pso,0.213307,130,-999,11515.5,11515.5,1,-999
15,gen=15_member=1535_pso,0.687294,151,-999,8575.42,8575.42,1,-999
15,gen=15_member=1536_pso,0.115143,96,-999,15340.5,15340.5,1,-999
15,gen=15_member=1537_pso,0.032764,39,-999,19159.5,19159.5,1,-999
15,gen=15_member=1538_pso,0.200214,129,-999,11644.5,11644.5,1,-999
15,gen=15_member=1539_pso,2.11827,166,-999,6205.37,6205.37,1,-999
15,gen=15_member=1540_pso,5.14184,175,-999,4675.2,4675.2,1,-999
15,gen=15_member=1541_pso,14.2762,183,-999,3247.1,3247.1,1,-999
15,gen=15_member=1542_pso,0.110022,93,-999,15622.5,15622.5,1,-999
15,gen=15_member=1543_pso,19.1866,186,-999,2695.07,2695.07,1,-999
15,gen=15_member=1544_pso,92.6725,197,-999,594.012,594.012,1,-999
15,gen=15_member=1545_pso,0.180329,126,-999,12025.5,12025.5,1,-999
15,gen=15_member=1546_pso,3.10698,172,-999,5194.29,5194.29,1,-999
15,gen=15_member=1547_pso,2.05995,164,-999,6534.36,6534.36,1,-999
15,gen=15_member=1548_pso,2.88973,170,-999,5535.32,5535.32,1,-999
15,gen=15_member=1549_pso,0.474771,146,-999,9315.46,9315.46,1,-999
15,gen=15_member=1550_pso,3.52074,173,-999,5022.28,5022.28,1,-999
15,gen=15_member=1551_pso,0.220191,132,-999,11254.5,11254.5,1,-999
15,gen=15_member=1552_pso,0.242401,133,-999,11122.5,11122.5,1,-999
15,gen=15_member=1553_pso,7.52053,178,-999,4147.14,4147.14,1,-999
15,gen=15_member=1554_pso,0.719483,152,-999,8424.42,8424.42,1,-999
15,gen=15_member=1555_pso,16.5019,184,-999,3064.08,3064.08,1,-999
15,gen=15_member=1556_pso,1.57583,157,-999,7654.38,7654.38,1,-999
15,gen=15_member=1557_pso,21.876,189,-999,2134.06,2134.06,1,-999
15,gen=15_member=1558_pso,0.00687563,13,-999,19822.5,19822.5,1,-999
15,gen=15_member=1559_pso,0.0497398,56,-999,18360.5,18360.5,1,-999
15,gen=15_member=1560_pso,0.0292097,36,-999,19270.5,19270.5,1,-999
15,gen=15_member=1561_pso,0.326796,138,-999,10447.5,10447.5,1,-999
15,gen=15_member=1562_pso,34.005,192,-999,1564.04,1564.04,1,-999
15,gen=15_member=1563_pso,0.113822,95,-999,15435.5,15435.5,1,-999
15,gen=15_member=1564_pso,239.125,198,-999,397.004,397.004,1,-999
15,gen=15_member=1565_pso,938.55,200,-999,0.00108535,0.00108535,1,-999
15,gen=15_member=1566_pso,0.400852,141,-999,10030.5,10030.5,1,-999
15,gen=15_member=1567_pso,21.3157,188,-999,2322.06,2322.06,1,-999
15,gen=15_member=1568_pso,6.17648,176,-999,4500.16,4500.16,1,-999
15,gen=15_member=1569_pso,83.2107,196,-999,790.014,790.014,1,-999
15,gen=15_member=1570_pso,0.415546,144,-999,9604.46,9604.46,1,-999
15,gen=15_member=1571_pso,0.663996,150,-999,8725.43,8725.43,1,-999
15,gen=15_member=1572_pso,1.91471,161,-999,7020.37,7020.37,1,-999
15,gen=15_member=1573_pso,1.98698,163,-999,6697.37,6697.37,1,-999
15,gen=15_member=1574_pso,12.4667,182,-999,3429.09,3429.09,1,-999
15,gen=15_member=1575_pso,2.69347,168,-999,5872.34,5872.34,1,-999
15,gen=15_member=1576_pso,0.312152,135,-999,10855.5,10855.5,1,-999
15,gen=15_member=1577_pso,32.8662,191,-999,1755.04,1755.04,1,-999
15,gen=15_member=1578_pso,0.131587,110,-999,13905.5,13905.5,1,-999
15,gen=15_member=1579_pso,2.93319,171,-999,5365.31,5365.31,1,-999
15,gen=15_member=1580_pso,11.9274,181,-999,3610.1,3610.1,1,-999
15,gen=15_member=1581_pso,0.393363,140,-999,10170.5,10170.5,1,-999
15,gen=15_member=1582_pso,1.96861,162,-999,6859.37,6859.37,1,-999
15,gen=15_member=1583_pso,53.3101,194,-999,1179.02,1179.02,1,-999
15,gen=15_member=1584_pso,2.82918,169,-999,5704.32,5704.32,1,-999
15,gen=15_member=1585_pso,0.033622,43,-999,18997.5,18997.5,1,-999
15,gen=15_member=1586_pso,1.24651,153,-999,8272.37,8272.37,1,-999
15,gen=15_member=1587_pso,1.82539,160,-999,7180.39,7180.39,1,-999
15,gen=15_member=1588_pso,0.322757,136,-999,10720.5,10720.5,1,-999
15,gen=15_member=1589_pso,0.0205004,30,-999,19465.5,19465.5,1,-999
15,gen=15_member=1590_pso,814.008,199,-999,199.001,199.001,1,-999
15,gen=15_member=1591_pso,73.3888,195,-999,985.016,985.016,1,-999
15,gen=15_member=1592_pso,0.00743347,14,-999,19809.5,19809.5,1,-999
15,gen=15_member=1593_pso,0.0538367,59,-999,18189.5,18189.5,1,-999
15,gen=15_member=1594_pso,47.875,193,-999,1372.03,1372.03,1,-999
15,gen=15_member=1595_pso,2.19668,167,-999,6039.37,6039.37,1,-999
15,gen=15_member=1596_pso,1.5525,156,-999,7810.38,7810.38,1,-999
15,gen=15_member=1597_pso,0.413993,143,-999,9747.46,9747.46,1,-999
15,gen=15_member=1598_pso,0.655782,149,-999,8874.43,8874.43,1,-999
15,gen=15_member=1599_pso,0.0113308,19,-999,19729.5,19729.5,1,-999
15,gen=13_member=1373_pso,0.000426779,1,-999,19900.5,19900.5,1,-999
15,gen=13_member=1353_pso,0.000821212,2,-999,19899.5,19899.5,1,-999
15,gen=14_member=1466_pso,0.00125158,3,-999,19897.5,19897.5,1,-999
15,gen=12_member=1281_pso,0.00127376,4,-999,19894.5,19894.5,1,-999
15,gen=14_member=1488_pso,0.00147179,5,-999,19890.5,19890.5,1,-999
15,gen=14_member=1462_pso,0.00156306,6,-999,19885.5,19885.5,1,-999
15,gen=14_member=1409_pso,0.00473254,8,-999,19872.5,19872.5,1,-999
15,gen=12_member=1285_pso,0.00512154,9,-999,19864.5,19864.5,1,-999
15,gen=7_member=772_pso,0.00629133,11,-999,19845.5,19845.5,1,-999
15,gen=9_member=989_pso,0.00640127,12,-999,19834.5,19834.5,1,-999
15,gen=12_member=1258_pso,0.00758467,15,-999,19795.5,19795.5,1,-999
15,gen=14_member=1441_pso,0.00856876,16,-999,19780.5,19780.5,1,-999
15,gen=14_member=1470_pso,0.0109463,17,-999,19764.5,19764.5,1,-999
15,gen=12_member=1287_pso,0.0111781,18,-999,19747.5,19747.5,1,-999
15,gen=12_member=1223_pso,0.0117107,20,-999,19710.5,19710.5,1,-999
15,gen=14_member=1429_pso,0.0122711,21,-999,19690.5,19690.5,1,-999
15,gen=12_member=1284_pso,0.0124042,22,-999,19669.5,19669.5,1,-999
15,gen=13_member=1356_pso,0.0157651,24,-999,19624.5,19624.5,1,-999
15,gen=13_member=1307_pso,0.0174802,25,-999,19600.5,19600.5,1,-999
15,gen=14_member=1469_pso,0.017775,26,-999,19575.5,19575.5,1,-999
15,gen=14_member=1420_pso,0.0184765,27,-999,19549.5,19549.5,1,-999
15,gen=13_member=1371_pso,0.0187885,28,-999,19522.5,19522.5,1,-999
15,gen=7_member=732_pso,0.0196801,29,-999,19494.5,19494.5,1,-999
15,gen=12_member=1290_pso,0.0213462,31,-999,19435.5,19435.5,1,-999
15,gen=14_member=1410_pso,0.0236205,33,-999,19372.5,19372.5,1,-999
15,gen=13_member=1317_pso,0.0239066,34,-999,19339.5,19339.5,1,-999
15,gen=1_member=114_pso,0.0251893,35,-999,19305.5,19305.5,1,-999
15,gen=12_member=1240_pso,0.0309728,37,-999,19234.5,19234.5,1,-999
15,gen=14_member=1490_pso,0.0318528,38,-999,19197.5,19197.5,1,-999
15,gen=13_member=1337_pso,0.0333609,40,-999,19120.5,19120.5,1,-999
15,gen=3_member=352_pso,0.0335051,41,-999,19080.5,19080.5,1,-999
15,gen=7_member=723_pso,0.034814,44,-999,18954.5,18954.5,1,-999
15,gen=8_member=812_pso,0.035259,45,-999,18910.5,18910.5,1,-999
15,gen=11_member=1177_pso,0.0354861,46,-999,18865.5,18865.5,1,-999
15,gen=11_member=1147_pso,0.0369318,47,-999,18819.5,18819.5,1,-999
15,gen=13_member=1334_pso,0.037637,48,-999,18772.5,18772.5,1,-999
15,gen=14_member=1402_pso,0.0403997,49,-999,18724.5,18724.5,1,-999
15,gen=10_member=1006_pso,0.0411573,50,-999,18675.5,18675.5,1,-999
15,gen=12_member=1286_pso,0.0417042,51,-999,18625.5,18625.5,1,-999
15,gen=11_member=1196_pso,0.0435797,52,-999,18574.5,18574.5,1,-999
15,gen=12_member=1233_pso,0.0438395,53,-999,18522.5,18522.5,1,-999
15,gen=14_member=1413_pso,0.0466193,55,-999,18415.5,18415.5,1,-999
15,gen=9_member=940_pso,0.0513656,57,-999,18304.5,18304.5,1,-999
15,gen=9_member=905_pso,0.0538261,58,-999,18247.5,18247.5,1,-999
15,gen=4_member=450_pso,0.0560049,60,-999,18130.5,18130.5,1,-999
15,gen=11_member=1164_pso,0.0565807,61,-999,18070.5,18070.5,1,-999
15,gen=11_member=1151_pso,0.0581115,62,-999,18009.5,18009.5,1,-999
15,gen=5_member=503_pso,0.0596551,63,-999,17947.5,17947.5,1,-999
15,gen=12_member=1226_pso,0.0633818,64,-999,17884.5,17884.5,1,-999
15,gen=7_member=749_pso,0.0639323,65,-999,17820.5,17820.5,1,-999
15,gen=8_member=861_pso,0.0675721,67,-999,17689.5,17689.5,1,-999
15,gen=14_member=1407_pso,0.0678112,68,-999,17622.5,17622.5,1,-999
15,gen=13_member=1396_pso,0.0680781,69,-999,17554.5,17554.5,1,-999
15,gen=11_member=1171_pso,0.0698999,71,-999,17415.5,17415.5,1,-999
15,gen=14_member=1423_pso,0.0737433,72,-999,17344.5,17344.5,1,-999
15,gen=4_member=413_pso,0.0749515,74,-999,17199.5,17199.5,1,-999
15,gen=8_member=840_pso,0.0753158,75,-999,17125.5,17125.5,1,-999
15,gen=13_member=1392_pso,0.0802931,77,-999,16974.5,16974.5,1,-999
15,gen=14_member=1401_pso,0.0815933,78,-999,16897.5,16897.5,1,-999
15,gen=14_member=1400_pso,0.0831635,80,-999,16740.5,16740.5,1,-999
15,gen=14_member=1438_pso,0.0840639,81,-999,16660.5,16660.5,1,-999
15,gen=14_member=1455_pso,0.0858747,82,-999,16579.5,16579.5,1,-999
15,gen=10_member=1027_pso,0.0871481,83,-999,16497.5,16497.5,1,-999
15,gen=11_member=1158_pso,0.0897388,84,-999,16414.5,16414.5,1,-999
15,gen=10_member=1086_pso,0.0974464,85,-999,16330.5,16330.5,1,-999
15,gen=6_member=630_pso,0.0979108,86,-999,16245.5,16245.5,1,-999
15,gen=12_member=1272_pso,0.102065,87,-999,16159.5,16159.5,1,-999
15,gen=11_member=1140_pso,0.106624,88,-999,16072.5,16072.5,1,-999
15,gen=14_member=1403_pso,0.106638,89,-999,15984.5,15984.5,1,-999
15,gen=7_member=724_pso,0.10911,90,-999,15895.5,15895.5,1,-999
15,gen=10_member=1010_pso,0.109131,91,-999,15805.5,15805.5,1,-999
15,gen=13_member=1305_pso,0.109495,92,-999,15714.5,15714.5,1,-999
15,gen=10_member=1088_pso,0.111624,94,-999,15529.5,15529.5,1,-999
15,gen=7_member=736_pso,0.117654,97,-999,15244.5,15244.5,1,-999
15,gen=14_member=1471_pso,0.119413,98,-999,15147.5,15147.5,1,-999
15,gen=12_member=1249_pso,0.119662,99,-999,15049.5,15049.5,1,-999
15,gen=14_member=1414_pso,0.122534,100,-999,14950.5,14950.5,1,-999
15,gen=13_member=1344_pso,0.122595,101,-999,14850.5,14850.5,1,-999
15,gen=7_member=726_pso,0.122733,102,-999,14749.5,14749.5,1,-999
15,gen=14_member=1421_pso,0.122909,103,-999,14647.5,14647.5,1,-999
15,gen=4_member=408_pso,0.126403,104,-999,14544.5,14544.5,1,-999
15,gen=12_member=1209_pso,0.12662,105,-999,14440.5,14440.5,1,-999
15,gen=12_member=1292_pso,0.126969,106,-999,14335.5,14335.5,1,-999
15,gen=10_member=1076_pso,0.127948,107,-999,14229.5,14229.5,1,-999
15,gen=11_member=1184_pso,0.128605,108,-999,14122.5,14122.5,1,-999
15,gen=8_member=804_pso,0.130494,109,-999,14014.5,14014.5,1,-999
15,gen=12_member=1231_pso,0.132142,111,-999,13795.5,13795.5,1,-999
15,gen=11_member=1120_pso,0.132483,112,-999,13684.5,13684.5,1,-999
15,gen=13_member=1384_pso,0.135771,113,-999,13572.5,13572.5,1,-999
15,gen=11_member=1165_pso,0.139916,114,-999,13459.5,13459.5,1,-999
15,gen=1_member=103_pso,0.148361,116,-999,13230.5,13230.5,1,-999
15,gen=8_member=821_pso,0.150156,117,-999,13114.5,13114.5,1,-999
15,gen=10_member=1032_pso,0.152734,118,-999,12997.5,12997.5,1,-999
15,gen=11_member=1101_pso,0.15391,119,-999,12879.5,12879.5,1,-999
15,gen=9_member=953_pso,0.154481,120,-999,12760.5,12760.5,1,-999
15,gen=4_member=421_pso,0.157483,121,-999,12640.5,12640.5,1,-999
15,gen=12_member=1296_pso,0.157677,122,-999,12519.5,12519.5,1,-999
15,gen=9_member=968_pso,0.159939,123,-999,12397.5,12397.5,1,-999
15,gen=13_member=1339_pso,0.163075,124,-999,12274.5,12274.5,1,-999
15,gen=12_member=1207_pso,0.16518,125,-999,12150.5,12150.5,1,-999
16,gen=16_member=1600_pso,0.0822996,109,-999,14014.5,14014.5,1,-999
16,gen=16_member=1601_pso,0.0467633,78,-999,16897.5,16897.5,1,-999
16,gen=16_member=1602_pso,0.140105,139,-999,10309.5,10309.5,1,-999
16,gen=16_member=1603_pso,0.166662,147,-999,9169.49,9169.49,1,-999
16,gen=16_member=1604_pso,0.519117,161,-999,7020.43,7020.43,1,-999
16,gen=16_member=1605_pso,0.20136,151,-999,8575.49,8575.49,1,-999
16,gen=16_member=1606_pso,0.0631009,92,-999,15714.5,15714.5,1,-999
16,gen=16_member=1607_pso,0.141307,141,-999,10030.5,10030.5,1,-999
16,gen=16_member=1608_pso,0.114959,129,-999,11644.5,11644.5,1,-999
16,gen=16_member=1609_pso,0.0519469,83,-999,16497.5,16497.5,1,-999
16,gen=16_member=1610_pso,2.2883,172,-999,5194.27,5194.27,1,-999
16,gen=16_member=1611_pso,2.01081,170,-999,5535.29,5535.29,1,-999
16,gen=16_member=1612_pso,0.0132083,34,-999,19339.5,19339.5,1,-999
16,gen=16_member=1613_pso,0.150242,145,-999,9460.49,9460.49,1,-999
16,gen=16_member=1614_pso,4.34743,179,-999,3969.22,3969.22,1,-999
16,gen=16_member=1615_pso,0.00852647,25,-999,19600.5,19600.5,1,-999
16,gen=16_member=1616_pso,0.00325035,12,-999,19834.5,19834.5,1,-999
16,gen=16_member=1617_pso,0.380525,156,-999,7810.45,7810.45,1,-999
16,gen=16_member=1618_pso,0.0209562,45,-999,18910.5,18910.5,1,-999
16,gen=16_member=1619_pso,14.3833,187,-999,2509.08,2509.08,1,-999
16,gen=16_member=1620_pso,0.000369474,1,-999,19900.5,19900.5,1,-999
16,gen=16_member=1621_pso,0.279073,154,-999,8119.47,8119.47,1,-999
16,gen=16_member=1622_pso,0.124492,135,-999,10855.5,10855.5,1,-999
16,gen=16_member=1623_pso,0.0286573,53,-999,18522.5,18522.5,1,-999
16,gen=16_member=1624_pso,0.00314285,11,-999,19845.5,19845.5,1,-999
16,gen=16_member=1625_pso,0.211713,152,-999,8424.48,8424.48,1,-999
16,gen=16_member=1626_pso,0.231549,153,-999,8272.48,8272.48,1,-999
16,gen=16_member=1627_pso,0.716411,164,-999,6534.41,6534.41,1,-999
16,gen=16_member=1628_pso,3.18055,175,-999,4675.23,4675.23,1,-999
16,gen=16_member=1629_pso,0.0804074,107,-999,14229.5,14229.5,1,-999
16,gen=16_member=1630_pso,0.17531,148,-999,9022.49,9022.49,1,-999
16,gen=16_member=1631_pso,6.33063,183,-999,3247.16,3247.16,1,-999
16,gen=16_member=1632_pso,0.0470305,79,-999,16819.5,16819.5,1,-999
16,gen=16_member=1633_pso,2.09015,171,-999,5365.29,5365.29,1,-999
16,gen=16_member=1634_pso,29.7231,193,-999,1372.04,1372.04,1,-999
16,gen=16_member=1635_pso,0.0296086,55,-999,18415.5,18415.5,1,-999
16,gen=16_member=1636_pso,0.0165139,38,-999,19197.5,19197.5,1,-999
16,gen=16_member=1637_pso,0.187106,149,-999,8874.49,8874.49,1,-999
16,gen=16_member=1638_pso,1.71243,169,-999,5704.31,5704.31,1,-999
16,gen=16_member=1639_pso,44.2241,194,-999,1179.02,1179.02,1,-999
16,gen=16_member=1640_pso,11.762,186,-999,2695.1,2695.1,1,-999
16,gen=16_member=1641_pso,0.00411317,14,-999,19809.5,19809.5,1,-999
16,gen=16_member=1642_pso,0.0261787,51,-999,18625.5,18625.5,1,-999
16,gen=16_member=1643_pso,5.63008,180,-999,3790.18,3790.18,1,-999
16,gen=16_member=1644_pso,4.21959,178,-999,4147.22,4147.22,1,-999
16,gen=16_member=1645_pso,3.27132,176,-999,4500.23,4500.23,1,-999
16,gen=16_member=1646_pso,0.482894,159,-999,7339.44,7339.44,1,-999
16,gen=16_member=1647_pso,5.86966,181,-999,3610.17,3610.17,1,-999
16,gen=16_member=1648_pso,0.0138917,35,-999,19305.5,19305.5,1,-999
16,gen=16_member=1649_pso,0.0518264,82,-999,16579.5,16579.5,1,-999
16,gen=16_member=1650_pso,0.0107407,27,-999,19549.5,19549.5,1,-999
16,gen=16_member=1651_pso,0.883839,166,-999,6205.38,6205.38,1,-999
16,gen=16_member=1652_pso,2.60785,173,-999,5022.26,5022.26,1,-999
16,gen=16_member=1653_pso,0.062834,91,-999,15805.5,15805.5,1,-999
16,gen=16_member=1654_pso,8.94302,185,-999,2880.12,2880.12,1,-999
16,gen=16_member=1655_pso,0.140997,140,-999,10170.5,10170.5,1,-999
16,gen=16_member=1656_pso,0.147557,144,-999,9604.49,9604.49,1,-999
16,gen=16_member=1657_pso,1.08005,167,-999,6039.37,6039.37,1,-999
16,gen=16_member=1658_pso,0.002251,10,-999,19855.5,19855.5,1,-999
16,gen=16_member=1659_pso,94.8659,198,-999,397.011,397.011,1,-999
16,gen=16_member=1660_pso,0.353696,155,-999,7965.46,7965.46,1,-999
16,gen=16_member=1661_pso,0.0606743,90,-999,15895.5,15895.5,1,-999
16,gen=16_member=1662_pso,0.105545,119,-999,12879.5,12879.5,1,-999
16,gen=16_member=1663_pso,22.1858,192,-999,1564.05,1564.05,1,-999
16,gen=16_member=1664_pso,0.14404,142,-999,9889.49,9889.49,1,-999
16,gen=16_member=1665_pso,0.0435495,73,-999,17272.5,17272.5,1,-999
16,gen=16_member=1666_pso,5.97723,182,-999,3429.17,3429.17,1,-999
16,gen=16_member=1667_pso,0.127404,137,-999,10584.5,10584.5,1,-999
16,gen=16_member=1668_pso,0.00635387,19,-999,19729.5,19729.5,1,-999
16,gen=16_member=1669_pso,0.571336,162,-999,6859.42,6859.42,1,-999
16,gen=16_member=1670_pso,15.3709,188,-999,2322.08,2322.08,1,-999
16,gen=16_member=1671_pso,0.487833,160,-999,7180.43,7180.43,1,-999
16,gen=16_member=1672_pso,1.16178,168,-999,5872.36,5872.36,1,-999
16,gen=16_member=1673_pso,80.1709,195,-999,985.014,985.014,1,-999
16,gen=16_member=1674_pso,18.4268,190,-999,1945.06,1945.06,1,-999
16,gen=16_member=1675_pso,0.645975,163,-999,6697.41,6697.41,1,-999
16,gen=16_member=1676_pso,6.79879,184,-999,3064.15,3064.15,1,-999
16,gen=16_member=1677_pso,0.0400567,68,-999,17622.5,17622.5,1,-999
16,gen=16_member=1678_pso,0.000390274,2,-999,19899.5,19899.5,1,-999
16,gen=16_member=1679_pso,0.108676,122,-999,12519.5,12519.5,1,-999
16,gen=16_member=1680_pso,0.430306,158,-999,7497.45,7497.45,1,-999
16,gen=16_member=1681_pso,0.157701,146,-999,9315.49,9315.49,1,-999
16,gen=16_member=1682_pso,16.8803,189,-999,2134.07,2134.07,1,-999
16,gen=16_member=1683_pso,2.87939,174,-999,4849.24,4849.24,1,-999
16,gen=16_member=1684_pso,116.262,199,-999,199.009,199.009,1,-999
16,gen=16_member=1685_pso,708.836,200,-999,0.00143046,0.00143046,1,-999
16,gen=16_member=1686_pso,0.0286134,52,-999,18574.5,18574.5,1,-999
16,gen=16_member=1687_pso,0.043384,72,-999,17344.5,17344.5,1,-999
16,gen=16_member=1688_pso,0.147309,143,-999,9747.49,9747.49,1,-999
16,gen=16_member=1689_pso,19.2245,191,-999,1755.06,1755.06,1,-999
16,gen=16_member=1690_pso,87.8197,197,-999,594.012,594.012,1,-999
16,gen=16_member=1691_pso,0.00742482,22,-999,19669.5,19669.5,1,-999
16,gen=16_member=1692_pso,0.187634,150,-999,8725.49,8725.49,1,-999
16,gen=16_member=1693_pso,3.49772,177,-999,4324.23,4324.23,1,-999
16,gen=16_member=1694_pso,0.788876,165,-999,6370.4,6370.4,1,-999
16,gen=16_member=1695_pso,0.125804,136,-999,10720.5,10720.5,1,-999
16,gen=16_member=1696_pso,82.9083,196,-999,790.013,790.013,1,-999
16,gen=16_member=1697_pso,0.129764,138,-999,10447.5,10447.5,1,-999
16,gen=16_member=1698_pso,0.427911,157,-999,7654.45,7654.45,1,-999
16,gen=16_member=1699_pso,0.00121681,5,-999,19890.5,19890.5,1,-999
16,gen=13_member=1373_pso,0.000426779,3,-999,19897.5,19897.5,1,-999
16,gen=13_member=1353_pso,0.000821212,4,-999,19894.5,19894.5,1,-999
16,gen=14_member=1466_pso,0.00125158,6,-999,19885.5,19885.5,1,-999
16,gen=12_member=1281_pso,0.00127376,7,-999,19879.5,19879.5,1,-999
16,gen=14_member=1488_pso,0.00147179,8,-999,19872.5,19872.5,1,-999
16,gen=14_member=1462_pso,0.00156306,9,-999,19864.5,19864.5,1,-999
16,gen=15_member=1513_pso,0.00328155,13,-999,19822.5,19822.5,1,-999
16,gen=14_member=1409_pso,0.00473254,15,-999,19795.5,19795.5,1,-999
16,gen=12_member=1285_pso,0.00512154,16,-999,19780.5,19780.5,1,-999
16,gen=15_member=1524_pso,0.00512723,17,-999,19764.5,19764.5,1,-999
16,gen=7_member=772_pso,0.00629133,18,-999,19747.5,19747.5,1,-999
16,gen=9_member=989_pso,0.00640127,20,-999,19710.5,19710.5,1,-999
16,gen=15_member=1558_pso,0.00687563,21,-999,19690.5,19690.5,1,-999
16,gen=15_member=1592_pso,0.00743347,23,-999,19647.5,19647.5,1,-999
16,gen=12_member=1258_pso,0.00758467,24,-999,19624.5,19624.5,1,-999
16,gen=14_member=1441_pso,0.00856876,26,-999,19575.5,19575.5,1,-999
16,gen=14_member=1470_pso,0.0109463,28,-999,19522.5,19522.5,1,-999
16,gen=12_member=1287_pso,0.0111781,29,-999,19494.5,19494.5,1,-999
16,gen=15_member=1599_pso,0.0113308,30,-999,19465.5,19465.5,1,-999
16,gen=12_member=1223_pso,0.0117107,31,-999,19435.5,19435.5,1,-999
16,gen=14_member=1429_pso,0.0122711,32,-999,19404.5,19404.5,1,-999
16,gen=12_member=1284_pso,0.0124042,33,-999,19372.5,19372.5,1,-999
16,gen=15_member=1521_pso,0.0139998,36,-999,19270.5,19270.5,1,-999
16,gen=13_member=1356_pso,0.0157651,37,-999,19234.5,19234.5,1,-999
16,gen=13_member=1307_pso,0.0174802,39,-999,19159.5,19159.5,1,-999
16,gen=14_member=1469_pso,0.017775,40,-999,19120.5,19120.5,1,-999
16,gen=14_member=1420_pso,0.0184765,41,-999,19080.5,19080.5,1,-999
16,gen=13_member=1371_pso,0.0187885,42,-999,19039.5,19039.5,1,-999
16,gen=7_member=732_pso,0.0196801,43,-999,18997.5,18997.5,1,-999
16,gen=15_member=1589_pso,0.0205004,44,-999,18954.5,18954.5,1,-999
16,gen=12_member=1290_pso,0.0213462,46,-999,18865.5,18865.5,1,-999
16,gen=15_member=1511_pso,0.0225859,47,-999,18819.5,18819.5,1,-999
16,gen=14_member=1410_pso,0.0236205,48,-999,18772.5,18772.5,1,-999
16,gen=13_member=1317_pso,0.0239066,49,-999,18724.5,18724.5,1,-999
16,gen=1_member=114_pso,0.0251893,50,-999,18675.5,18675.5,1,-999
16,gen=15_member=1560_pso,0.0292097,54,-999,18469.5,18469.5,1,-999
16,gen=12_member=1240_pso,0.0309728,56,-999,18360.5,18360.5,1,-999
16,gen=14_member=1490_pso,0.0318528,57,-999,18304.5,18304.5,1,-999
16,gen=15_member=1537_pso,0.032764,58,-999,18247.5,18247.5,1,-999
16,gen=13_member=1337_pso,0.0333609,59,-999,18189.5,18189.5,1,-999
16,gen=3_member=352_pso,0.0335051,60,-999,18130.5,18130.5,1,-999
16,gen=15_member=1517_pso,0.0335986,61,-999,18070.5,18070.5,1,-999
16,gen=15_member=1585_pso,0.033622,62,-999,18009.5,18009.5,1,-999
16,gen=7_member=723_pso,0.034814,63,-999,17947.5,17947.5,1,-999
16,gen=8_member=812_pso,0.035259,64,-999,17884.5,17884.5,1,-999
16,gen=11_member=1177_pso,0.0354861,65,-999,17820.5,17820.5,1,-999
16,gen=11_member=1147_pso,0.0369318,66,-999,17755.5,17755.5,1,-999
16,gen=13_member=1334_pso,0.037637,67,-999,17689.5,17689.5,1,-999
16,gen=14_member=1402_pso,0.0403997,69,-999,17554.5,17554.5,1,-999
16,gen=10_member=1006_pso,0.0411573,70,-999,17485.5,17485.5,1,-999
16,gen=12_member=1286_pso,0.0417042,71,-999,17415.5,17415.5,1,-999
16,gen=11_member=1196_pso,0.0435797,74,-999,17199.5,17199.5,1,-999
16,gen=12_member=1233_pso,0.0438395,75,-999,17125.5,17125.5,1,-999
16,gen=15_member=1502_pso,0.0465156,76,-999,17050.5,17050.5,1,-999
16,gen=14_member=1413_pso,0.0466193,77,-999,16974.5,16974.5,1,-999
16,gen=15_member=1559_pso,0.0497398,80,-999,16740.5,16740.5,1,-999
16,gen=9_member=940_pso,0.0513656,81,-999,16660.5,16660.5,1,-999
16,gen=9_member=905_pso,0.0538261,84,-999,16414.5,16414.5,1,-999
16,gen=15_member=1593_pso,0.0538367,85,-999,16330.5,16330.5,1,-999
16,gen=4_member=450_pso,0.0560049,86,-999,16245.5,16245.5,1,-999
16,gen=11_member=1164_pso,0.0565807,87,-999,16159.5,16159.5,1,-999
16,gen=11_member=1151_pso,0.0581115,88,-999,16072.5,16072.5,1,-999
16,gen=5_member=503_pso,0.0596551,89,-999,15984.5,15984.5,1,-999
16,gen=12_member=1226_pso,0.0633818,93,-999,15622.5,15622.5,1,-999
16,gen=7_member=749_pso,0.0639323,94,-999,15529.5,15529.5,1,-999
16,gen=15_member=1501_pso,0.0648482,95,-999,15435.5,15435.5,1,-999
16,gen=8_member=861_pso,0.0675721,96,-999,15340.5,15340.5,1,-999
16,gen=14_member=1407_pso,0.0678112,97,-999,15244.5,15244.5,1,-999
16,gen=13_member=1396_pso,0.0680781,98,-999,15147.5,15147.5,1,-999
16,gen=15_member=1523_pso,0.0697481,99,-999,15049.5,15049.5,1,-999
16,gen=11_member=1171_pso,0.0698999,100,-999,14950.5,14950.5,1,-999
16,gen=14_member=1423_pso,0.0737433,101,-999,14850.5,14850.5,1,-999
16,gen=15_member=1512_pso,0.0748141,102,-999,14749.5,14749.5,1,-999
16,gen=4_member=413_pso,0.0749515,103,-999,14647.5,14647.5,1,-999
16,gen=8_member=840_pso,0.0753158,104,-999,14544.5,14544.5,1,-999
16,gen=15_member=1518_pso,0.0782213,105,-999,14440.5,14440.5,1,-999
16,gen=13_member=1392_pso,0.0802931,106,-999,14335.5,14335.5,1,-999
16,gen=14_member=1401_pso,0.0815933,108,-999,14122.5,14122.5,1,-999
16,gen=15_member=1500_pso,0.082731,110,-999,13905.5,13905.5,1,-999
16,gen=14_member=1400_pso,0.0831635,111,-999,13795.5,13795.5,1,-999
16,gen=14_member=1438_pso,0.0840639,112,-999,13684.5,13684.5,1,-999
16,gen=14_member=1455_pso,0.0858747,113,-999,13572.5,13572.5,1,-999
16,gen=10_member=1027_pso,0.0871481,114,-999,13459.5,13459.5,1,-999
16,gen=11_member=1158_pso,0.0897388,115,-999,13345.5,13345.5,1,-999
16,gen=10_member=1086_pso,0.0974464,116,-999,13230.5,13230.5,1,-999
16,gen=6_member=630_pso,0.0979108,117,-999,13114.5,13114.5,1,-999
16,gen=12_member=1272_pso,0.102065,118,-999,12997.5,12997.5,1,-999
16,gen=11_member=1140_pso,0.106624,120,-999,12760.5,12760.5,1,-999
16,gen=14_member=1403_pso,0.106638,121,-999,12640.5,12640.5,1,-999
16,gen=7_member=724_pso,0.10911,123,-999,12397.5,12397.5,1,-999
16,gen=10_member=1010_pso,0.109131,124,-999,12274.5,12274.5,1,-999
16,gen=13_member=1305_pso,0.109495,125,-999,12150.5,12150.5,1,-999
16,gen=15_member=1542_pso,0.110022,126,-999,12025.5,12025.5,1,-999
16,gen=10_member=1088_pso,0.111624,127,-999,11899.5,11899.5,1,-999
16,gen=15_member=1563_pso,0.113822,128,-999,11772.5,11772.5,1,-999
16,gen=15_member=1536_pso,0.115143,130,-999,11515.5,11515.5,1,-999
16,gen=7_member=736_pso,0.117654,131,-999,11385.5,11385.5,1,-999
16,gen=14_member=1471_pso,0.119413,132,-999,11254.5,11254.5,1,-999
16,gen=12_member=1249_pso,0.119662,133,-999,11122.5,11122.5,1,-999
16,gen=14_member=1414_pso,0.122534,134,-999,10989.5,10989.5,1,-999
17,gen=17_member=1700_pso,0.00154689,12,-999,19834.5,19834.5,1,-999
17,gen=17_member=1701_pso,0.0316563,82,-999,16579.5,16579.5,1,-999
17,gen=17_member=1702_pso,0.0640063,129,-999,11644.5,11644.5,1,-999
17,gen=17_member=1703_pso,0.00289238,16,-999,19780.5,19780.5,1,-999
17,gen=17_member=1704_pso,0.0132736,50,-999,18675.5,18675.5,1,-999
17,gen=17_member=1705_pso,0.142046,147,-999,9169.49,9169.49,1,-999
17,gen=17_member=1706_pso,0.229131,158,-999,7497.48,7497.48,1,-999
17,gen=17_member=1707_pso,0.0028065,15,-999,19795.5,19795.5,1,-999
17,gen=17_member=1708_pso,0.909831,168,-999,5872.4,5872.4,1,-999
17,gen=17_member=1709_pso,0.0518612,114,-999,13459.5,13459.5,1,-999
17,gen=17_member=1710_pso,0.100513,140,-999,10170.5,10170.5,1,-999
17,gen=17_member=1711_pso,0.0237101,69,-999,17554.5,17554.5,1,-999
17,gen=17_member=1712_pso,0.741698,166,-999,6205.41,6205.41,1,-999
17,gen=17_member=1713_pso,0.101404,141,-999,10030.5,10030.5,1,-999
17,gen=17_member=1714_pso,0.227708,157,-999,7654.48,7654.48,1,-999
17,gen=17_member=1715_pso,0.942384,169,-999,5704.4,5704.4,1,-999
17,gen=17_member=1716_pso,0.0057435,28,-999,19522.5,19522.5,1,-999
17,gen=17_member=1717_pso,2.95678,183,-999,3247.27,3247.27,1,-999
17,gen=17_member=1718_pso,0.0581764,121,-999,12640.5,12640.5,1,-999
17,gen=17_member=1719_pso,1.37968,176,-999,4500.38,4500.38,1,-999
17,gen=17_member=1720_pso,0.00876393,38,-999,19197.5,19197.5,1,-999
17,gen=17_member=1721_pso,0.108734,144,-999,9604.49,9604.49,1,-999
17,gen=17_member=1722_pso,0.0518503,113,-999,13572.5,13572.5,1,-999
17,gen=17_member=1723_pso,5.75433,192,-999,1564.18,1564.18,1,-999
17,gen=17_member=1724_pso,0.745266,167,-999,6039.41,6039.41,1,-999
17,gen=17_member=1725_pso,1.08365,171,-999,5365.39,5365.39,1,-999
17,gen=17_member=1726_pso,0.233351,159,-999,7339.48,7339.48,1,-999
17,gen=17_member=1727_pso,0.0607424,124,-999,12274.5,12274.5,1,-999
17,gen=17_member=1728_pso,0.0117788,45,-999,18910.5,18910.5,1,-999
17,gen=17_member=1729_pso,7.86613,194,-999,1179.13,1179.13,1,-999
17,gen=17_member=1730_pso,3.31322,184,-999,3064.25,3064.25,1,-999
17,gen=17_member=1731_pso,0.1567,150,-999,8725.49,8725.49,1,-999
17,gen=17_member=1732_pso,0.68977,164,-999,6534.41,6534.41,1,-999
17,gen=17_member=1733_pso,6.3265e-05,2,-999,19899.5,19899.5,1,-999
17,gen=17_member=1734_pso,0.157406,151,-999,8575.49,8575.49,1,-999
17,gen=17_member=1735_pso,0.0244602,71,-999,17415.5,17415.5,1,-999
17,gen=17_member=1736_pso,0.00119094,7,-999,19879.5,19879.5,1,-999
17,gen=17_member=1737_pso,0.0233286,67,-999,17689.5,17689.5,1,-999
17,gen=17_member=1738_pso,0.00482473,24,-999,19624.5,19624.5,1,-999
17,gen=17_member=1739_pso,0.204583,155,-999,7965.48,7965.48,1,-999
17,gen=17_member=1740_pso,0.101609,142,-999,9889.49,9889.49,1,-999
17,gen=17_member=1741_pso,0.0328534,86,-999,16245.5,16245.5,1,-999
17,gen=17_member=1742_pso,0.7413,165,-999,6370.41,6370.41,1,-999
17,gen=17_member=1743_pso,0.196361,153,-999,8272.48,8272.48,1,-999
17,gen=17_member=1744_pso,0.0222719,65,-999,17820.5,17820.5,1,-999
17,gen=17_member=1745_pso,0.354169,161,-999,7020.45,7020.45,1,-999
17,gen=17_member=1746_pso,4.24365,186,-999,2695.23,2695.23,1,-999
17,gen=17_member=1747_pso,0.203652,154,-999,8119.48,8119.48,1,-999
17,gen=17_member=1748_pso,0.95818,170,-999,5535.4,5535.4,1,-999
17,gen=17_member=1749_pso,30.7449,197,-999,594.035,594.035,1,-999
17,gen=17_member=1750_pso,0.0051371,27,-999,19549.5,19549.5,1,-999
17,gen=17_member=1751_pso,0.486422,163,-999,6697.44,6697.44,1,-999
17,gen=17_member=1752_pso,0.014591,53,-999,18522.5,18522.5,1,-999
17,gen=17_member=1753_pso,0.0307835,79,-999,16819.5,16819.5,1,-999
17,gen=17_member=1754_pso,0.00980822,39,-999,19159.5,19159.5,1,-999
17,gen=17_member=1755_pso,1.83323,178,-999,4147.34,4147.34,1,-999
17,gen=17_member=1756_pso,0.0314783,81,-999,16660.5,16660.5,1,-999
17,gen=17_member=1757_pso,2.67748,181,-999,3610.28,3610.28,1,-999
17,gen=17_member=1758_pso,7.52063,193,-999,1372.14,1372.14,1,-999
17,gen=17_member=1759_pso,52.1642,199,-999,199.02,199.02,1,-999
17,gen=17_member=1760_pso,0.205161,156,-999,7810.48,7810.48,1,-999
17,gen=17_member=1761_pso,0.00471961,22,-999,19669.5,19669.5,1,-999
17,gen=17_member=1762_pso,5.66716,191,-999,1755.19,1755.19,1,-999
17,gen=17_member=1763_pso,0.0118907,46,-999,18865.5,18865.5,1,-999
17,gen=17_member=1764_pso,1.12973,174,-999,4849.38,4849.38,1,-999
17,gen=17_member=1765_pso,0.451702,162,-999,6859.44,6859.44,1,-999
17,gen=17_member=1766_pso,4.37794,187,-999,2509.22,2509.22,1,-999
17,gen=17_member=1767_pso,0.0930389,139,-999,10309.5,10309.5,1,-999
17,gen=17_member=1768_pso,0.147364,148,-999,9022.49,9022.49,1,-999
17,gen=17_member=1769_pso,0.303984,160,-999,7180.46,7180.46,1,-999
17,gen=17_member=1770_pso,0.166142,152,-999,8424.48,8424.48,1,-999
17,gen=17_member=1771_pso,0.126668,145,-999,9460.49,9460.49,1,-999
17,gen=17_member=1772_pso,0.0272389,74,-999,17199.5,17199.5,1,-999
17,gen=17_member=1773_pso,0.0663789,132,-999,11254.5,11254.5,1,-999
17,gen=17_member=1774_pso,0.102297,143,-999,9747.49,9747.49,1,-999
17,gen=17_member=1775_pso,0.155877,149,-999,8874.49,8874.49,1,-999
17,gen=17_member=1776_pso,23.3274,196,-999,790.045,790.045,1,-999
17,gen=17_member=1777_pso,0.075403,138,-999,10447.5,10447.5,1,-999
17,gen=17_member=1778_pso,0.00346896,20,-999,19710.5,19710.5,1,-999
17,gen=17_member=1779_pso,0.0328033,85,-999,16330.5,16330.5,1,-999
17,gen=17_member=1780_pso,1.32469,175,-999,4675.38,4675.38,1,-999
17,gen=17_member=1781_pso,2.72156,182,-999,3429.28,3429.28,1,-999
17,gen=17_member=1782_pso,0.0372594,95,-999,15435.5,15435.5,1,-999
17,gen=17_member=1783_pso,20.4298,195,-999,985.052,985.052,1,-999
17,gen=17_member=1784_pso,0.0378863,97,-999,15244.5,15244.5,1,-999
17,gen=17_member=1785_pso,96.9375,200,-999,0.0105603,0.0105603,1,-999
17,gen=17_member=1786_pso,0.131669,146,-999,9315.49,9315.49,1,-999
17,gen=17_member=1787_pso,4.70985,189,-999,2134.21,2134.21,1,-999
17,gen=17_member=1788_pso,5.15581,190,-999,1945.21,1945.21,1,-999
17,gen=17_member=1789_pso,33.8832,198,-999,397.032,397.032,1,-999
17,gen=17_member=1790_pso,2.1836e-05,1,-999,19900.5,19900.5,1,-999
17,gen=17_member=1791_pso,1.08772,172,-999,5194.38,5194.38,1,-999
17,gen=17_member=1792_pso,1.98666,179,-999,3969.33,3969.33,1,-999
17,gen=17_member=1793_pso,1.11988,173,-999,5022.38,5022.38,1,-999
17,gen=17_member=1794_pso,0.0650111,131,-999,11385.5,11385.5,1,-999
17,gen=17_member=1795_pso,4.18397,185,-999,2880.23,2880.23,1,-999
17,gen=17_member=1796_pso,2.32618,180,-999,3790.3,3790.3,1,-999
17,gen=17_member=1797_pso,0.0192031,60,-999,18130.5,18130.5,1,-999
17,gen=17_member=1798_pso,1.52266,177,-999,4324.36,4324.36,1,-999
17,gen=17_member=1799_pso,4.38454,188,-999,2322.22,2322.22,1,-999
17,gen=16_member=1620_pso,0.000369474,3,-999,19897.5,19897.5,1,-999
17,gen=16_member=1678_pso,0.000390274,4,-999,19894.5,19894.5,1,-999
17,gen=13_member=1373_pso,0.000426779,5,-999,19890.5,19890.5,1,-999
17,gen=13_member=1353_pso,0.000821212,6,-999,19885.5,19885.5,1,-999
17,gen=16_member=1699_pso,0.00121681,8,-999,19872.5,19872.5,1,-999
17,gen=14_member=1466_pso,0.00125158,9,-999,19864.5,19864.5,1,-999
17,gen=12_member=1281_pso,0.00127376,10,-999,19855.5,19855.5,1,-999
17,gen=14_member=1488_pso,0.00147179,11,-999,19845.5,19845.5,1,-999
17,gen=14_member=1462_pso,0.00156306,13,-999,19822.5,19822.5,1,-999
17,gen=16_member=1658_pso,0.002251,14,-999,19809.5,19809.5,1,-999
17,gen=16_member=1624_pso,0.00314285,17,-999,19764.5,19764.5,1,-999
17,gen=16_member=1616_pso,0.00325035,18,-999,19747.5,19747.5,1,-999
17,gen=15_member=1513_pso,0.00328155,19,-999,19729.5,19729.5,1,-999
17,gen=16_member=1641_pso,0.00411317,21,-999,19690.5,19690.5,1,-999
17,gen=14_member=1409_pso,0.00473254,23,-999,19647.5,19647.5,1,-999
17,gen=12_member=1285_pso,0.00512154,25,-999,19600.5,19600.5,1,-999
17,gen=15_member=1524_pso,0.00512723,26,-999,19575.5,19575.5,1,-999
17,gen=7_member=772_pso,0.00629133,29,-999,19494.5,19494.5,1,-999
17,gen=16_member=1668_pso,0.00635387,30,-999,19465.5,19465.5,1,-999
17,gen=9_member=989_pso,0.00640127,31,-999,19435.5,19435.5,1,-999
17,gen=15_member=1558_pso,0.00687563,32,-999,19404.5,19404.5,1,-999
17,gen=16_member=1691_pso,0.00742482,33,-999,19372.5,19372.5,1,-999
17,gen=15_member=1592_pso,0.00743347,34,-999,19339.5,19339.5,1,-999
17,gen=12_member=1258_pso,0.00758467,35,-999,19305.5,19305.5,1,-999
17,gen=16_member=1615_pso,0.00852647,36,-999,19270.5,19270.5,1,-999
17,gen=14_member=1441_pso,0.00856876,37,-999,19234.5,19234.5,1,-999
17,gen=16_member=1650_pso,0.0107407,40,-999,19120.5,19120.5,1,-999
17,gen=14_member=1470_pso,0.0109463,41,-999,19080.5,19080.5,1,-999
17,gen=12_member=1287_pso,0.0111781,42,-999,19039.5,19039.5,1,-999
17,gen=15_member=1599_pso,0.0113308,43,-999,18997.5,18997.5,1,-999
17,gen=12_member=1223_pso,0.0117107,44,-999,18954.5,18954.5,1,-999
17,gen=14_member=1429_pso,0.0122711,47,-999,18819.5,18819.5,1,-999
17,gen=12_member=1284_pso,0.0124042,48,-999,18772.5,18772.5,1,-999
17,gen=16_member=1612_pso,0.0132083,49,-999,18724.5,18724.5,1,-999
17,gen=16_member=1648_pso,0.0138917,51,-999,18625.5,18625.5,1,-999
17,gen=15_member=1521_pso,0.0139998,52,-999,18574.5,18574.5,1,-999
17,gen=13_member=1356_pso,0.0157651,54,-999,18469.5,18469.5,1,-999
17,gen=16_member=1636_pso,0.0165139,55,-999,18415.5,18415.5,1,-999
17,gen=13_member=1307_pso,0.0174802,56,-999,18360.5,18360.5,1,-999
17,gen=14_member=1469_pso,0.017775,57,-999,18304.5,18304.5,1,-999
17,gen=14_member=1420_pso,0.0184765,58,-999,18247.5,18247.5,1,-999
17,gen=13_member=1371_pso,0.0187885,59,-999,18189.5,18189.5,1,-999
17,gen=7_member=732_pso,0.0196801,61,-999,18070.5,18070.5,1,-999
17,gen=15_member=1589_pso,0.0205004,62,-999,18009.5,18009.5,1,-999
17,gen=16_member=1618_pso,0.0209562,63,-999,17947.5,17947.5,1,-999
17,gen=12_member=1290_pso,0.0213462,64,-999,17884.5,17884.5,1,-999
17,gen=15_member=1511_pso,0.0225859,66,-999,17755.5,17755.5,1,-999
17,gen=14_member=1410_pso,0.0236205,68,-999,17622.5,17622.5,1,-999
17,gen=13_member=1317_pso,0.0239066,70,-999,17485.5,17485.5,1,-999
17,gen=1_member=114_pso,0.0251893,72,-999,17344.5,17344.5,1,-999
17,gen=16_member=1642_pso,0.0261787,73,-999,17272.5,17272.5,1,-999
17,gen=16_member=1686_pso,0.0286134,75,-999,17125.5,17125.5,1,-999
17,gen=16_member=1623_pso,0.0286573,76,-999,17050.5,17050.5,1,-999
17,gen=15_member=1560_pso,0.0292097,77,-999,16974.5,16974.5,1,-999
17,gen=16_member=1635_pso,0.0296086,78,-999,16897.5,16897.5,1,-999
17,gen=12_member=1240_pso,0.0309728,80,-999,16740.5,16740.5,1,-999
17,gen=14_member=1490_pso,0.0318528,83,-999,16497.5,16497.5,1,-999
17,gen=15_member=1537_pso,0.032764,84,-999,16414.5,16414.5,1,-999
17,gen=13_member=1337_pso,0.0333609,87,-999,16159.5,16159.5,1,-999
17,gen=3_member=352_pso,0.0335051,88,-999,16072.5,16072.5,1,-999
17,gen=15_member=1517_pso,0.0335986,89,-999,15984.5,15984.5,1,-999
17,gen=15_member=1585_pso,0.033622,90,-999,15895.5,15895.5,1,-999
17,gen=7_member=723_pso,0.034814,91,-999,15805.5,15805.5,1,-999
17,gen=8_member=812_pso,0.035259,92,-999,15714.5,15714.5,1,-999
17,gen=11_member=1177_pso,0.0354861,93,-999,15622.5,15622.5,1,-999
17,gen=11_member=1147_pso,0.0369318,94,-999,15529.5,15529.5,1,-999
17,gen=13_member=1334_pso,0.037637,96,-999,15340.5,15340.5,1,-999
17,gen=16_member=1677_pso,0.0400567,98,-999,15147.5,15147.5,1,-999
17,gen=14_member=1402_pso,0.0403997,99,-999,15049.5,15049.5,1,-999
17,gen=10_member=1006_pso,0.0411573,100,-999,14950.5,14950.5,1,-999
17,gen=12_member=1286_pso,0.0417042,101,-999,14850.5,14850.5,1,-999
17,gen=16_member=1687_pso,0.043384,102,-999,14749.5,14749.5,1,-999
17,gen=16_member=1665_pso,0.0435495,103,-999,14647.5,14647.5,1,-999
17,gen=11_member=1196_pso,0.0435797,104,-999,14544.5,14544.5,1,-999
17,gen=12_member=1233_pso,0.0438395,105,-999,14440.5,14440.5,1,-999
17,gen=15_member=1502_pso,0.0465156,106,-999,14335.5,14335.5,1,-999
17,gen=14_member=1413_pso,0.0466193,107,-999,14229.5,14229.5,1,-999
17,gen=16_member=1601_pso,0.0467633,108,-999,14122.5,14122.5,1,-999
17,gen=16_member=1632_pso,0.0470305,109,-999,14014.5,14014.5,1,-999
17,gen=15_member=1559_pso,0.0497398,110,-999,13905.5,13905.5,1,-999
17,gen=9_member=940_pso,0.0513656,111,-999,13795.5,13795.5,1,-999
17,gen=16_member=1649_pso,0.0518264,112,-999,13684.5,13684.5,1,-999
17,gen=16_member=1609_pso,0.0519469,115,-999,13345.5,13345.5,1,-999
17,gen=9_member=905_pso,0.0538261,116,-999,13230.5,13230.5,1,-999
17,gen=15_member=1593_pso,0.0538367,117,-999,13114.5,13114.5,1,-999
17,gen=4_member=450_pso,0.0560049,118,-999,12997.5,12997.5,1,-999
17,gen=11_member=1164_pso,0.0565807,119,-999,12879.5,12879.5,1,-999
17,gen=11_member=1151_pso,0.0581115,120,-999,12760.5,12760.5,1,-999
17,gen=5_member=503_pso,0.0596551,122,-999,12519.5,12519.5,1,-999
17,gen=16_member=1661_pso,0.0606743,123,-999,12397.5,12397.5,1,-999
17,gen=16_member=1653_pso,0.062834,125,-999,12150.5,12150.5,1,-999
17,gen=16_member=1606_pso,0.0631009,126,-999,12025.5,12025.5,1,-999
17,gen=12_member=1226_pso,0.0633818,127,-999,11899.5,11899.5,1,-999
17,gen=7_member=749_pso,0.0639323,128,-999,11772.5,11772.5,1,-999
17,gen=15_member=1501_pso,0.0648482,130,-999,11515.5,11515.5,1,-999
17,gen=8_member=861_pso,0.0675721,133,-999,11122.5,11122.5,1,-999
17,gen=14_member=1407_pso,0.0678112,134,-999,10989.5,10989.5,1,-999
17,gen=13_member=1396_pso,0.0680781,135,-999,10855.5,10855.5,1,-999
17,gen=15_member=1523_pso,0.0697481,136,-999,10720.5,10720.5,1,-999
17,gen=11_member=1171_pso,0.0698999,137,-999,10584.5,10584.5,1,-999
18,gen=18_member=1800_pso,0.0272758,103,-999,14647.5,14647.5,1,-999
18,gen=18_member=1801_pso,0.000763962,8,-999,19872.5,19872.5,1,-999
18,gen=18_member=1802_pso,0.00760045,50,-999,18675.5,18675.5,1,-999
18,gen=18_member=1803_pso,0.0019204,20,-999,19710.5,19710.5,1,-999
18,gen=18_member=1804_pso,0.00474981,32,-999,19404.5,19404.5,1,-999
18,gen=18_member=1805_pso,0.055859,137,-999,10584.5,10584.5,1,-999
18,gen=18_member=1806_pso,0.124308,152,-999,8424.49,8424.49,1,-999
18,gen=18_member=1807_pso,0.299294,169,-999,5704.47,5704.47,1,-999
18,gen=18_member=1808_pso,0.0168635,79,-999,16819.5,16819.5,1,-999
18,gen=18_member=1809_pso,0.518976,179,-999,3969.45,3969.45,1,-999
18,gen=18_member=1810_pso,1.37123,187,-999,2509.34,2509.34,1,-999
18,gen=18_member=1811_pso,0.0157622,75,-999,17125.5,17125.5,1,-999
18,gen=18_member=1812_pso,0.266473,165,-999,6370.47,6370.47,1,-999
18,gen=18_member=1813_pso,0.0636176,141,-999,10030.5,10030.5,1,-999
18,gen=18_member=1814_pso,0.440293,176,-999,4500.46,4500.46,1,-999
18,gen=18_member=1815_pso,0.00565329,38,-999,19197.5,19197.5,1,-999
18,gen=18_member=1816_pso,0.375001,171,-999,5365.47,5365.47,1,-999
18,gen=18_member=1817_pso,0.0063926,42,-999,19039.5,19039.5,1,-999
18,gen=18_member=1818_pso,0.00113477,12,-999,19834.5,19834.5,1,-999
18,gen=18_member=1819_pso,0.0233107,93,-999,15622.5,15622.5,1,-999
18,gen=18_member=1820_pso,0.180259,160,-999,7180.48,7180.48,1,-999
18,gen=18_member=1821_pso,0.200446,162,-999,6859.48,6859.48,1,-999
18,gen=18_member=1822_pso,0.0139136,71,-999,17415.5,17415.5,1,-999
18,gen=18_member=1823_pso,1.03988,185,-999,2880.38,2880.38,1,-999
18,gen=18_member=1824_pso,0.0571144,140,-999,10170.5,10170.5,1,-999
18,gen=18_member=1825_pso,0.178586,159,-999,7339.48,7339.48,1,-999
18,gen=18_member=1826_pso,0.101776,149,-999,8874.49,8874.49,1,-999
18,gen=18_member=1827_pso,0.0760203,146,-999,9315.49,9315.49,1,-999
18,gen=18_member=1828_pso,0.00310448,24,-999,19624.5,19624.5,1,-999
18,gen=18_member=1829_pso,0.270655,167,-999,6039.48,6039.48,1,-999
18,gen=18_member=1830_pso,0.614693,181,-999,3610.43,3610.43,1,-999
18,gen=18_member=1831_pso,0.0165743,78,-999,16897.5,16897.5,1,-999
18,gen=18_member=1832_pso,0.00890209,55,-999,18415.5,18415.5,1,-999
18,gen=18_member=1833_pso,0.0178987,82,-999,16579.5,16579.5,1,-999
18,gen=18_member=1834_pso,3.69588,194,-999,1179.19,1179.19,1,-999
18,gen=18_member=1835_pso,0.845991,183,-999,3247.41,3247.41,1,-999
18,gen=18_member=1836_pso,0.0181905,83,-999,16497.5,16497.5,1,-999
18,gen=18_member=1837_pso,0.0543086,136,-999,10720.5,10720.5,1,-999
18,gen=18_member=1838_pso,0.00698761,46,-999,18865.5,18865.5,1,-999
18,gen=18_member=1839_pso,1.73913,190,-999,1945.31,1945.31,1,-999
18,gen=18_member=1840_pso,0.0461798,134,-999,10989.5,10989.5,1,-999
18,gen=18_member=1841_pso,0.528764,180,-999,3790.45,3790.45,1,-999
18,gen=18_member=1842_pso,0.415095,174,-999,4849.47,4849.47,1,-999
18,gen=18_member=1843_pso,9.42257,197,-999,594.096,594.096,1,-999
18,gen=18_member=1844_pso,0.464922,177,-999,4324.46,4324.46,1,-999
18,gen=18_member=1845_pso,0.957303,184,-999,3064.39,3064.39,1,-999
18,gen=18_member=1846_pso,0.216745,163,-999,6697.48,6697.48,1,-999
18,gen=18_member=1847_pso,0.482347,178,-999,4147.45,4147.45,1,-999
18,gen=18_member=1848_pso,0.0105329,58,-999,18247.5,18247.5,1,-999
18,gen=18_member=1849_pso,0.0688767,143,-999,9747.49,9747.49,1,-999
18,gen=18_member=1850_pso,0.414619,173,-999,5022.47,5022.47,1,-999
18,gen=18_member=1851_pso,0.259289,164,-999,6534.47,6534.47,1,-999
18,gen=18_member=1852_pso,0.0460795,133,-999,11122.5,11122.5,1,-999
18,gen=18_member=1853_pso,0.171778,157,-999,7654.48,7654.48,1,-999
18,gen=18_member=1854_pso,0.0146527,74,-999,17199.5,17199.5,1,-999
18,gen=18_member=1855_pso,0.0748177,145,-999,9460.49,9460.49,1,-999
18,gen=18_member=1856_pso,0.123107,151,-999,8575.49,8575.49,1,-999
18,gen=18_member=1857_pso,0.129712,153,-999,8272.49,8272.49,1,-999
18,gen=18_member=1858_pso,0.00512846,36,-999,19270.5,19270.5,1,-999
18,gen=18_member=1859_pso,0.117717,150,-999,8725.49,8725.49,1,-999
18,gen=18_member=1860_pso,2.42908,191,-999,1755.26,1755.26,1,-999
18,gen=18_member=1861_pso,0.134585,154,-999,8119.49,8119.49,1,-999
18,gen=18_member=1862_pso,27.894,200,-999,0.034712,0.034712,1,-999
18,gen=18_member=1863_pso,3.06937,193,-999,1372.22,1372.22,1,-999
18,gen=18_member=1864_pso,0.297341,168,-999,5872.47,5872.47,1,-999
18,gen=18_member=1865_pso,1.69396,189,-999,2134.31,2134.31,1,-999
18,gen=18_member=1866_pso,0.268289,166,-999,6205.47,6205.47,1,-999
18,gen=18_member=1867_pso,0.0103106,57,-999,18304.5,18304.5,1,-999
18,gen=18_member=1868_pso,0.152503,155,-999,7965.49,7965.49,1,-999
18,gen=18_member=1869_pso,0.742313,182,-999,3429.43,3429.43,1,-999
18,gen=18_member=1870_pso,0.0348961,123,-999,12397.5,12397.5,1,-999
18,gen=18_member=1871_pso,9.08264,196,-999,790.099,790.099,1,-999
18,gen=18_member=1872_pso,0.0704963,144,-999,9604.49,9604.49,1,-999
18,gen=18_member=1873_pso,0.000952307,10,-999,19855.5,19855.5,1,-999
18,gen=18_member=1874_pso,0.0560547,138,-999,10447.5,10447.5,1,-999
18,gen=18_member=1875_pso,0.0681155,142,-999,9889.49,9889.49,1,-999
18,gen=18_member=1876_pso,0.00687478,44,-999,18954.5,18954.5,1,-999
18,gen=18_member=1877_pso,0.0926017,148,-999,9022.49,9022.49,1,-999
18,gen=18_member=1878_pso,0.0822165,147,-999,9169.49,9169.49,1,-999
18,gen=18_member=1879_pso,0.173243,158,-999,7497.48,7497.48,1,-999
18,gen=18_member=1880_pso,0.0316915,112,-999,13684.5,13684.5,1,-999
18,gen=18_member=1881_pso,0.000319441,4,-999,19894.5,19894.5,1,-999
18,gen=18_member=1882_pso,0.00773445,51,-999,18625.5,18625.5,1,-999
18,gen=18_member=1883_pso,1.59024,188,-999,2322.32,2322.32,1,-999
18,gen=18_member=1884_pso,0.000298295,3,-999,19897.5,19897.5,1,-999
18,gen=18_member=1885_pso,1.0855,186,-999,2695.38,2695.38,1,-999
18,gen=18_member=1886_pso,0.0262242,101,-999,14850.5,14850.5,1,-999
18,gen=18_member=1887_pso,25.5593,199,-999,199.038,199.038,1,-999
18,gen=18_member=1888_pso,0.154932,156,-999,7810.49,7810.49,1,-999
18,gen=18_member=1889_pso,0.0346101,121,-999,12640.5,12640.5,1,-999
18,gen=18_member=1890_pso,0.420693,175,-999,4675.46,4675.46,1,-999
18,gen=18_member=1891_pso,8.75816,195,-999,985.102,985.102,1,-999
18,gen=18_member=1892_pso,15.1948,198,-999,397.062,397.062,1,-999
18,gen=18_member=1893_pso,0.400382,172,-999,5194.47,5194.47,1,-999
18,gen=18_member=1894_pso,0.000987164,11,-999,19845.5,19845.5,1,-999
18,gen=18_member=1895_pso,2.8223,192,-999,1564.23,1564.23,1,-999
18,gen=18_member=1896_pso,0.0503806,135,-999,10855.5,10855.5,1,-999
18,gen=18_member=1897_pso,0.183216,161,-999,7020.48,7020.48,1,-999
18,gen=18_member=1898_pso,0.056542,139,-999,10309.5,10309.5,1,-999
18,gen=18_member=1899_pso,0.372285,170,-999,5535.47,5535.47,1,-999
18,gen=17_member=1790_pso,2.1836e-05,1,-999,19900.5,19900.5,1,-999
18,gen=17_member=1733_pso,6.3265e-05,2,-999,19899.5,19899.5,1,-999
18,gen=16_member=1620_pso,0.000369474,5,-999,19890.5,19890.5,1,-999
18,gen=16_member=1678_pso,0.000390274,6,-999,19885.5,19885.5,1,-999
18,gen=13_member=1373_pso,0.000426779,7,-999,19879.5,19879.5,1,-999
18,gen=13_member=1353_pso,0.000821212,9,-999,19864.5,19864.5,1,-999
18,gen=17_member=1736_pso,0.00119094,13,-999,19822.5,19822.5,1,-999
18,gen=16_member=1699_pso,0.00121681,14,-999,19809.5,19809.5,1,-999
18,gen=14_member=1466_pso,0.00125158,15,-999,19795.5,19795.5,1,-999
18,gen=12_member=1281_pso,0.00127376,16,-999,19780.5,19780.5,1,-999
18,gen=14_member=1488_pso,0.00147179,17,-999,19764.5,19764.5,1,-999
18,gen=17_member=1700_pso,0.00154689,18,-999,19747.5,19747.5,1,-999
18,gen=14_member=1462_pso,0.00156306,19,-999,19729.5,19729.5,1,-999
18,gen=16_member=1658_pso,0.002251,21,-999,19690.5,19690.5,1,-999
18,gen=17_member=1707_pso,0.0028065,22,-999,19669.5,19669.5,1,-999
18,gen=17_member=1703_pso,0.00289238,23,-999,19647.5,19647.5,1,-999
18,gen=16_member=1624_pso,0.00314285,25,-999,19600.5,19600.5,1,-999
18,gen=16_member=1616_pso,0.00325035,26,-999,19575.5,19575.5,1,-999
18,gen=15_member=1513_pso,0.00328155,27,-999,19549.5,19549.5,1,-999
18,gen=17_member=1778_pso,0.00346896,28,-999,19522.5,19522.5,1,-999
18,gen=16_member=1641_pso,0.00411317,29,-999,19494.5,19494.5,1,-999
18,gen=17_member=1761_pso,0.00471961,30,-999,19465.5,19465.5,1,-999
18,gen=14_member=1409_pso,0.00473254,31,-999,19435.5,19435.5,1,-999
18,gen=17_member=1738_pso,0.00482473,33,-999,19372.5,19372.5,1,-999
18,gen=12_member=1285_pso,0.00512154,34,-999,19339.5,19339.5,1,-999
18,gen=15_member=1524_pso,0.00512723,35,-999,19305.5,19305.5,1,-999
18,gen=17_member=1750_pso,0.0051371,37,-999,19234.5,19234.5,1,-999
18,gen=17_member=1716_pso,0.0057435,39,-999,19159.5,19159.5,1,-999
18,gen=7_member=772_pso,0.00629133,40,-999,19120.5,19120.5,1,-999
18,gen=16_member=1668_pso,0.00635387,41,-999,19080.5,19080.5,1,-999
18,gen=9_member=989_pso,0.00640127,43,-999,18997.5,18997.5,1,-999
18,gen=15_member=1558_pso,0.00687563,45,-999,18910.5,18910.5,1,-999
18,gen=16_member=1691_pso,0.00742482,47,-999,18819.5,18819.5,1,-999
18,gen=15_member=1592_pso,0.00743347,48,-999,18772.5,18772.5,1,-999
18,gen=12_member=1258_pso,0.00758467,49,-999,18724.5,18724.5,1,-999
18,gen=16_member=1615_pso,0.00852647,52,-999,18574.5,18574.5,1,-999
18,gen=14_member=1441_pso,0.00856876,53,-999,18522.5,18522.5,1,-999
18,gen=17_member=1720_pso,0.00876393,54,-999,18469.5,18469.5,1,-999
18,gen=17_member=1754_pso,0.00980822,56,-999,18360.5,18360.5,1,-999
18,gen=16_member=1650_pso,0.0107407,59,-999,18189.5,18189.5,1,-999
18,gen=14_member=1470_pso,0.0109463,60,-999,18130.5,18130.5,1,-999
18,gen=12_member=1287_pso,0.0111781,61,-999,18070.5,18070.5,1,-999
18,gen=15_member=1599_pso,0.0113308,62,-999,18009.5,18009.5,1,-999
18,gen=12_member=1223_pso,0.0117107,63,-999,17947.5,17947.5,1,-999
18,gen=17_member=1728_pso,0.0117788,64,-999,17884.5,17884.5,1,-999
18,gen=17_member=1763_pso,0.0118907,65,-999,17820.5,17820.5,1,-999
18,gen=14_member=1429_pso,0.0122711,66,-999,17755.5,17755.5,1,-999
18,gen=12_member=1284_pso,0.0124042,67,-999,17689.5,17689.5,1,-999
18,gen=16_member=1612_pso,0.0132083,68,-999,17622.5,17622.5,1,-999
18,gen=17_member=1704_pso,0.0132736,69,-999,17554.5,17554.5,1,-999
18,gen=16_member=1648_pso,0.0138917,70,-999,17485.5,17485.5,1,-999
18,gen=15_member=1521_pso,0.0139998,72,-999,17344.5,17344.5,1,-999
18,gen=17_member=1752_pso,0.014591,73,-999,17272.5,17272.5,1,-999
18,gen=13_member=1356_pso,0.0157651,76,-999,17050.5,17050.5,1,-999
18,gen=16_member=1636_pso,0.0165139,77,-999,16974.5,16974.5,1,-999
18,gen=13_member=1307_pso,0.0174802,80,-999,16740.5,16740.5,1,-999
18,gen=14_member=1469_pso,0.017775,81,-999,16660.5,16660.5,1,-999
18,gen=14_member=1420_pso,0.0184765,84,-999,16414.5,16414.5,1,-999
18,gen=13_member=1371_pso,0.0187885,85,-999,16330.5,16330.5,1,-999
18,gen=17_member=1797_pso,0.0192031,86,-999,16245.5,16245.5,1,-999
18,gen=7_member=732_pso,0.0196801,87,-999,16159.5,16159.5,1,-999
18,gen=15_member=1589_pso,0.0205004,88,-999,16072.5,16072.5,1,-999
18,gen=16_member=1618_pso,0.0209562,89,-999,15984.5,15984.5,1,-999
18,gen=12_member=1290_pso,0.0213462,90,-999,15895.5,15895.5,1,-999
18,gen=17_member=1744_pso,0.0222719,91,-999,15805.5,15805.5,1,-999
18,gen=15_member=1511_pso,0.0225859,92,-999,15714.5,15714.5,1,-999
18,gen=17_member=1737_pso,0.0233286,94,-999,15529.5,15529.5,1,-999
18,gen=14_member=1410_pso,0.0236205,95,-999,15435.5,15435.5,1,-999
18,gen=17_member=1711_pso,0.0237101,96,-999,15340.5,15340.5,1,-999
18,gen=13_member=1317_pso,0.0239066,97,-999,15244.5,15244.5,1,-999
18,gen=17_member=1735_pso,0.0244602,98,-999,15147.5,15147.5,1,-999
18,gen=1_member=114_pso,0.0251893,99,-999,15049.5,15049.5,1,-999
18,gen=16_member=1642_pso,0.0261787,100,-999,14950.5,14950.5,1,-999
18,gen=17_member=1772_pso,0.0272389,102,-999,14749.5,14749.5,1,-999
18,gen=16_member=1686_pso,0.0286134,104,-999,14544.5,14544.5,1,-999
18,gen=16_member=1623_pso,0.0286573,105,-999,14440.5,14440.5,1,-999
18,gen=15_member=1560_pso,0.0292097,106,-999,14335.5,14335.5,1,-999
18,gen=16_member=1635_pso,0.0296086,107,-999,14229.5,14229.5,1,-999
18,gen=17_member=1753_pso,0.0307835,108,-999,14122.5,14122.5,1,-999
18,gen=12_member=1240_pso,0.0309728,109,-999,14014.5,14014.5,1,-999
18,gen=17_member=1756_pso,0.0314783,110,-999,13905.5,13905.5,1,-999
18,gen=17_member=1701_pso,0.0316563,111,-999,13795.5,13795.5,1,-999
18,gen=14_member=1490_pso,0.0318528,113,-999,13572.5,13572.5,1,-999
18,gen=15_member=1537_pso,0.032764,114,-999,13459.5,13459.5,1,-999
18,gen=17_member=1779_pso,0.0328033,115,-999,13345.5,13345.5,1,-999
18,gen=17_member=1741_pso,0.0328534,116,-999,13230.5,13230.5,1,-999
18,gen=13_member=1337_pso,0.0333609,117,-999,13114.5,13114.5,1,-999
18,gen=3_member=352_pso,0.0335051,118,-999,12997.5,12997.5,1,-999
18,gen=15_member=1517_pso,0.0335986,119,-999,12879.5,12879.5,1,-999
18,gen=15_member=1585_pso,0.033622,120,-999,12760.5,12760.5,1,-999
18,gen=7_member=723_pso,0.034814,122,-999,12519.5,12519.5,1,-999
18,gen=8_member=812_pso,0.035259,124,-999,12274.5,12274.5,1,-999
18,gen=11_member=1177_pso,0.0354861,125,-999,12150.5,12150.5,1,-999
18,gen=11_member=1147_pso,0.0369318,126,-999,12025.5,12025.5,1,-999
18,gen=17_member=1782_pso,0.0372594,127,-999,11899.5,11899.5,1,-999
18,gen=13_member=1334_pso,0.037637,128,-999,11772.5,11772.5,1,-999
18,gen=17_member=1784_pso,0.0378863,129,-999,11644.5,11644.5,1,-999
18,gen=16_member=1677_pso,0.0400567,130,-999,11515.5,11515.5,1,-999
18,gen=14_member=1402_pso,0.0403997,131,-999,11385.5,11385.5,1,-999
18,gen=10_member=1006_pso,0.0411573,132,-999,11254.5,11254.5,1,-999
19,gen=19_member=1900_pso,0.0271396,136,-999,10720.5,10720.5,1,-999
19,gen=19_member=1901_pso,0.000580138,16,-999,19780.5,19780.5,1,-999
19,gen=19_member=1902_pso,0.00204677,36,-999,19270.5,19270.5,1,-999
19,gen=19_member=1903_pso,0.0218681,123,-999,12397.5,12397.5,1,-999
19,gen=19_member=1904_pso,0.00935181,80,-999,16740.5,16740.5,1,-999
19,gen=19_member=1905_pso,5.87071e-05,3,-999,19897.5,19897.5,1,-999
19,gen=19_member=1906_pso,0.0175441,112,-999,13684.5,13684.5,1,-999
19,gen=19_member=1907_pso,0.0376644,141,-999,10030.5,10030.5,1,-999
19,gen=19_member=1908_pso,0.216517,165,-999,6370.47,6370.47,1,-999
19,gen=19_member=1909_pso,0.00314931,45,-999,18910.5,18910.5,1,-999
19,gen=19_member=1910_pso,0.0145597,99,-999,15049.5,15049.5,1,-999
19,gen=19_member=1911_pso,0.0067374,67,-999,17689.5,17689.5,1,-999
19,gen=19_member=1912_pso,0.0326784,139,-999,10309.5,10309.5,1,-999
19,gen=19_member=1913_pso,0.087692,154,-999,8119.49,8119.49,1,-999
19,gen=19_member=1914_pso,0.072732,148,-999,9022.49,9022.49,1,-999
19,gen=19_member=1915_pso,0.690384,184,-999,3064.43,3064.43,1,-999
19,gen=19_member=1916_pso,0.390252,173,-999,5022.46,5022.46,1,-999
19,gen=19_member=1917_pso,4.31004e-05,2,-999,19899.5,19899.5,1,-999
19,gen=19_member=1918_pso,1.12171,187,-999,2509.38,2509.38,1,-999
19,gen=19_member=1919_pso,0.000448138,15,-999,19795.5,19795.5,1,-999
19,gen=19_member=1920_pso,0.0159058,107,-999,14229.5,14229.5,1,-999
19,gen=19_member=1921_pso,0.528586,180,-999,3790.44,3790.44,1,-999
19,gen=19_member=1922_pso,0.00113647,24,-999,19624.5,19624.5,1,-999
19,gen=19_member=1923_pso,0.0746087,150,-999,8725.49,8725.49,1,-999
19,gen=19_member=1924_pso,0.0305213,137,-999,10584.5,10584.5,1,-999
19,gen=19_member=1925_pso,0.607082,182,-999,3429.43,3429.43,1,-999
19,gen=19_member=1926_pso,0.266284,170,-999,5535.47,5535.47,1,-999
19,gen=19_member=1927_pso,0.0427743,142,-999,9889.5,9889.5,1,-999
19,gen=19_member=1928_pso,0.141619,161,-999,7020.48,7020.48,1,-999
19,gen=19_member=1929_pso,0.625792,183,-999,3247.43,3247.43,1,-999
19,gen=19_member=1930_pso,0.201591,164,-999,6534.47,6534.47,1,-999
19,gen=19_member=1931_pso,0.00564156,59,-999,18189.5,18189.5,1,-999
19,gen=19_member=1932_pso,0.00114575,25,-999,19600.5,19600.5,1,-999
19,gen=19_member=1933_pso,0.498813,176,-999,4500.45,4500.45,1,-999
19,gen=19_member=1934_pso,0.000142801,6,-999,19885.5,19885.5,1,-999
19,gen=19_member=1935_pso,0.514208,178,-999,4147.44,4147.44,1,-999
19,gen=19_member=1936_pso,0.197976,163,-999,6697.47,6697.47,1,-999
19,gen=19_member=1937_pso,0.497474,175,-999,4675.45,4675.45,1,-999
19,gen=19_member=1938_pso,0.0229409,127,-999,11899.5,11899.5,1,-999
19,gen=19_member=1939_pso,0.981831,186,-999,2695.4,2695.4,1,-999
19,gen=19_member=1940_pso,0.172099,162,-999,6859.48,6859.48,1,-999
19,gen=19_member=1941_pso,0.0958511,157,-999,7654.49,7654.49,1,-999
19,gen=19_member=1942_pso,0.00488617,54,-999,18469.5,18469.5,1,-999
19,gen=19_member=1943_pso,0.120589,159,-999,7339.49,7339.49,1,-999
19,gen=19_member=1944_pso,0.0678126,146,-999,9315.49,9315.49,1,-999
19,gen=19_member=1945_pso,0.0791056,152,-999,8424.5,8424.5,1,-999
19,gen=19_member=1946_pso,0.0156481,104,-999,14544.5,14544.5,1,-999
19,gen=19_member=1947_pso,0.037258,140,-999,10170.5,10170.5,1,-999
19,gen=19_member=1948_pso,6.23504,199,-999,199.137,199.137,1,-999
19,gen=19_member=1949_pso,0.476156,174,-999,4849.45,4849.45,1,-999
19,gen=19_member=1950_pso,0.0631026,144,-999,9604.49,9604.49,1,-999
19,gen=19_member=1951_pso,0.929231,185,-999,2880.41,2880.41,1,-999
19,gen=19_member=1952_pso,0.546308,181,-999,3610.44,3610.44,1,-999
19,gen=19_member=1953_pso,0.00115498,26,-999,19575.5,19575.5,1,-999
19,gen=19_member=1954_pso,1.40517,189,-999,2134.35,2134.35,1,-999
19,gen=19_member=1955_pso,0.00105125,22,-999,19669.5,19669.5,1,-999
19,gen=19_member=1956_pso,0.000590872,17,-999,19764.5,19764.5,1,-999
19,gen=19_member=1957_pso,0.00036428,9,-999,19864.5,19864.5,1,-999
19,gen=19_member=1958_pso,0.238694,168,-999,5872.47,5872.47,1,-999
19,gen=19_member=1959_pso,0.0853661,153,-999,8272.49,8272.49,1,-999
19,gen=19_member=1960_pso,1.44361,190,-999,1945.34,1945.34,1,-999
19,gen=19_member=1961_pso,0.259366,169,-999,5704.47,5704.47,1,-999
19,gen=19_member=1962_pso,1.79411,192,-999,1564.31,1564.31,1,-999
19,gen=19_member=1963_pso,0.0323958,138,-999,10447.5,10447.5,1,-999
19,gen=19_member=1964_pso,2.8669,196,-999,790.239,790.239,1,-999
19,gen=19_member=1965_pso,0.077609,151,-999,8575.5,8575.5,1,-999
19,gen=19_member=1966_pso,2.98991,197,-999,594.233,594.233,1,-999
19,gen=19_member=1967_pso,0.0147165,102,-999,14749.5,14749.5,1,-999
19,gen=19_member=1968_pso,7.20557e-05,5,-999,19890.5,19890.5,1,-999
19,gen=19_member=1969_pso,0.000403541,13,-999,19822.5,19822.5,1,-999
19,gen=19_member=1970_pso,0.374923,172,-999,5194.46,5194.46,1,-999
19,gen=19_member=1971_pso,0.218745,167,-999,6039.47,6039.47,1,-999
19,gen=19_member=1972_pso,0.0898171,156,-999,7810.49,7810.49,1,-999
19,gen=19_member=1973_pso,0.216935,166,-999,6205.47,6205.47,1,-999
19,gen=19_member=1974_pso,0.074552,149,-999,8874.49,8874.49,1,-999
19,gen=19_member=1975_pso,0.0680219,147,-999,9169.49,9169.49,1,-999
19,gen=19_member=1976_pso,0.10904,158,-999,7497.49,7497.49,1,-999
19,gen=19_member=1977_pso,0.00621244,62,-999,18009.5,18009.5,1,-999
19,gen=19_member=1978_pso,0.00222954,37,-999,19234.5,19234.5,1,-999
19,gen=19_member=1979_pso,0.00294326,42,-999,19039.5,19039.5,1,-999
19,gen=19_member=1980_pso,0.0635022,145,-999,9460.49,9460.49,1,-999
19,gen=19_member=1981_pso,0.00127986,31,-999,19435.5,19435.5,1,-999
19,gen=19_member=1982_pso,3.96729,198,-999,397.198,397.198,1,-999
19,gen=19_member=1983_pso,0.505534,177,-999,4324.45,4324.45,1,-999
19,gen=19_member=1984_pso,0.0882061,155,-999,7965.49,7965.49,1,-999
19,gen=19_member=1985_pso,0.00245237,39,-999,19159.5,19159.5,1,-999
19,gen=19_member=1986_pso,1.31905,188,-999,2322.36,2322.36,1,-999
19,gen=19_member=1987_pso,0.514235,179,-999,3969.44,3969.44,1,-999
19,gen=19_member=1988_pso,0.321738,171,-999,5365.46,5365.46,1,-999
19,gen=19_member=1989_pso,1.69889,191,-999,1755.32,1755.32,1,-999
19,gen=19_member=1990_pso,0.0592283,143,-999,9747.49,9747.49,1,-999
19,gen=19_member=1991_pso,2.36263,195,-999,985.272,985.272,1,-999
19,gen=19_member=1992_pso,0.0226108,126,-999,12025.5,12025.5,1,-999
19,gen=19_member=1993_pso,0.0136117,95,-999,15435.5,15435.5,1,-999
19,gen=19_member=1994_pso,0.138398,160,-999,7180.48,7180.48,1,-999
19,gen=19_member=1995_pso,1.84758,193,-999,1372.31,1372.31,1,-999
19,gen=19_member=1996_pso,2.20233,194,-999,1179.28,1179.28,1,-999
19,gen=19_member=1997_pso,0.000395857,12,-999,19834.5,19834.5,1,-999
19,gen=19_member=1998_pso,17.1567,200,-999,0.055021,0.055021,1,-999
19,gen=19_member=1999_pso,0.0151388,103,-999,14647.5,14647.5,1,-999
19,gen=17_member=1790_pso,2.1836e-05,1,-999,19900.5,19900.5,1,-999
19,gen=17_member=1733_pso,6.3265e-05,4,-999,19894.5,19894.5,1,-999
19,gen=18_member=1884_pso,0.000298295,7,-999,19879.5,19879.5,1,-999
19,gen=18_member=1881_pso,0.000319441,8,-999,19872.5,19872.5,1,-999
19,gen=16_member=1620_pso,0.000369474,10,-999,19855.5,19855.5,1,-999
19,gen=16_member=1678_pso,0.000390274,11,-999,19845.5,19845.5,1,-999
19,gen=13_member=1373_pso,0.000426779,14,-999,19809.5,19809.5,1,-999
19,gen=18_member=1801_pso,0.000763962,18,-999,19747.5,19747.5,1,-999
19,gen=13_member=1353_pso,0.000821212,19,-999,19729.5,19729.5,1,-999
19,gen=18_member=1873_pso,0.000952307,20,-999,19710.5,19710.5,1,-999
19,gen=18_member=1894_pso,0.000987164,21,-999,19690.5,19690.5,1,-999
19,gen=18_member=1818_pso,0.00113477,23,-999,19647.5,19647.5,1,-999
19,gen=17_member=1736_pso,0.00119094,27,-999,19549.5,19549.5,1,-999
19,gen=16_member=1699_pso,0.00121681,28,-999,19522.5,19522.5,1,-999
19,gen=14_member=1466_pso,0.00125158,29,-999,19494.5,19494.5,1,-999
19,gen=12_member=1281_pso,0.00127376,30,-999,19465.5,19465.5,1,-999
19,gen=14_member=1488_pso,0.00147179,32,-999,19404.5,19404.5,1,-999
19,gen=17_member=1700_pso,0.00154689,33,-999,19372.5,19372.5,1,-999
19,gen=14_member=1462_pso,0.00156306,34,-999,19339.5,19339.5,1,-999
19,gen=18_member=1803_pso,0.0019204,35,-999,19305.5,19305.5,1,-999
19,gen=16_member=1658_pso,0.002251,38,-999,19197.5,19197.5,1,-999
19,gen=17_member=1707_pso,0.0028065,40,-999,19120.5,19120.5,1,-999
19,gen=17_member=1703_pso,0.00289238,41,-999,19080.5,19080.5,1,-999
19,gen=18_member=1828_pso,0.00310448,43,-999,18997.5,18997.5,1,-999
19,gen=16_member=1624_pso,0.00314285,44,-999,18954.5,18954.5,1,-999
19,gen=16_member=1616_pso,0.00325035,46,-999,18865.5,18865.5,1,-999
19,gen=15_member=1513_pso,0.00328155,47,-999,18819.5,18819.5,1,-999
19,gen=17_member=1778_pso,0.00346896,48,-999,18772.5,18772.5,1,-999
19,gen=16_member=1641_pso,0.00411317,49,-999,18724.5,18724.5,1,-999
19,gen=17_member=1761_pso,0.00471961,50,-999,18675.5,18675.5,1,-999
19,gen=14_member=1409_pso,0.00473254,51,-999,18625.5,18625.5,1,-999
19,gen=18_member=1804_pso,0.00474981,52,-999,18574.5,18574.5,1,-999
19,gen=17_member=1738_pso,0.00482473,53,-999,18522.5,18522.5,1,-999
19,gen=12_member=1285_pso,0.00512154,55,-999,18415.5,18415.5,1,-999
19,gen=15_member=1524_pso,0.00512723,56,-999,18360.5,18360.5,1,-999
19,gen=18_member=1858_pso,0.00512846,57,-999,18304.5,18304.5,1,-999
19,gen=17_member=1750_pso,0.0051371,58,-999,18247.5,18247.5,1,-999
19,gen=18_member=1815_pso,0.00565329,60,-999,18130.5,18130.5,1,-999
19,gen=17_member=1716_pso,0.0057435,61,-999,18070.5,18070.5,1,-999
19,gen=7_member=772_pso,0.00629133,63,-999,17947.5,17947.5,1,-999
19,gen=16_member=1668_pso,0.00635387,64,-999,17884.5,17884.5,1,-999
19,gen=18_member=1817_pso,0.0063926,65,-999,17820.5,17820.5,1,-999
19,gen=9_member=989_pso,0.00640127,66,-999,17755.5,17755.5,1,-999
19,gen=18_member=1876_pso,0.00687478,68,-999,17622.5,17622.5,1,-999
19,gen=15_member=1558_pso,0.00687563,69,-999,17554.5,17554.5,1,-999
19,gen=18_member=1838_pso,0.00698761,70,-999,17485.5,17485.5,1,-999
19,gen=16_member=1691_pso,0.00742482,71,-999,17415.5,17415.5,1,-999
19,gen=15_member=1592_pso,0.00743347,72,-999,17344.5,17344.5,1,-999
19,gen=12_member=1258_pso,0.00758467,73,-999,17272.5,17272.5,1,-999
19,gen=18_member=1802_pso,0.00760045,74,-999,17199.5,17199.5,1,-999
19,gen=18_member=1882_pso,0.00773445,75,-999,17125.5,17125.5,1,-999
19,gen=16_member=1615_pso,0.00852647,76,-999,17050.5,17050.5,1,-999
19,gen=14_member=1441_pso,0.00856876,77,-999,16974.5,16974.5,1,-999
19,gen=17_member=1720_pso,0.00876393,78,-999,16897.5,16897.5,1,-999
19,gen=18_member=1832_pso,0.00890209,79,-999,16819.5,16819.5,1,-999
19,gen=17_member=1754_pso,0.00980822,81,-999,16660.5,16660.5,1,-999
19,gen=18_member=1867_pso,0.0103106,82,-999,16579.5,16579.5,1,-999
19,gen=18_member=1848_pso,0.0105329,83,-999,16497.5,16497.5,1,-999
19,gen=16_member=1650_pso,0.0107407,84,-999,16414.5,16414.5,1,-999
19,gen=14_member=1470_pso,0.0109463,85,-999,16330.5,16330.5,1,-999
19,gen=12_member=1287_pso,0.0111781,86,-999,16245.5,16245.5,1,-999
19,gen=15_member=1599_pso,0.0113308,87,-999,16159.5,16159.5,1,-999
19,gen=12_member=1223_pso,0.0117107,88,-999,16072.5,16072.5,1,-999
19,gen=17_member=1728_pso,0.0117788,89,-999,15984.5,15984.5,1,-999
19,gen=17_member=1763_pso,0.0118907,90,-999,15895.5,15895.5,1,-999
19,gen=14_member=1429_pso,0.0122711,91,-999,15805.5,15805.5,1,-999
19,gen=12_member=1284_pso,0.0124042,92,-999,15714.5,15714.5,1,-999
19,gen=16_member=1612_pso,0.0132083,93,-999,15622.5,15622.5,1,-999
19,gen=17_member=1704_pso,0.0132736,94,-999,15529.5,15529.5,1,-999
19,gen=16_member=1648_pso,0.0138917,96,-999,15340.5,15340.5,1,-999
19,gen=18_member=1822_pso,0.0139136,97,-999,15244.5,15244.5,1,-999
19,gen=15_member=1521_pso,0.0139998,98,-999,15147.5,15147.5,1,-999
19,gen=17_member=1752_pso,0.014591,100,-999,14950.5,14950.5,1,-999
19,gen=18_member=1854_pso,0.0146527,101,-999,14850.5,14850.5,1,-999
19,gen=18_member=1811_pso,0.0157622,105,-999,14440.5,14440.5,1,-999
19,gen=13_member=1356_pso,0.0157651,106,-999,14335.5,14335.5,1,-999
19,gen=16_member=1636_pso,0.0165139,108,-999,14122.5,14122.5,1,-999
19,gen=18_member=1831_pso,0.0165743,109,-999,14014.5,14014.5,1,-999
19,gen=18_member=1808_pso,0.0168635,110,-999,13905.5,13905.5,1,-999
19,gen=13_member=1307_pso,0.0174802,111,-999,13795.5,13795.5,1,-999
19,gen=14_member=1469_pso,0.017775,113,-999,13572.5,13572.5,1,-999
19,gen=18_member=1833_pso,0.0178987,114,-999,13459.5,13459.5,1,-999
19,gen=18_member=1836_pso,0.0181905,115,-999,13345.5,13345.5,1,-999
19,gen=14_member=1420_pso,0.0184765,116,-999,13230.5,13230.5,1,-999
19,gen=13_member=1371_pso,0.0187885,117,-999,13114.5,13114.5,1,-999
19,gen=17_member=1797_pso,0.0192031,118,-999,12997.5,12997.5,1,-999
19,gen=7_member=732_pso,0.0196801,119,-999,12879.5,12879.5,1,-999
19,gen=15_member=1589_pso,0.0205004,120,-999,12760.5,12760.5,1,-999
19,gen=16_member=1618_pso,0.0209562,121,-999,12640.5,12640.5,1,-999
19,gen=12_member=1290_pso,0.0213462,122,-999,12519.5,12519.5,1,-999
19,gen=17_member=1744_pso,0.0222719,124,-999,12274.5,12274.5,1,-999
19,gen=15_member=1511_pso,0.0225859,125,-999,12150.5,12150.5,1,-999
19,gen=18_member=1819_pso,0.0233107,128,-999,11772.5,11772.5,1,-999
19,gen=17_member=1737_pso,0.0233286,129,-999,11644.5,11644.5,1,-999
19,gen=14_member=1410_pso,0.0236205,130,-999,11515.5,11515.5,1,-999
19,gen=17_member=1711_pso,0.0237101,131,-999,11385.5,11385.5,1,-999
19,gen=13_member=1317_pso,0.0239066,132,-999,11254.5,11254.5,1,-999
19,gen=17_member=1735_pso,0.0244602,133,-999,11122.5,11122.5,1,-999
19,gen=1_member=114_pso,0.0251893,134,-999,10989.5,10989.5,1,-999
19,gen=16_member=1642_pso,0.0261787,135,-999,10855.5,10855.5,1,-999
20,gen=20_member=2000_pso,0.0270036,144,-999,9604.5,9604.5,1,-999
20,gen=20_member=2001_pso,0.00793682,99,-999,15049.5,15049.5,1,-999
20,gen=20_member=2002_pso,0.00537088,80,-999,16740.5,16740.5,1,-999
20,gen=20_member=2003_pso,0.0149133,134,-999,10989.5,10989.5,1,-999
20,gen=20_member=2004_pso,0.0033177,64,-999,17884.5,17884.5,1,-999
20,gen=20_member=2005_pso,0.00233528,50,-999,18675.5,18675.5,1,-999
20,gen=20_member=2006_pso,0.0121632,121,-999,12640.5,12640.5,1,-999
20,gen=20_member=2007_pso,0.022257,139,-999,10309.5,10309.5,1,-999
20,gen=20_member=2008_pso,0.00417346,67,-999,17689.5,17689.5,1,-999
20,gen=20_member=2009_pso,0.00311042,57,-999,18304.5,18304.5,1,-999
20,gen=20_member=2010_pso,0.0269293,143,-999,9747.5,9747.5,1,-999
20,gen=20_member=2011_pso,0.00470984,68,-999,17622.5,17622.5,1,-999
20,gen=20_member=2012_pso,0.269286,180,-999,3790.47,3790.47,1,-999
20,gen=20_member=2013_pso,0.496051,190,-999,1945.45,1945.45,1,-999
20,gen=20_member=2014_pso,0.00154094,40,-999,19120.5,19120.5,1,-999
20,gen=20_member=2015_pso,0.00323146,61,-999,18070.5,18070.5,1,-999
20,gen=20_member=2016_pso,0.00836368,100,-999,14950.5,14950.5,1,-999
20,gen=20_member=2017_pso,0.0138967,128,-999,11772.5,11772.5,1,-999
20,gen=20_member=2018_pso,0.0197086,137,-999,10584.5,10584.5,1,-999
20,gen=20_member=2019_pso,0.030713,147,-999,9169.5,9169.5,1,-999
20,gen=20_member=2020_pso,0.022896,142,-999,9889.5,9889.5,1,-999
20,gen=20_member=2021_pso,0.0186698,136,-999,10720.5,10720.5,1,-999
20,gen=20_member=2022_pso,0.203984,175,-999,4675.48,4675.48,1,-999
20,gen=20_member=2023_pso,0.00860951,104,-999,14544.5,14544.5,1,-999
20,gen=20_member=2024_pso,0.210921,177,-999,4324.48,4324.48,1,-999
20,gen=20_member=2025_pso,0.00669052,89,-999,15984.5,15984.5,1,-999
20,gen=20_member=2026_pso,0.0299354,146,-999,9315.5,9315.5,1,-999
20,gen=20_member=2027_pso,0.443617,189,-999,2134.45,2134.45,1,-999
20,gen=20_member=2028_pso,0.000139142,6,-999,19885.5,19885.5,1,-999
20,gen=20_member=2029_pso,0.076342,160,-999,7180.49,7180.49,1,-999
20,gen=20_member=2030_pso,0.00531233,79,-999,16819.5,16819.5,1,-999
20,gen=20_member=2031_pso,0.191277,172,-999,5194.48,5194.48,1,-999
20,gen=20_member=2032_pso,0.21705,178,-999,4147.48,4147.48,1,-999
20,gen=20_member=2033_pso,0.661986,193,-999,1372.42,1372.42,1,-999
20,gen=20_member=2034_pso,0.00208153,46,-999,18865.5,18865.5,1,-999
20,gen=20_member=2035_pso,0.0380622,150,-999,8725.5,8725.5,1,-999
20,gen=20_member=2036_pso,0.0227715,141,-999,10030.5,10030.5,1,-999
20,gen=20_member=2037_pso,0.153234,169,-999,5704.49,5704.49,1,-999
20,gen=20_member=2038_pso,0.00301937,55,-999,18415.5,18415.5,1,-999
20,gen=20_member=2039_pso,0.111275,164,-999,6534.49,6534.49,1,-999
20,gen=20_member=2040_pso,0.000216929,9,-999,19864.5,19864.5,1,-999
20,gen=20_member=2041_pso,0.401967,184,-999,3064.46,3064.46,1,-999
20,gen=20_member=2042_pso,0.30266,181,-999,3610.47,3610.47,1,-999
20,gen=20_member=2043_pso,0.154276,170,-999,5535.49,5535.49,1,-999
20,gen=20_member=2044_pso,0.0421463,151,-999,8575.5,8575.5,1,-999
20,gen=20_member=2045_pso,0.0956079,161,-999,7020.49,7020.49,1,-999
20,gen=20_member=2046_pso,0.000562174,19,-999,19729.5,19729.5,1,-999
20,gen=20_member=2047_pso,0.0454659,154,-999,8119.5,8119.5,1,-999
20,gen=20_member=2048_pso,0.121076,168,-999,5872.48,5872.48,1,-999
20,gen=20_member=2049_pso,1.91345,194,-999,1179.28,1179.28,1,-999
20,gen=20_member=2050_pso,0.402657,185,-999,2880.46,2880.46,1,-999
20,gen=20_member=2051_pso,0.00931323,108,-999,14122.5,14122.5,1,-999
20,gen=20_member=2052_pso,0.196903,174,-999,4849.48,4849.48,1,-999
20,gen=20_member=2053_pso,0.0212865,138,-999,10447.5,10447.5,1,-999
20,gen=20_member=2054_pso,0.00480098,72,-999,17344.5,17344.5,1,-999
20,gen=20_member=2055_pso,0.114734,166,-999,6205.48,6205.48,1,-999
20,gen=20_member=2056_pso,0.340921,182,-999,3429.47,3429.47,1,-999
20,gen=20_member=2057_pso,0.117092,167,-999,6039.48,6039.48,1,-999
20,gen=20_member=2058_pso,0.0183647,135,-999,10855.5,10855.5,1,-999
20,gen=20_member=2059_pso,0.0365991,149,-999,8874.5,8874.5,1,-999
20,gen=20_member=2060_pso,0.00211678,47,-999,18819.5,18819.5,1,-999
20,gen=20_member=2061_pso,0.0090234,107,-999,14229.5,14229.5,1,-999
20,gen=20_member=2062_pso,3.03642,196,-999,790.216,790.216,1,-999
20,gen=20_member=2063_pso,0.169557,171,-999,5365.49,5365.49,1,-999
20,gen=20_member=2064_pso,0.515829,191,-999,1755.44,1755.44,1,-999
20,gen=20_member=2065_pso,0.516696,192,-999,1564.44,1564.44,1,-999
20,gen=20_member=2066_pso,0.0139438,130,-999,11515.5,11515.5,1,-999
20,gen=20_member=2067_pso,0.0976183,162,-999,6859.49,6859.49,1,-999
20,gen=20_member=2068_pso,0.0114114,117,-999,13114.5,13114.5,1,-999
20,gen=20_member=2069_pso,0.00014452,8,-999,19872.5,19872.5,1,-999
20,gen=20_member=2070_pso,0.255774,179,-999,3969.48,3969.48,1,-999
20,gen=20_member=2071_pso,0.0495925,156,-999,7810.49,7810.49,1,-999
20,gen=20_member=2072_pso,5.54979,200,-999,0.139938,0.139938,1,-999
20,gen=20_member=2073_pso,0.00128011,38,-999,19197.5,19197.5,1,-999
20,gen=20_member=2074_pso,0.051335,158,-999,7497.49,7497.49,1,-999
20,gen=20_member=2075_pso,0.043991,153,-999,8272.5,8272.5,1,-999
20,gen=20_member=2076_pso,5.49374,199,-999,199.141,199.141,1,-999
20,gen=20_member=2077_pso,0.00194157,44,-999,18954.5,18954.5,1,-999
20,gen=20_member=2078_pso,0.0713302,159,-999,7339.49,7339.49,1,-999
20,gen=20_member=2079_pso,0.210721,176,-999,4500.48,4500.48,1,-999
20,gen=20_member=2080_pso,0.00853355,102,-999,14749.5,14749.5,1,-999
20,gen=20_member=2081_pso,0.000739387,23,-999,19647.5,19647.5,1,-999
20,gen=20_member=2082_pso,0.00316724,60,-999,18130.5,18130.5,1,-999
20,gen=20_member=2083_pso,2.09522,195,-999,985.268,985.268,1,-999
20,gen=20_member=2084_pso,0.109165,163,-999,6697.49,6697.49,1,-999
20,gen=20_member=2085_pso,0.403747,186,-999,2695.46,2695.46,1,-999
20,gen=20_member=2086_pso,0.441599,188,-999,2322.45,2322.45,1,-999
20,gen=20_member=2087_pso,4.71379,198,-999,397.158,397.158,1,-999
20,gen=20_member=2088_pso,0.111974,165,-999,6370.49,6370.49,1,-999
20,gen=20_member=2089_pso,0.0495057,155,-999,7965.49,7965.49,1,-999
20,gen=20_member=2090_pso,0.359521,183,-999,3247.47,3247.47,1,-999
20,gen=20_member=2091_pso,0.19689,173,-999,5022.48,5022.48,1,-999
20,gen=20_member=2092_pso,0.426045,187,-999,2509.45,2509.45,1,-999
20,gen=20_member=2093_pso,0.000609855,22,-999,19669.5,19669.5,1,-999
20,gen=20_member=2094_pso,0.0512604,157,-999,7654.49,7654.49,1,-999
20,gen=20_member=2095_pso,0.0290521,145,-999,9460.5,9460.5,1,-999
20,gen=20_member=2096_pso,3.58346,197,-999,594.193,594.193,1,-999
20,gen=20_member=2097_pso,0.0224041,140,-999,10170.5,10170.5,1,-999
20,gen=20_member=2098_pso,0.0323035,148,-999,9022.5,9022.5,1,-999
20,gen=20_member=2099_pso,0.0424131,152,-999,8424.5,8424.5,1,-999
20,gen=17_member=1790_pso,2.1836e-05,1,-999,19900.5,19900.5,1,-999
20,gen=19_member=1917_pso,4.31004e-05,2,-999,19899.5,19899.5,1,-999
20,gen=19_member=1905_pso,5.87071e-05,3,-999,19897.5,19897.5,1,-999
20,gen=17_member=1733_pso,6.3265e-05,4,-999,19894.5,19894.5,1,-999
20,gen=19_member=1968_pso,7.20557e-05,5,-999,19890.5,19890.5,1,-999
20,gen=19_member=1934_pso,0.000142801,7,-999,19879.5,19879.5,1,-999
20,gen=18_member=1884_pso,0.000298295,10,-999,19855.5,19855.5,1,-999
20,gen=18_member=1881_pso,0.000319441,11,-999,19845.5,19845.5,1,-999
20,gen=19_member=1957_pso,0.00036428,12,-999,19834.5,19834.5,1,-999
20,gen=16_member=1620_pso,0.000369474,13,-999,19822.5,19822.5,1,-999
20,gen=16_member=1678_pso,0.000390274,14,-999,19809.5,19809.5,1,-999
20,gen=19_member=1997_pso,0.000395857,15,-999,19795.5,19795.5,1,-999
20,gen=19_member=1969_pso,0.000403541,16,-999,19780.5,19780.5,1,-999
20,gen=13_member=1373_pso,0.000426779,17,-999,19764.5,19764.5,1,-999
20,gen=19_member=1919_pso,0.000448138,18,-999,19747.5,19747.5,1,-999
20,gen=19_member=1901_pso,0.000580138,20,-999,19710.5,19710.5,1,-999
20,gen=19_member=1956_pso,0.000590872,21,-999,19690.5,19690.5,1,-999
20,gen=18_member=1801_pso,0.000763962,24,-999,19624.5,19624.5,1,-999
20,gen=13_member=1353_pso,0.000821212,25,-999,19600.5,19600.5,1,-999
20,gen=18_member=1873_pso,0.000952307,26,-999,19575.5,19575.5,1,-999
20,gen=18_member=1894_pso,0.000987164,27,-999,19549.5,19549.5,1,-999
20,gen=19_member=1955_pso,0.00105125,28,-999,19522.5,19522.5,1,-999
20,gen=18_member=1818_pso,0.00113477,29,-999,19494.5,19494.5,1,-999
20,gen=19_member=1922_pso,0.00113647,30,-999,19465.5,19465.5,1,-999
20,gen=19_member=1932_pso,0.00114575,31,-999,19435.5,19435.5,1,-999
20,gen=19_member=1953_pso,0.00115498,32,-999,19404.5,19404.5,1,-999
20,gen=17_member=1736_pso,0.00119094,33,-999,19372.5,19372.5,1,-999
20,gen=16_member=1699_pso,0.00121681,34,-999,19339.5,19339.5,1,-999
20,gen=14_member=1466_pso,0.00125158,35,-999,19305.5,19305.5,1,-999
20,gen=12_member=1281_pso,0.00127376,36,-999,19270.5,19270.5,1,-999
20,gen=19_member=1981_pso,0.00127986,37,-999,19234.5,19234.5,1,-999
20,gen=14_member=1488_pso,0.00147179,39,-999,19159.5,19159.5,1,-999
20,gen=17_member=1700_pso,0.00154689,41,-999,19080.5,19080.5,1,-999
20,gen=14_member=1462_pso,0.00156306,42,-999,19039.5,19039.5,1,-999
20,gen=18_member=1803_pso,0.0019204,43,-999,18997.5,18997.5,1,-999
20,gen=19_member=1902_pso,0.00204677,45,-999,18910.5,18910.5,1,-999
20,gen=19_member=1978_pso,0.00222954,48,-999,18772.5,18772.5,1,-999
20,gen=16_member=1658_pso,0.002251,49,-999,18724.5,18724.5,1,-999
20,gen=19_member=1985_pso,0.00245237,51,-999,18625.5,18625.5,1,-999
20,gen=17_member=1707_pso,0.0028065,52,-999,18574.5,18574.5,1,-999
20,gen=17_member=1703_pso,0.00289238,53,-999,18522.5,18522.5,1,-999
20,gen=19_member=1979_pso,0.00294326,54,-999,18469.5,18469.5,1,-999
20,gen=18_member=1828_pso,0.00310448,56,-999,18360.5,18360.5,1,-999
20,gen=16_member=1624_pso,0.00314285,58,-999,18247.5,18247.5,1,-999
20,gen=19_member=1909_pso,0.00314931,59,-999,18189.5,18189.5,1,-999
20,gen=16_member=1616_pso,0.00325035,62,-999,18009.5,18009.5,1,-999
20,gen=15_member=1513_pso,0.00328155,63,-999,17947.5,17947.5,1,-999
20,gen=17_member=1778_pso,0.00346896,65,-999,17820.5,17820.5,1,-999
20,gen=16_member=1641_pso,0.00411317,66,-999,17755.5,17755.5,1,-999
20,gen=17_member=1761_pso,0.00471961,69,-999,17554.5,17554.5,1,-999
20,gen=14_member=1409_pso,0.00473254,70,-999,17485.5,17485.5,1,-999
20,gen=18_member=1804_pso,0.00474981,71,-999,17415.5,17415.5,1,-999
20,gen=17_member=1738_pso,0.00482473,73,-999,17272.5,17272.5,1,-999
20,gen=19_member=1942_pso,0.00488617,74,-999,17199.5,17199.5,1,-999
20,gen=12_member=1285_pso,0.00512154,75,-999,17125.5,17125.5,1,-999
20,gen=15_member=1524_pso,0.00512723,76,-999,17050.5,17050.5,1,-999
20,gen=18_member=1858_pso,0.00512846,77,-999,16974.5,16974.5,1,-999
20,gen=17_member=1750_pso,0.0051371,78,-999,16897.5,16897.5,1,-999
20,gen=19_member=1931_pso,0.00564156,81,-999,16660.5,16660.5,1,-999
20,gen=18_member=1815_pso,0.00565329,82,-999,16579.5,16579.5,1,-999
20,gen=17_member=1716_pso,0.0057435,83,-999,16497.5,16497.5,1,-999
20,gen=19_member=1977_pso,0.00621244,84,-999,16414.5,16414.5,1,-999
20,gen=7_member=772_pso,0.00629133,85,-999,16330.5,16330.5,1,-999
20,gen=16_member=1668_pso,0.00635387,86,-999,16245.5,16245.5,1,-999
20,gen=18_member=1817_pso,0.0063926,87,-999,16159.5,16159.5,1,-999
20,gen=9_member=989_pso,0.00640127,88,-999,16072.5,16072.5,1,-999
20,gen=19_member=1911_pso,0.0067374,90,-999,15895.5,15895.5,1,-999
20,gen=18_member=1876_pso,0.00687478,91,-999,15805.5,15805.5,1,-999
20,gen=15_member=1558_pso,0.00687563,92,-999,15714.5,15714.5,1,-999
20,gen=18_member=1838_pso,0.00698761,93,-999,15622.5,15622.5,1,-999
20,gen=16_member=1691_pso,0.00742482,94,-999,15529.5,15529.5,1,-999
20,gen=15_member=1592_pso,0.00743347,95,-999,15435.5,15435.5,1,-999
20,gen=12_member=1258_pso,0.00758467,96,-999,15340.5,15340.5,1,-999
20,gen=18_member=1802_pso,0.00760045,97,-999,15244.5,15244.5,1,-999
20,gen=18_member=1882_pso,0.00773445,98,-999,15147.5,15147.5,1,-999
20,gen=16_member=1615_pso,0.00852647,101,-999,14850.5,14850.5,1,-999
20,gen=14_member=1441_pso,0.00856876,103,-999,14647.5,14647.5,1,-999
20,gen=17_member=1720_pso,0.00876393,105,-999,14440.5,14440.5,1,-999
20,gen=18_member=1832_pso,0.00890209,106,-999,14335.5,14335.5,1,-999
20,gen=19_member=1904_pso,0.00935181,109,-999,14014.5,14014.5,1,-999
20,gen=17_member=1754_pso,0.00980822,110,-999,13905.5,13905.5,1,-999
20,gen=18_member=1867_pso,0.0103106,111,-999,13795.5,13795.5,1,-999
20,gen=18_member=1848_pso,0.0105329,112,-999,13684.5,13684.5,1,-999
20,gen=16_member=1650_pso,0.0107407,113,-999,13572.5,13572.5,1,-999
20,gen=14_member=1470_pso,0.0109463,114,-999,13459.5,13459.5,1,-999
20,gen=12_member=1287_pso,0.0111781,115,-999,13345.5,13345.5,1,-999
20,gen=15_member=1599_pso,0.0113308,116,-999,13230.5,13230.5,1,-999
20,gen=12_member=1223_pso,0.0117107,118,-999,12997.5,12997.5,1,-999
20,gen=17_member=1728_pso,0.0117788,119,-999,12879.5,12879.5,1,-999
20,gen=17_member=1763_pso,0.0118907,120,-999,12760.5,12760.5,1,-999
20,gen=14_member=1429_pso,0.0122711,122,-999,12519.5,12519.5,1,-999
20,gen=12_member=1284_pso,0.0124042,123,-999,12397.5,12397.5,1,-999
20,gen=16_member=1612_pso,0.0132083,124,-999,12274.5,12274.5,1,-999
20,gen=17_member=1704_pso,0.0132736,125,-999,12150.5,12150.5,1,-999
20,gen=19_member=1993_pso,0.0136117,126,-999,12025.5,12025.5,1,-999
20,gen=16_member=1648_pso,0.0138917,127,-999,11899.5,11899.5,1,-999
20,gen=18_member=1822_pso,0.0139136,129,-999,11644.5,11644.5,1,-999
20,gen=15_member=1521_pso,0.0139998,131,-999,11385.5,11385.5,1,-999
20,gen=19_member=1910_pso,0.0145597,132,-999,11254.5,11254.5,1,-999
20,gen=17_member=1752_pso,0.014591,133,-999,11122.5,11122.5,1,-999
21,gen=21_member=2100_pso,0.0268681,150,-999,8725.5,8725.5,1,-999
21,gen=21_member=2101_pso,0.00631487,112,-999,13684.5,13684.5,1,-999
21,gen=21_member=2102_pso,0.00040015,24,-999,19624.5,19624.5,1,-999
21,gen=21_member=2103_pso,0.00771786,130,-999,11515.5,11515.5,1,-999
21,gen=21_member=2104_pso,0.000279772,15,-999,19795.5,19795.5,1,-999
21,gen=21_member=2105_pso,0.00240281,69,-999,17554.5,17554.5,1,-999
21,gen=21_member=2106_pso,0.00484008,97,-999,15244.5,15244.5,1,-999
21,gen=21_member=2107_pso,0.0439998,159,-999,7339.5,7339.5,1,-999
21,gen=21_member=2108_pso,0.0751963,172,-999,5194.49,5194.49,1,-999
21,gen=21_member=2109_pso,0.000767739,36,-999,19270.5,19270.5,1,-999
21,gen=21_member=2110_pso,0.00548299,105,-999,14440.5,14440.5,1,-999
21,gen=21_member=2111_pso,0.0486021,161,-999,7020.5,7020.5,1,-999
21,gen=21_member=2112_pso,0.0117665,137,-999,10584.5,10584.5,1,-999
21,gen=21_member=2113_pso,0.0144981,139,-999,10309.5,10309.5,1,-999
21,gen=21_member=2114_pso,0.0291161,153,-999,8272.5,8272.5,1,-999
21,gen=21_member=2115_pso,0.00627563,110,-999,13905.5,13905.5,1,-999
21,gen=21_member=2116_pso,0.105251,177,-999,4324.49,4324.49,1,-999
21,gen=21_member=2117_pso,0.00207993,62,-999,18009.5,18009.5,1,-999
21,gen=21_member=2118_pso,0.207054,185,-999,2880.48,2880.48,1,-999
21,gen=21_member=2119_pso,0.0554129,165,-999,6370.5,6370.5,1,-999
21,gen=21_member=2120_pso,0.05037,163,-999,6697.5,6697.5,1,-999
21,gen=21_member=2121_pso,0.0638179,168,-999,5872.5,5872.5,1,-999
21,gen=21_member=2122_pso,9.61231e-05,10,-999,19855.5,19855.5,1,-999
21,gen=21_member=2123_pso,0.126488,179,-999,3969.48,3969.48,1,-999
21,gen=21_member=2124_pso,0.00765943,129,-999,11644.5,11644.5,1,-999
21,gen=21_member=2125_pso,0.00290482,74,-999,17199.5,17199.5,1,-999
21,gen=21_member=2126_pso,0.0228307,145,-999,9460.5,9460.5,1,-999
21,gen=21_member=2127_pso,0.0386957,155,-999,7965.5,7965.5,1,-999
21,gen=21_member=2128_pso,0.27834,187,-999,2509.46,2509.46,1,-999
21,gen=21_member=2129_pso,0.0012139,46,-999,18865.5,18865.5,1,-999
21,gen=21_member=2130_pso,0.0719287,170,-999,5535.49,5535.49,1,-999
21,gen=21_member=2131_pso,0.00742247,123,-999,12397.5,12397.5,1,-999
21,gen=21_member=2132_pso,0.0494944,162,-999,6859.5,6859.5,1,-999
21,gen=21_member=2133_pso,0.11237,178,-999,4147.49,4147.49,1,-999
21,gen=21_member=2134_pso,0.197486,183,-999,3247.48,3247.48,1,-999
21,gen=21_member=2135_pso,0.0193932,142,-999,9889.5,9889.5,1,-999
21,gen=21_member=2136_pso,0.0220963,144,-999,9604.5,9604.5,1,-999
21,gen=21_member=2137_pso,0.331696,191,-999,1755.46,1755.46,1,-999
21,gen=21_member=2138_pso,1.60258,199,-999,199.295,199.295,1,-999
21,gen=21_member=2139_pso,0.00986634,135,-999,10855.5,10855.5,1,-999
21,gen=21_member=2140_pso,0.0404624,157,-999,7654.5,7654.5,1,-999
21,gen=21_member=2141_pso,0.0984452,175,-999,4675.49,4675.49,1,-999
21,gen=21_member=2142_pso,0.000730716,33,-999,19372.5,19372.5,1,-999
21,gen=21_member=2143_pso,0.00689647,121,-999,12640.5,12640.5,1,-999
21,gen=21_member=2144_pso,0.00221265,65,-999,17820.5,17820.5,1,-999
21,gen=21_member=2145_pso,0.023429,147,-999,9169.5,9169.5,1,-999
21,gen=21_member=2146_pso,0.0123117,138,-999,10447.5,10447.5,1,-999
21,gen=21_member=2147_pso,0.0431332,158,-999,7497.5,7497.5,1,-999
21,gen=21_member=2148_pso,0.0298868,154,-999,8119.5,8119.5,1,-999
21,gen=21_member=2149_pso,0.0280099,151,-999,8575.5,8575.5,1,-999
21,gen=21_member=2150_pso,0.0199853,143,-999,9747.5,9747.5,1,-999
21,gen=21_member=2151_pso,0.45524,194,-999,1179.44,1179.44,1,-999
21,gen=21_member=2152_pso,0.000336968,18,-999,19747.5,19747.5,1,-999
21,gen=21_member=2153_pso,0.197681,184,-999,3064.48,3064.48,1,-999
21,gen=21_member=2154_pso,0.00131054,52,-999,18574.5,18574.5,1,-999
21,gen=21_member=2155_pso,0.209839,186,-999,2695.47,2695.47,1,-999
21,gen=21_member=2156_pso,0.00382664,88,-999,16072.5,16072.5,1,-999
21,gen=21_member=2157_pso,0.286069,188,-999,2322.46,2322.46,1,-999
21,gen=21_member=2158_pso,0.00299936,76,-999,17050.5,17050.5,1,-999
21,gen=21_member=2159_pso,0.0628875,167,-999,6039.5,6039.5,1,-999
21,gen=21_member=2160_pso,0.00131807,53,-999,18522.5,18522.5,1,-999
21,gen=21_member=2161_pso,0.416003,192,-999,1564.45,1564.45,1,-999
21,gen=21_member=2162_pso,0.461238,195,-999,985.438,985.438,1,-999
21,gen=21_member=2163_pso,0.177471,182,-999,3429.48,3429.48,1,-999
21,gen=21_member=2164_pso,0.0454692,160,-999,7180.5,7180.5,1,-999
21,gen=21_member=2165_pso,5.67722e-07,1,-999,19900.5,19900.5,1,-999
21,gen=21_member=2166_pso,4.49504e-05,4,-999,19894.5,19894.5,1,-999
21,gen=21_member=2167_pso,0.000462222,28,-999,19522.5,19522.5,1,-999
21,gen=21_member=2168_pso,0.306898,190,-999,1945.46,1945.46,1,-999
21,gen=21_member=2169_pso,0.426574,193,-999,1372.44,1372.44,1,-999
21,gen=21_member=2170_pso,0.00033707,19,-999,19729.5,19729.5,1,-999
21,gen=21_member=2171_pso,0.0565009,166,-999,6205.5,6205.5,1,-999
21,gen=21_member=2172_pso,0.0904389,174,-999,4849.49,4849.49,1,-999
21,gen=21_member=2173_pso,0.0162177,140,-999,10170.5,10170.5,1,-999
21,gen=21_member=2174_pso,0.0821137,173,-999,5022.49,5022.49,1,-999
21,gen=21_member=2175_pso,0.286312,189,-999,2134.46,2134.46,1,-999
21,gen=21_member=2176_pso,0.956917,198,-999,397.364,397.364,1,-999
21,gen=21_member=2177_pso,0.0402286,156,-999,7810.5,7810.5,1,-999
21,gen=21_member=2178_pso,0.00800495,133,-999,11122.5,11122.5,1,-999
21,gen=21_member=2179_pso,0.0748453,171,-999,5365.49,5365.49,1,-999
21,gen=21_member=2180_pso,0.010596,136,-999,10720.5,10720.5,1,-999
21,gen=21_member=2181_pso,5.35719e-05,5,-999,19890.5,19890.5,1,-999
21,gen=21_member=2182_pso,0.0236947,148,-999,9022.5,9022.5,1,-999
21,gen=21_member=2183_pso,0.0280448,152,-999,8424.5,8424.5,1,-999
21,gen=21_member=2184_pso,0.860973,197,-999,594.375,594.375,1,-999
21,gen=21_member=2185_pso,0.509113,196,-999,790.429,790.429,1,-999
21,gen=21_member=2186_pso,0.00754755,126,-999,12025.5,12025.5,1,-999
21,gen=21_member=2187_pso,0.00645005,116,-999,13230.5,13230.5,1,-999
21,gen=21_member=2188_pso,6.4357e-05,8,-999,19872.5,19872.5,1,-999
21,gen=21_member=2189_pso,0.10186,176,-999,4500.49,4500.49,1,-999
21,gen=21_member=2190_pso,0.150579,180,-999,3790.48,3790.48,1,-999
21,gen=21_member=2191_pso,0.0246332,149,-999,8874.5,8874.5,1,-999
21,gen=21_member=2192_pso,0.00145099,54,-999,18469.5,18469.5,1,-999
21,gen=21_member=2193_pso,0.0660153,169,-999,5704.49,5704.49,1,-999
21,gen=21_member=2194_pso,0.0511624,164,-999,6534.5,6534.5,1,-999
21,gen=21_member=2195_pso,5.11444,200,-999,0.144831,0.144831,1,-999
21,gen=21_member=2196_pso,0.00242105,70,-999,17485.5,17485.5,1,-999
21,gen=21_member=2197_pso,0.177251,181,-999,3610.48,3610.48,1,-999
21,gen=21_member=2198_pso,0.0166702,141,-999,10030.5,10030.5,1,-999
21,gen=21_member=2199_pso,0.0231441,146,-999,9315.5,9315.5,1,-999
21,gen=17_member=1790_pso,2.1836e-05,2,-999,19899.5,19899.5,1,-999
21,gen=19_member=1917_pso,4.31004e-05,3,-999,19897.5,19897.5,1,-999
21,gen=19_member=1905_pso,5.87071e-05,6,-999,19885.5,19885.5,1,-999
21,gen=17_member=1733_pso,6.3265e-05,7,-999,19879.5,19879.5,1,-999
21,gen=19_member=1968_pso,7.20557e-05,9,-999,19864.5,19864.5,1,-999
21,gen=20_member=2028_pso,0.000139142,11,-999,19845.5,19845.5,1,-999
21,gen=19_member=1934_pso,0.000142801,12,-999,19834.5,19834.5,1,-999
21,gen=20_member=2069_pso,0.00014452,13,-999,19822.5,19822.5,1,-999
21,gen=20_member=2040_pso,0.000216929,14,-999,19809.5,19809.5,1,-999
21,gen=18_member=1884_pso,0.000298295,16,-999,19780.5,19780.5,1,-999
21,gen=18_member=1881_pso,0.000319441,17,-999,19764.5,19764.5,1,-999
21,gen=19_member=1957_pso,0.00036428,20,-999,19710.5,19710.5,1,-999
21,gen=16_member=1620_pso,0.000369474,21,-999,19690.5,19690.5,1,-999
21,gen=16_member=1678_pso,0.000390274,22,-999,19669.5,19669.5,1,-999
21,gen=19_member=1997_pso,0.000395857,23,-999,19647.5,19647.5,1,-999
21,gen=19_member=1969_pso,0.000403541,25,-999,19600.5,19600.5,1,-999
21,gen=13_member=1373_pso,0.000426779,26,-999,19575.5,19575.5,1,-999
21,gen=19_member=1919_pso,0.000448138,27,-999,19549.5,19549.5,1,-999
21,gen=20_member=2046_pso,0.000562174,29,-999,19494.5,19494.5,1,-999
21,gen=19_member=1901_pso,0.000580138,30,-999,19465.5,19465.5,1,-999
21,gen=19_member=1956_pso,0.000590872,31,-999,19435.5,19435.5,1,-999
21,gen=20_member=2093_pso,0.000609855,32,-999,19404.5,19404.5,1,-999
21,gen=20_member=2081_pso,0.000739387,34,-999,19339.5,19339.5,1,-999
21,gen=18_member=1801_pso,0.000763962,35,-999,19305.5,19305.5,1,-999
21,gen=13_member=1353_pso,0.000821212,37,-999,19234.5,19234.5,1,-999
21,gen=18_member=1873_pso,0.000952307,38,-999,19197.5,19197.5,1,-999
21,gen=18_member=1894_pso,0.000987164,39,-999,19159.5,19159.5,1,-999
21,gen=19_member=1955_pso,0.00105125,40,-999,19120.5,19120.5,1,-999
21,gen=18_member=1818_pso,0.00113477,41,-999,19080.5,19080.5,1,-999
21,gen=19_member=1922_pso,0.00113647,42,-999,19039.5,19039.5,1,-999
21,gen=19_member=1932_pso,0.00114575,43,-999,18997.5,18997.5,1,-999
21,gen=19_member=1953_pso,0.00115498,44,-999,18954.5,18954.5,1,-999
21,gen=17_member=1736_pso,0.00119094,45,-999,18910.5,18910.5,1,-999
21,gen=16_member=1699_pso,0.00121681,47,-999,18819.5,18819.5,1,-999
21,gen=14_member=1466_pso,0.00125158,48,-999,18772.5,18772.5,1,-999
21,gen=12_member=1281_pso,0.00127376,49,-999,18724.5,18724.5,1,-999
21,gen=19_member=1981_pso,0.00127986,50,-999,18675.5,18675.5,1,-999
21,gen=20_member=2073_pso,0.00128011,51,-999,18625.5,18625.5,1,-999
21,gen=14_member=1488_pso,0.00147179,55,-999,18415.5,18415.5,1,-999
21,gen=20_member=2014_pso,0.00154094,56,-999,18360.5,18360.5,1,-999
21,gen=17_member=1700_pso,0.00154689,57,-999,18304.5,18304.5,1,-999
21,gen=14_member=1462_pso,0.00156306,58,-999,18247.5,18247.5,1,-999
21,gen=18_member=1803_pso,0.0019204,59,-999,18189.5,18189.5,1,-999
21,gen=20_member=2077_pso,0.00194157,60,-999,18130.5,18130.5,1,-999
21,gen=19_member=1902_pso,0.00204677,61,-999,18070.5,18070.5,1,-999
21,gen=20_member=2034_pso,0.00208153,63,-999,17947.5,17947.5,1,-999
21,gen=20_member=2060_pso,0.00211678,64,-999,17884.5,17884.5,1,-999
21,gen=19_member=1978_pso,0.00222954,66,-999,17755.5,17755.5,1,-999
21,gen=16_member=1658_pso,0.002251,67,-999,17689.5,17689.5,1,-999
21,gen=20_member=2005_pso,0.00233528,68,-999,17622.5,17622.5,1,-999
21,gen=19_member=1985_pso,0.00245237,71,-999,17415.5,17415.5,1,-999
21,gen=17_member=1707_pso,0.0028065,72,-999,17344.5,17344.5,1,-999
21,gen=17_member=1703_pso,0.00289238,73,-999,17272.5,17272.5,1,-999
21,gen=19_member=1979_pso,0.00294326,75,-999,17125.5,17125.5,1,-999
21,gen=20_member=2038_pso,0.00301937,77,-999,16974.5,16974.5,1,-999
21,gen=18_member=1828_pso,0.00310448,78,-999,16897.5,16897.5,1,-999
21,gen=20_member=2009_pso,0.00311042,79,-999,16819.5,16819.5,1,-999
21,gen=16_member=1624_pso,0.00314285,80,-999,16740.5,16740.5,1,-999
21,gen=19_member=1909_pso,0.00314931,81,-999,16660.5,16660.5,1,-999
21,gen=20_member=2082_pso,0.00316724,82,-999,16579.5,16579.5,1,-999
21,gen=20_member=2015_pso,0.00323146,83,-999,16497.5,16497.5,1,-999
21,gen=16_member=1616_pso,0.00325035,84,-999,16414.5,16414.5,1,-999
21,gen=15_member=1513_pso,0.00328155,85,-999,16330.5,16330.5,1,-999
21,gen=20_member=2004_pso,0.0033177,86,-999,16245.5,16245.5,1,-999
21,gen=17_member=1778_pso,0.00346896,87,-999,16159.5,16159.5,1,-999
21,gen=16_member=1641_pso,0.00411317,89,-999,15984.5,15984.5,1,-999
21,gen=20_member=2008_pso,0.00417346,90,-999,15895.5,15895.5,1,-999
21,gen=20_member=2011_pso,0.00470984,91,-999,15805.5,15805.5,1,-999
21,gen=17_member=1761_pso,0.00471961,92,-999,15714.5,15714.5,1,-999
21,gen=14_member=1409_pso,0.00473254,93,-999,15622.5,15622.5,1,-999
21,gen=18_member=1804_pso,0.00474981,94,-999,15529.5,15529.5,1,-999
21,gen=20_member=2054_pso,0.00480098,95,-999,15435.5,15435.5,1,-999
21,gen=17_member=1738_pso,0.00482473,96,-999,15340.5,15340.5,1,-999
21,gen=19_member=1942_pso,0.00488617,98,-999,15147.5,15147.5,1,-999
21,gen=12_member=1285_pso,0.00512154,99,-999,15049.5,15049.5,1,-999
21,gen=15_member=1524_pso,0.00512723,100,-999,14950.5,14950.5,1,-999
21,gen=18_member=1858_pso,0.00512846,101,-999,14850.5,14850.5,1,-999
21,gen=17_member=1750_pso,0.0051371,102,-999,14749.5,14749.5,1,-999
21,gen=20_member=2030_pso,0.00531233,103,-999,14647.5,14647.5,1,-999
21,gen=20_member=2002_pso,0.00537088,104,-999,14544.5,14544.5,1,-999
21,gen=19_member=1931_pso,0.00564156,106,-999,14335.5,14335.5,1,-999
21,gen=18_member=1815_pso,0.00565329,107,-999,14229.5,14229.5,1,-999
21,gen=17_member=1716_pso,0.0057435,108,-999,14122.5,14122.5,1,-999
21,gen=19_member=1977_pso,0.00621244,109,-999,14014.5,14014.5,1,-999
21,gen=7_member=772_pso,0.00629133,111,-999,13795.5,13795.5,1,-999
21,gen=16_member=1668_pso,0.00635387,113,-999,13572.5,13572.5,1,-999
21,gen=18_member=1817_pso,0.0063926,114,-999,13459.5,13459.5,1,-999
21,gen=9_member=989_pso,0.00640127,115,-999,13345.5,13345.5,1,-999
21,gen=20_member=2025_pso,0.00669052,117,-999,13114.5,13114.5,1,-999
21,gen=19_member=1911_pso,0.0067374,118,-999,12997.5,12997.5,1,-999
21,gen=18_member=1876_pso,0.00687478,119,-999,12879.5,12879.5,1,-999
21,gen=15_member=1558_pso,0.00687563,120,-999,12760.5,12760.5,1,-999
21,gen=18_member=1838_pso,0.00698761,122,-999,12519.5,12519.5,1,-999
21,gen=16_member=1691_pso,0.00742482,124,-999,12274.5,12274.5,1,-999
21,gen=15_member=1592_pso,0.00743347,125,-999,12150.5,12150.5,1,-999
21,gen=12_member=1258_pso,0.00758467,127,-999,11899.5,11899.5,1,-999
21,gen=18_member=1802_pso,0.00760045,128,-999,11772.5,11772.5,1,-999
21,gen=18_member=1882_pso,0.00773445,131,-999,11385.5,11385.5,1,-999
21,gen=20_member=2001_pso,0.00793682,132,-999,11254.5,11254.5,1,-999
21,gen=20_member=2016_pso,0.00836368,134,-999,10989.5,10989.5,1,-999
22,gen=22_member=2200_pso,0.00209283,84,-999,16414.5,16414.5,1,-999
22,gen=22_member=2201_pso,0.0317011,157,-999,7654.5,7654.5,1,-999
22,gen=22_member=2202_pso,0.0284352,155,-999,7965.5,7965.5,1,-999
22,gen=22_member=2203_pso,0.0232954,151,-999,8575.5,8575.5,1,-999
22,gen=22_member=2204_pso,0.0011344,56,-999,18360.5,18360.5,1,-999
22,gen=22_member=2205_pso,0.000243999,21,-999,19690.5,19690.5,1,-999
22,gen=22_member=2206_pso,0.0136922,143,-999,9747.5,9747.5,1,-999
22,gen=22_member=2207_pso,0.00335047,112,-999,13684.5,13684.5,1,-999
22,gen=22_member=2208_pso,0.0105012,137,-999,10584.5,10584.5,1,-999
22,gen=22_member=2209_pso,8.67165e-05,11,-999,19845.5,19845.5,1,-999
22,gen=22_member=2210_pso,0.0469133,165,-999,6370.5,6370.5,1,-999
22,gen=22_member=2211_pso,0.000168561,17,-999,19764.5,19764.5,1,-999
22,gen=22_member=2212_pso,0.00515905,127,-999,11899.5,11899.5,1,-999
22,gen=22_member=2213_pso,0.111378,179,-999,3969.49,3969.49,1,-999
22,gen=22_member=2214_pso,0.00861201,132,-999,11254.5,11254.5,1,-999
22,gen=22_member=2215_pso,0.0321508,158,-999,7497.5,7497.5,1,-999
22,gen=22_member=2216_pso,0.0234515,152,-999,8424.5,8424.5,1,-999
22,gen=22_member=2217_pso,0.00158831,77,-999,16974.5,16974.5,1,-999
22,gen=22_member=2218_pso,0.0710716,171,-999,5365.49,5365.49,1,-999
22,gen=22_member=2219_pso,0.0461575,164,-999,6534.5,6534.5,1,-999
22,gen=22_member=2220_pso,0.00961099,135,-999,10855.5,10855.5,1,-999
22,gen=22_member=2221_pso,0.0523383,166,-999,6205.49,6205.49,1,-999
22,gen=22_member=2222_pso,0.0660571,169,-999,5704.49,5704.49,1,-999
22,gen=22_member=2223_pso,0.000516391,38,-999,19197.5,19197.5,1,-999
22,gen=22_member=2224_pso,0.0227179,150,-999,8725.5,8725.5,1,-999
22,gen=22_member=2225_pso,0.299141,192,-999,1564.46,1564.46,1,-999
22,gen=22_member=2226_pso,2.20615e-05,3,-999,19897.5,19897.5,1,-999
22,gen=22_member=2227_pso,0.0189397,145,-999,9460.5,9460.5,1,-999
22,gen=22_member=2228_pso,0.28147,190,-999,1945.46,1945.46,1,-999
22,gen=22_member=2229_pso,0.00696628,130,-999,11515.5,11515.5,1,-999
22,gen=22_member=2230_pso,0.138771,181,-999,3610.49,3610.49,1,-999
22,gen=22_member=2231_pso,0.00131801,70,-999,17485.5,17485.5,1,-999
22,gen=22_member=2232_pso,0.000216224,18,-999,19747.5,19747.5,1,-999
22,gen=22_member=2233_pso,0.00994489,136,-999,10720.5,10720.5,1,-999
22,gen=22_member=2234_pso,0.00936425,134,-999,10989.5,10989.5,1,-999
22,gen=22_member=2235_pso,0.0134117,141,-999,10030.5,10030.5,1,-999
22,gen=22_member=2236_pso,0.188775,185,-999,2880.48,2880.48,1,-999
22,gen=22_member=2237_pso,0.00325704,109,-999,14014.5,14014.5,1,-999
22,gen=22_member=2238_pso,0.117394,180,-999,3790.49,3790.49,1,-999
22,gen=22_member=2239_pso,0.0945314,175,-999,4675.49,4675.49,1,-999
22,gen=22_member=2240_pso,1.00367,197,-999,594.355,594.355,1,-999
22,gen=22_member=2241_pso,0.0994482,176,-999,4500.49,4500.49,1,-999
22,gen=22_member=2242_pso,0.00210509,85,-999,16330.5,16330.5,1,-999
22,gen=22_member=2243_pso,0.00012977,13,-999,19822.5,19822.5,1,-999
22,gen=22_member=2244_pso,0.00931503,133,-999,11122.5,11122.5,1,-999
22,gen=22_member=2245_pso,0.00023527,20,-999,19710.5,19710.5,1,-999
22,gen=22_member=2246_pso,0.291303,191,-999,1755.46,1755.46,1,-999
22,gen=22_member=2247_pso,0.0422075,163,-999,6697.5,6697.5,1,-999
22,gen=22_member=2248_pso,0.0220366,148,-999,9022.5,9022.5,1,-999
22,gen=22_member=2249_pso,0.0224773,149,-999,8874.5,8874.5,1,-999
22,gen=22_member=2250_pso,0.000444007,35,-999,19305.5,19305.5,1,-999
22,gen=22_member=2251_pso,0.00241724,92,-999,15714.5,15714.5,1,-999
22,gen=22_member=2252_pso,0.012617,139,-999,10309.5,10309.5,1,-999
22,gen=22_member=2253_pso,0.100005,177,-999,4324.49,4324.49,1,-999
22,gen=22_member=2254_pso,0.197618,187,-999,2509.48,2509.48,1,-999
22,gen=22_member=2255_pso,0.000786418,49,-999,18724.5,18724.5,1,-999
22,gen=22_member=2256_pso,0.0282925,154,-999,8119.5,8119.5,1,-999
22,gen=22_member=2257_pso,0.18957,186,-999,2695.48,2695.48,1,-999
22,gen=22_member=2258_pso,0.0197609,146,-999,9315.5,9315.5,1,-999
22,gen=22_member=2259_pso,0.0418963,162,-999,6859.5,6859.5,1,-999
22,gen=22_member=2260_pso,0.182962,184,-999,3064.48,3064.48,1,-999
22,gen=22_member=2261_pso,0.000319731,25,-999,19600.5,19600.5,1,-999
22,gen=22_member=2262_pso,0.0379658,160,-999,7180.5,7180.5,1,-999
22,gen=22_member=2263_pso,0.000640007,44,-999,18954.5,18954.5,1,-999
22,gen=22_member=2264_pso,0.0170406,144,-999,9604.5,9604.5,1,-999
22,gen=22_member=2265_pso,0.0124109,138,-999,10447.5,10447.5,1,-999
22,gen=22_member=2266_pso,0.564052,194,-999,1179.41,1179.41,1,-999
22,gen=22_member=2267_pso,0.078293,172,-999,5194.49,5194.49,1,-999
22,gen=22_member=2268_pso,0.0644148,168,-999,5872.49,5872.49,1,-999
22,gen=22_member=2269_pso,0.142464,182,-999,3429.49,3429.49,1,-999
22,gen=22_member=2270_pso,0.0927767,173,-999,5022.49,5022.49,1,-999
22,gen=22_member=2271_pso,3.92718,200,-999,0.174289,0.174289,1,-999
22,gen=22_member=2272_pso,0.00194106,79,-999,16819.5,16819.5,1,-999
22,gen=22_member=2273_pso,0.0258575,153,-999,8272.5,8272.5,1,-999
22,gen=22_member=2274_pso,1.67628,198,-999,397.287,397.287,1,-999
22,gen=22_member=2275_pso,0.00120915,62,-999,18009.5,18009.5,1,-999
22,gen=22_member=2276_pso,0.104503,178,-999,4147.49,4147.49,1,-999
22,gen=22_member=2277_pso,0.249788,189,-999,2134.47,2134.47,1,-999
22,gen=22_member=2278_pso,0.488976,193,-999,1372.43,1372.43,1,-999
22,gen=22_member=2279_pso,0.0310653,156,-999,7810.5,7810.5,1,-999
22,gen=22_member=2280_pso,0.0370437,159,-999,7339.5,7339.5,1,-999
22,gen=22_member=2281_pso,0.167557,183,-999,3247.48,3247.48,1,-999
22,gen=22_member=2282_pso,0.00673294,129,-999,11644.5,11644.5,1,-999
22,gen=22_member=2283_pso,0.0928361,174,-999,4849.49,4849.49,1,-999
22,gen=22_member=2284_pso,0.0133305,140,-999,10170.5,10170.5,1,-999
22,gen=22_member=2285_pso,0.0135325,142,-999,9889.5,9889.5,1,-999
22,gen=22_member=2286_pso,0.0532137,167,-999,6039.49,6039.49,1,-999
22,gen=22_member=2287_pso,0.00098963,54,-999,18469.5,18469.5,1,-999
22,gen=22_member=2288_pso,0.0391251,161,-999,7020.5,7020.5,1,-999
22,gen=22_member=2289_pso,0.00813668,131,-999,11385.5,11385.5,1,-999
22,gen=22_member=2290_pso,0.000611173,43,-999,18997.5,18997.5,1,-999
22,gen=22_member=2291_pso,0.593284,195,-999,985.412,985.412,1,-999
22,gen=22_member=2292_pso,0.00323995,107,-999,14229.5,14229.5,1,-999
22,gen=22_member=2293_pso,0.0197711,147,-999,9169.5,9169.5,1,-999
22,gen=22_member=2294_pso,0.20474,188,-999,2322.48,2322.48,1,-999
22,gen=22_member=2295_pso,0.715445,196,-999,790.392,790.392,1,-999
22,gen=22_member=2296_pso,0.0663271,170,-999,5535.49,5535.49,1,-999
22,gen=22_member=2297_pso,2.13786,199,-999,199.253,199.253,1,-999
22,gen=22_member=2298_pso,0.000797975,50,-999,18675.5,18675.5,1,-999
22,gen=22_member=2299_pso,0.0053835,128,-999,11772.5,11772.5,1,-999
22,gen=21_member=2165_pso,5.67722e-07,1,-999,19900.5,19900.5,1,-999
22,gen=17_member=1790_pso,2.1836e-05,2,-999,19899.5,19899.5,1,-999
22,gen=19_member=1917_pso,4.31004e-05,4,-999,19894.5,19894.5,1,-999
22,gen=21_member=2166_pso,4.49504e-05,5,-999,19890.5,19890.5,1,-999
22,gen=21_member=2181_pso,5.35719e-05,6,-999,19885.5,19885.5,1,-999
22,gen=19_member=1905_pso,5.87071e-05,7,-999,19879.5,19879.5,1,-999
22,gen=17_member=1733_pso,6.3265e-05,8,-999,19872.5,19872.5,1,-999
22,gen=21_member=2188_pso,6.4357e-05,9,-999,19864.5,19864.5,1,-999
22,gen=19_member=1968_pso,7.20557e-05,10,-999,19855.5,19855.5,1,-999
22,gen=21_member=2122_pso,9.61231e-05,12,-999,19834.5,19834.5,1,-999
22,gen=20_member=2028_pso,0.000139142,14,-999,19809.5,19809.5,1,-999
22,gen=19_member=1934_pso,0.000142801,15,-999,19795.5,19795.5,1,-999
22,gen=20_member=2069_pso,0.00014452,16,-999,19780.5,19780.5,1,-999
22,gen=20_member=2040_pso,0.000216929,19,-999,19729.5,19729.5,1,-999
22,gen=21_member=2104_pso,0.000279772,22,-999,19669.5,19669.5,1,-999
22,gen=18_member=1884_pso,0.000298295,23,-999,19647.5,19647.5,1,-999
22,gen=18_member=1881_pso,0.000319441,24,-999,19624.5,19624.5,1,-999
22,gen=21_member=2152_pso,0.000336968,26,-999,19575.5,19575.5,1,-999
22,gen=21_member=2170_pso,0.00033707,27,-999,19549.5,19549.5,1,-999
22,gen=19_member=1957_pso,0.00036428,28,-999,19522.5,19522.5,1,-999
22,gen=16_member=1620_pso,0.000369474,29,-999,19494.5,19494.5,1,-999
22,gen=16_member=1678_pso,0.000390274,30,-999,19465.5,19465.5,1,-999
22,gen=19_member=1997_pso,0.000395857,31,-999,19435.5,19435.5,1,-999
22,gen=21_member=2102_pso,0.00040015,32,-999,19404.5,19404.5,1,-999
22,gen=19_member=1969_pso,0.000403541,33,-999,19372.5,19372.5,1,-999
22,gen=13_member=1373_pso,0.000426779,34,-999,19339.5,19339.5,1,-999
22,gen=19_member=1919_pso,0.000448138,36,-999,19270.5,19270.5,1,-999
22,gen=21_member=2167_pso,0.000462222,37,-999,19234.5,19234.5,1,-999
22,gen=20_member=2046_pso,0.000562174,39,-999,19159.5,19159.5,1,-999
22,gen=19_member=1901_pso,0.000580138,40,-999,19120.5,19120.5,1,-999
22,gen=19_member=1956_pso,0.000590872,41,-999,19080.5,19080.5,1,-999
22,gen=20_member=2093_pso,0.000609855,42,-999,19039.5,19039.5,1,-999
22,gen=21_member=2142_pso,0.000730716,45,-999,18910.5,18910.5,1,-999
22,gen=20_member=2081_pso,0.000739387,46,-999,18865.5,18865.5,1,-999
22,gen=18_member=1801_pso,0.000763962,47,-999,18819.5,18819.5,1,-999
22,gen=21_member=2109_pso,0.000767739,48,-999,18772.5,18772.5,1,-999
22,gen=13_member=1353_pso,0.000821212,51,-999,18625.5,18625.5,1,-999
22,gen=18_member=1873_pso,0.000952307,52,-999,18574.5,18574.5,1,-999
22,gen=18_member=1894_pso,0.000987164,53,-999,18522.5,18522.5,1,-999
22,gen=19_member=1955_pso,0.00105125,55,-999,18415.5,18415.5,1,-999
22,gen=18_member=1818_pso,0.00113477,57,-999,18304.5,18304.5,1,-999
22,gen=19_member=1922_pso,0.00113647,58,-999,18247.5,18247.5,1,-999
22,gen=19_member=1932_pso,0.00114575,59,-999,18189.5,18189.5,1,-999
22,gen=19_member=1953_pso,0.00115498,60,-999,18130.5,18130.5,1,-999
22,gen=17_member=1736_pso,0.00119094,61,-999,18070.5,18070.5,1,-999
22,gen=21_member=2129_pso,0.0012139,63,-999,17947.5,17947.5,1,-999
22,gen=16_member=1699_pso,0.00121681,64,-999,17884.5,17884.5,1,-999
22,gen=14_member=1466_pso,0.00125158,65,-999,17820.5,17820.5,1,-999
22,gen=12_member=1281_pso,0.00127376,66,-999,17755.5,17755.5,1,-999
22,gen=19_member=1981_pso,0.00127986,67,-999,17689.5,17689.5,1,-999
22,gen=20_member=2073_pso,0.00128011,68,-999,17622.5,17622.5,1,-999
22,gen=21_member=2154_pso,0.00131054,69,-999,17554.5,17554.5,1,-999
22,gen=21_member=2160_pso,0.00131807,71,-999,17415.5,17415.5,1,-999
22,gen=21_member=2192_pso,0.00145099,72,-999,17344.5,17344.5,1,-999
22,gen=14_member=1488_pso,0.00147179,73,-999,17272.5,17272.5,1,-999
22,gen=20_member=2014_pso,0.00154094,74,-999,17199.5,17199.5,1,-999
22,gen=17_member=1700_pso,0.00154689,75,-999,17125.5,17125.5,1,-999
22,gen=14_member=1462_pso,0.00156306,76,-999,17050.5,17050.5,1,-999
22,gen=18_member=1803_pso,0.0019204,78,-999,16897.5,16897.5,1,-999
22,gen=20_member=2077_pso,0.00194157,80,-999,16740.5,16740.5,1,-999
22,gen=19_member=1902_pso,0.00204677,81,-999,16660.5,16660.5,1,-999
22,gen=21_member=2117_pso,0.00207993,82,-999,16579.5,16579.5,1,-999
22,gen=20_member=2034_pso,0.00208153,83,-999,16497.5,16497.5,1,-999
22,gen=20_member=2060_pso,0.00211678,86,-999,16245.5,16245.5,1,-999
22,gen=21_member=2144_pso,0.00221265,87,-999,16159.5,16159.5,1,-999
22,gen=19_member=1978_pso,0.00222954,88,-999,16072.5,16072.5,1,-999
22,gen=16_member=1658_pso,0.002251,89,-999,15984.5,15984.5,1,-999
22,gen=20_member=2005_pso,0.00233528,90,-999,15895.5,15895.5,1,-999
22,gen=21_member=2105_pso,0.00240281,91,-999,15805.5,15805.5,1,-999
22,gen=21_member=2196_pso,0.00242105,93,-999,15622.5,15622.5,1,-999
22,gen=19_member=1985_pso,0.00245237,94,-999,15529.5,15529.5,1,-999
22,gen=17_member=1707_pso,0.0028065,95,-999,15435.5,15435.5,1,-999
22,gen=17_member=1703_pso,0.00289238,96,-999,15340.5,15340.5,1,-999
22,gen=21_member=2125_pso,0.00290482,97,-999,15244.5,15244.5,1,-999
22,gen=19_member=1979_pso,0.00294326,98,-999,15147.5,15147.5,1,-999
22,gen=21_member=2158_pso,0.00299936,99,-999,15049.5,15049.5,1,-999
22,gen=20_member=2038_pso,0.00301937,100,-999,14950.5,14950.5,1,-999
22,gen=18_member=1828_pso,0.00310448,101,-999,14850.5,14850.5,1,-999
22,gen=20_member=2009_pso,0.00311042,102,-999,14749.5,14749.5,1,-999
22,gen=16_member=1624_pso,0.00314285,103,-999,14647.5,14647.5,1,-999
22,gen=19_member=1909_pso,0.00314931,104,-999,14544.5,14544.5,1,-999
22,gen=20_member=2082_pso,0.00316724,105,-999,14440.5,14440.5,1,-999
22,gen=20_member=2015_pso,0.00323146,106,-999,14335.5,14335.5,1,-999
22,gen=16_member=1616_pso,0.00325035,108,-999,14122.5,14122.5,1,-999
22,gen=15_member=1513_pso,0.00328155,110,-999,13905.5,13905.5,1,-999
22,gen=20_member=2004_pso,0.0033177,111,-999,13795.5,13795.5,1,-999
22,gen=17_member=1778_pso,0.00346896,113,-999,13572.5,13572.5,1,-999
22,gen=21_member=2156_pso,0.00382664,114,-999,13459.5,13459.5,1,-999
22,gen=16_member=1641_pso,0.00411317,115,-999,13345.5,13345.5,1,-999
22,gen=20_member=2008_pso,0.00417346,116,-999,13230.5,13230.5,1,-999
22,gen=20_member=2011_pso,0.00470984,117,-999,13114.5,13114.5,1,-999
22,gen=17_member=1761_pso,0.00471961,118,-999,12997.5,12997.5,1,-999
22,gen=14_member=1409_pso,0.00473254,119,-999,12879.5,12879.5,1,-999
22,gen=18_member=1804_pso,0.00474981,120,-999,12760.5,12760.5,1,-999
22,gen=20_member=2054_pso,0.00480098,121,-999,12640.5,12640.5,1,-999
22,gen=17_member=1738_pso,0.00482473,122,-999,12519.5,12519.5,1,-999
22,gen=21_member=2106_pso,0.00484008,123,-999,12397.5,12397.5,1,-999
22,gen=19_member=1942_pso,0.00488617,124,-999,12274.5,12274.5,1,-999
22,gen=12_member=1285_pso,0.00512154,125,-999,12150.5,12150.5,1,-999
22,gen=15_member=1524_pso,0.00512723,126,-999,12025.5,12025.5,1,-999
23,gen=23_member=2300_pso,0.00208222,104,-999,14544.5,14544.5,1,-999
23,gen=23_member=2301_pso,0.0139443,148,-999,9022.5,9022.5,1,-999
23,gen=23_member=2302_pso,0.00112354,68,-999,17622.5,17622.5,1,-999
23,gen=23_member=2303_pso,0.0166389,153,-999,8272.5,8272.5,1,-999
23,gen=23_member=2304_pso,0.00176503,97,-999,15244.5,15244.5,1,-999
23,gen=23_member=2305_pso,0.000612231,52,-999,18574.5,18574.5,1,-999
23,gen=23_member=2306_pso,0.0526367,170,-999,5535.49,5535.49,1,-999
23,gen=23_member=2307_pso,0.0139299,147,-999,9169.5,9169.5,1,-999
23,gen=23_member=2308_pso,0.0327796,163,-999,6697.5,6697.5,1,-999
23,gen=23_member=2309_pso,0.00656073,133,-999,11122.5,11122.5,1,-999
23,gen=23_member=2310_pso,0.00140142,88,-999,16072.5,16072.5,1,-999
23,gen=23_member=2311_pso,0.0093716,143,-999,9747.5,9747.5,1,-999
23,gen=23_member=2312_pso,0.0053976,131,-999,11385.5,11385.5,1,-999
23,gen=23_member=2313_pso,0.0422781,167,-999,6039.5,6039.5,1,-999
23,gen=23_member=2314_pso,0.0239129,158,-999,7497.5,7497.5,1,-999
23,gen=23_member=2315_pso,0.016873,154,-999,8119.5,8119.5,1,-999
23,gen=23_member=2316_pso,0.0902371,179,-999,3969.49,3969.49,1,-999
23,gen=23_member=2317_pso,0.000605805,49,-999,18724.5,18724.5,1,-999
23,gen=23_member=2318_pso,0.0829546,177,-999,4324.49,4324.49,1,-999
23,gen=23_member=2319_pso,0.00371019,128,-999,11772.5,11772.5,1,-999
23,gen=23_member=2320_pso,0.00674127,134,-999,10989.5,10989.5,1,-999
23,gen=23_member=2321_pso,0.000764222,58,-999,18247.5,18247.5,1,-999
23,gen=23_member=2322_pso,0.0971751,181,-999,3610.49,3610.49,1,-999
23,gen=23_member=2323_pso,0.011799,146,-999,9315.5,9315.5,1,-999
23,gen=23_member=2324_pso,0.000124762,13,-999,19822.5,19822.5,1,-999
23,gen=23_member=2325_pso,0.000250402,25,-999,19600.5,19600.5,1,-999
23,gen=23_member=2326_pso,0.00422555,129,-999,11644.5,11644.5,1,-999
23,gen=23_member=2327_pso,0.56073,197,-999,594.409,594.409,1,-999
23,gen=23_member=2328_pso,0.0219183,156,-999,7810.5,7810.5,1,-999
23,gen=23_member=2329_pso,0.0340127,165,-999,6370.5,6370.5,1,-999
23,gen=23_member=2330_pso,0.000361083,33,-999,19372.5,19372.5,1,-999
23,gen=23_member=2331_pso,0.0682966,173,-999,5022.49,5022.49,1,-999
23,gen=23_member=2332_pso,0.116105,184,-999,3064.49,3064.49,1,-999
23,gen=23_member=2333_pso,0.0926141,180,-999,3790.49,3790.49,1,-999
23,gen=23_member=2334_pso,0.000736844,55,-999,18415.5,18415.5,1,-999
23,gen=23_member=2335_pso,0.0109066,145,-999,9460.5,9460.5,1,-999
23,gen=23_member=2336_pso,0.0217126,155,-999,7965.5,7965.5,1,-999
23,gen=23_member=2337_pso,0.0781483,176,-999,4500.49,4500.49,1,-999
23,gen=23_member=2338_pso,0.161575,192,-999,1564.48,1564.48,1,-999
23,gen=23_member=2339_pso,0.316745,195,-999,985.451,985.451,1,-999
23,gen=23_member=2340_pso,0.0720811,174,-999,4849.49,4849.49,1,-999
23,gen=23_member=2341_pso,0.145605,188,-999,2322.49,2322.49,1,-999
23,gen=23_member=2342_pso,0.0154198,150,-999,8725.5,8725.5,1,-999
23,gen=23_member=2343_pso,0.00855465,142,-999,9889.5,9889.5,1,-999
23,gen=23_member=2344_pso,0.0144874,149,-999,8874.5,8874.5,1,-999
23,gen=23_member=2345_pso,0.152717,190,-999,1945.48,1945.48,1,-999
23,gen=23_member=2346_pso,0.375653,196,-999,790.44,790.44,1,-999
23,gen=23_member=2347_pso,0.0154703,151,-999,8575.5,8575.5,1,-999
23,gen=23_member=2348_pso,0.00423784,130,-999,11515.5,11515.5,1,-999
23,gen=23_member=2349_pso,0.0453241,168,-999,5872.49,5872.49,1,-999
23,gen=23_member=2350_pso,0.00334931,127,-999,11899.5,11899.5,1,-999
23,gen=23_member=2351_pso,0.000127787,14,-999,19809.5,19809.5,1,-999
23,gen=23_member=2352_pso,0.0773718,175,-999,4675.49,4675.49,1,-999
23,gen=23_member=2353_pso,0.00561892,132,-999,11254.5,11254.5,1,-999
23,gen=23_member=2354_pso,0.00836669,141,-999,10030.5,10030.5,1,-999
23,gen=23_member=2355_pso,0.0574732,171,-999,5365.49,5365.49,1,-999
23,gen=23_member=2356_pso,0.0862066,178,-999,4147.49,4147.49,1,-999
23,gen=23_member=2357_pso,0.0315061,160,-999,7180.5,7180.5,1,-999
23,gen=23_member=2358_pso,0.297424,194,-999,1179.45,1179.45,1,-999
23,gen=23_member=2359_pso,0.0322231,162,-999,6859.5,6859.5,1,-999
23,gen=23_member=2360_pso,0.00701462,135,-999,10855.5,10855.5,1,-999
23,gen=23_member=2361_pso,0.0094315,144,-999,9604.5,9604.5,1,-999
23,gen=23_member=2362_pso,0.00127935,82,-999,16579.5,16579.5,1,-999
23,gen=23_member=2363_pso,0.0584092,172,-999,5194.49,5194.49,1,-999
23,gen=23_member=2364_pso,0.0390064,166,-999,6205.5,6205.5,1,-999
23,gen=23_member=2365_pso,0.0471739,169,-999,5704.49,5704.49,1,-999
23,gen=23_member=2366_pso,0.00701668,136,-999,10720.5,10720.5,1,-999
23,gen=23_member=2367_pso,0.278759,193,-999,1372.46,1372.46,1,-999
23,gen=23_member=2368_pso,0.00787225,140,-999,10170.5,10170.5,1,-999
23,gen=23_member=2369_pso,0.00252849,117,-999,13114.5,13114.5,1,-999
23,gen=23_member=2370_pso,0.000216529,21,-999,19690.5,19690.5,1,-999
23,gen=23_member=2371_pso,0.00781568,139,-999,10309.5,10309.5,1,-999
23,gen=23_member=2372_pso,0.133481,186,-999,2695.49,2695.49,1,-999
23,gen=23_member=2373_pso,0.000251202,26,-999,19575.5,19575.5,1,-999
23,gen=23_member=2374_pso,0.0994782,182,-999,3429.49,3429.49,1,-999
23,gen=23_member=2375_pso,0.859087,198,-999,397.366,397.366,1,-999
23,gen=23_member=2376_pso,0.104814,183,-999,3247.49,3247.49,1,-999
23,gen=23_member=2377_pso,0.00115811,75,-999,17125.5,17125.5,1,-999
23,gen=23_member=2378_pso,0.00149409,92,-999,15714.5,15714.5,1,-999
23,gen=23_member=2379_pso,0.0243208,159,-999,7339.5,7339.5,1,-999
23,gen=23_member=2380_pso,0.136977,187,-999,2509.49,2509.49,1,-999
23,gen=23_member=2381_pso,0.00042855,41,-999,19080.5,19080.5,1,-999
23,gen=23_member=2382_pso,0.00760234,138,-999,10447.5,10447.5,1,-999
23,gen=23_member=2383_pso,0.000882277,63,-999,17947.5,17947.5,1,-999
23,gen=23_member=2384_pso,0.00321354,126,-999,12025.5,12025.5,1,-999
23,gen=23_member=2385_pso,0.127008,185,-999,2880.49,2880.49,1,-999
23,gen=23_member=2386_pso,0.0160155,152,-999,8424.5,8424.5,1,-999
23,gen=23_member=2387_pso,0.00277693,118,-999,12997.5,12997.5,1,-999
23,gen=23_member=2388_pso,1.34281,199,-999,199.312,199.312,1,-999
23,gen=23_member=2389_pso,0.00229406,111,-999,13795.5,13795.5,1,-999
23,gen=23_member=2390_pso,0.00310516,125,-999,12150.5,12150.5,1,-999
23,gen=23_member=2391_pso,0.0315242,161,-999,7020.5,7020.5,1,-999
23,gen=23_member=2392_pso,0.00142991,89,-999,15984.5,15984.5,1,-999
23,gen=23_member=2393_pso,0.0336486,164,-999,6534.5,6534.5,1,-999
23,gen=23_member=2394_pso,1.6723,200,-999,0.28258,0.28258,1,-999
23,gen=23_member=2395_pso,0.00731793,137,-999,10584.5,10584.5,1,-999
23,gen=23_member=2396_pso,0.149245,189,-999,2134.48,2134.48,1,-999
23,gen=23_member=2397_pso,0.157339,191,-999,1755.48,1755.48,1,-999
23,gen=23_member=2398_pso,0.00113832,72,-999,17344.5,17344.5,1,-999
23,gen=23_member=2399_pso,0.0220538,157,-999,7654.5,7654.5,1,-999
23,gen=21_member=2165_pso,5.67722e-07,1,-999,19900.5,19900.5,1,-999
23,gen=17_member=1790_pso,2.1836e-05,2,-999,19899.5,19899.5,1,-999
23,gen=22_member=2226_pso,2.20615e-05,3,-999,19897.5,19897.5,1,-999
23,gen=19_member=1917_pso,4.31004e-05,4,-999,19894.5,19894.5,1,-999
23,gen=21_member=2166_pso,4.49504e-05,5,-999,19890.5,19890.5,1,-999
23,gen=21_member=2181_pso,5.35719e-05,6,-999,19885.5,19885.5,1,-999
23,gen=19_member=1905_pso,5.87071e-05,7,-999,19879.5,19879.5,1,-999
23,gen=17_member=1733_pso,6.3265e-05,8,-999,19872.5,19872.5,1,-999
23,gen=21_member=2188_pso,6.4357e-05,9,-999,19864.5,19864.5,1,-999
23,gen=19_member=1968_pso,7.20557e-05,10,-999,19855.5,19855.5,1,-999
23,gen=22_member=2209_pso,8.67165e-05,11,-999,19845.5,19845.5,1,-999
23,gen=21_member=2122_pso,9.61231e-05,12,-999,19834.5,19834.5,1,-999
23,gen=22_member=2243_pso,0.00012977,15,-999,19795.5,19795.5,1,-999
23,gen=20_member=2028_pso,0.000139142,16,-999,19780.5,19780.5,1,-999
23,gen=19_member=1934_pso,0.000142801,17,-999,19764.5,19764.5,1,-999
23,gen=20_member=2069_pso,0.00014452,18,-999,19747.5,19747.5,1,-999
23,gen=22_member=2211_pso,0.000168561,19,-999,19729.5,19729.5,1,-999
23,gen=22_member=2232_pso,0.000216224,20,-999,19710.5,19710.5,1,-999
23,gen=20_member=2040_pso,0.000216929,22,-999,19669.5,19669.5,1,-999
23,gen=22_member=2245_pso,0.00023527,23,-999,19647.5,19647.5,1,-999
23,gen=22_member=2205_pso,0.000243999,24,-999,19624.5,19624.5,1,-999
23,gen=21_member=2104_pso,0.000279772,27,-999,19549.5,19549.5,1,-999
23,gen=18_member=1884_pso,0.000298295,28,-999,19522.5,19522.5,1,-999
23,gen=18_member=1881_pso,0.000319441,29,-999,19494.5,19494.5,1,-999
23,gen=22_member=2261_pso,0.000319731,30,-999,19465.5,19465.5,1,-999
23,gen=21_member=2152_pso,0.000336968,31,-999,19435.5,19435.5,1,-999
23,gen=21_member=2170_pso,0.00033707,32,-999,19404.5,19404.5,1,-999
23,gen=19_member=1957_pso,0.00036428,34,-999,19339.5,19339.5,1,-999
23,gen=16_member=1620_pso,0.000369474,35,-999,19305.5,19305.5,1,-999
23,gen=16_member=1678_pso,0.000390274,36,-999,19270.5,19270.5,1,-999
23,gen=19_member=1997_pso,0.000395857,37,-999,19234.5,19234.5,1,-999
23,gen=21_member=2102_pso,0.00040015,38,-999,19197.5,19197.5,1,-999
23,gen=19_member=1969_pso,0.000403541,39,-999,19159.5,19159.5,1,-999
23,gen=13_member=1373_pso,0.000426779,40,-999,19120.5,19120.5,1,-999
23,gen=22_member=2250_pso,0.000444007,42,-999,19039.5,19039.5,1,-999
23,gen=19_member=1919_pso,0.000448138,43,-999,18997.5,18997.5,1,-999
23,gen=21_member=2167_pso,0.000462222,44,-999,18954.5,18954.5,1,-999
23,gen=22_member=2223_pso,0.000516391,45,-999,18910.5,18910.5,1,-999
23,gen=20_member=2046_pso,0.000562174,46,-999,18865.5,18865.5,1,-999
23,gen=19_member=1901_pso,0.000580138,47,-999,18819.5,18819.5,1,-999
23,gen=19_member=1956_pso,0.000590872,48,-999,18772.5,18772.5,1,-999
23,gen=20_member=2093_pso,0.000609855,50,-999,18675.5,18675.5,1,-999
23,gen=22_member=2290_pso,0.000611173,51,-999,18625.5,18625.5,1,-999
23,gen=22_member=2263_pso,0.000640007,53,-999,18522.5,18522.5,1,-999
23,gen=21_member=2142_pso,0.000730716,54,-999,18469.5,18469.5,1,-999
23,gen=20_member=2081_pso,0.000739387,56,-999,18360.5,18360.5,1,-999
23,gen=18_member=1801_pso,0.000763962,57,-999,18304.5,18304.5,1,-999
23,gen=21_member=2109_pso,0.000767739,59,-999,18189.5,18189.5,1,-999
23,gen=22_member=2255_pso,0.000786418,60,-999,18130.5,18130.5,1,-999
23,gen=22_member=2298_pso,0.000797975,61,-999,18070.5,18070.5,1,-999
23,gen=13_member=1353_pso,0.000821212,62,-999,18009.5,18009.5,1,-999
23,gen=18_member=1873_pso,0.000952307,64,-999,17884.5,17884.5,1,-999
23,gen=18_member=1894_pso,0.000987164,65,-999,17820.5,17820.5,1,-999
23,gen=22_member=2287_pso,0.00098963,66,-999,17755.5,17755.5,1,-999
23,gen=19_member=1955_pso,0.00105125,67,-999,17689.5,17689.5,1,-999
23,gen=22_member=2204_pso,0.0011344,69,-999,17554.5,17554.5,1,-999
23,gen=18_member=1818_pso,0.00113477,70,-999,17485.5,17485.5,1,-999
23,gen=19_member=1922_pso,0.00113647,71,-999,17415.5,17415.5,1,-999
23,gen=19_member=1932_pso,0.00114575,73,-999,17272.5,17272.5,1,-999
23,gen=19_member=1953_pso,0.00115498,74,-999,17199.5,17199.5,1,-999
23,gen=17_member=1736_pso,0.00119094,76,-999,17050.5,17050.5,1,-999
23,gen=22_member=2275_pso,0.00120915,77,-999,16974.5,16974.5,1,-999
23,gen=21_member=2129_pso,0.0012139,78,-999,16897.5,16897.5,1,-999
23,gen=16_member=1699_pso,0.00121681,79,-999,16819.5,16819.5,1,-999
23,gen=14_member=1466_pso,0.00125158,80,-999,16740.5,16740.5,1,-999
23,gen=12_member=1281_pso,0.00127376,81,-999,16660.5,16660.5,1,-999
23,gen=19_member=1981_pso,0.00127986,83,-999,16497.5,16497.5,1,-999
23,gen=20_member=2073_pso,0.00128011,84,-999,16414.5,16414.5,1,-999
23,gen=21_member=2154_pso,0.00131054,85,-999,16330.5,16330.5,1,-999
23,gen=22_member=2231_pso,0.00131801,86,-999,16245.5,16245.5,1,-999
23,gen=21_member=2160_pso,0.00131807,87,-999,16159.5,16159.5,1,-999
23,gen=21_member=2192_pso,0.00145099,90,-999,15895.5,15895.5,1,-999
23,gen=14_member=1488_pso,0.00147179,91,-999,15805.5,15805.5,1,-999
23,gen=20_member=2014_pso,0.00154094,93,-999,15622.5,15622.5,1,-999
23,gen=17_member=1700_pso,0.00154689,94,-999,15529.5,15529.5,1,-999
23,gen=14_member=1462_pso,0.00156306,95,-999,15435.5,15435.5,1,-999
23,gen=22_member=2217_pso,0.00158831,96,-999,15340.5,15340.5,1,-999
23,gen=18_member=1803_pso,0.0019204,98,-999,15147.5,15147.5,1,-999
23,gen=22_member=2272_pso,0.00194106,99,-999,15049.5,15049.5,1,-999
23,gen=20_member=2077_pso,0.00194157,100,-999,14950.5,14950.5,1,-999
23,gen=19_member=1902_pso,0.00204677,101,-999,14850.5,14850.5,1,-999
23,gen=21_member=2117_pso,0.00207993,102,-999,14749.5,14749.5,1,-999
23,gen=20_member=2034_pso,0.00208153,103,-999,14647.5,14647.5,1,-999
23,gen=22_member=2200_pso,0.00209283,105,-999,14440.5,14440.5,1,-999
23,gen=22_member=2242_pso,0.00210509,106,-999,14335.5,14335.5,1,-999
23,gen=20_member=2060_pso,0.00211678,107,-999,14229.5,14229.5,1,-999
23,gen=21_member=2144_pso,0.00221265,108,-999,14122.5,14122.5,1,-999
23,gen=19_member=1978_pso,0.00222954,109,-999,14014.5,14014.5,1,-999
23,gen=16_member=1658_pso,0.002251,110,-999,13905.5,13905.5,1,-999
23,gen=20_member=2005_pso,0.00233528,112,-999,13684.5,13684.5,1,-999
23,gen=21_member=2105_pso,0.00240281,113,-999,13572.5,13572.5,1,-999
23,gen=22_member=2251_pso,0.00241724,114,-999,13459.5,13459.5,1,-999
23,gen=21_member=2196_pso,0.00242105,115,-999,13345.5,13345.5,1,-999
23,gen=19_member=1985_pso,0.00245237,116,-999,13230.5,13230.5,1,-999
23,gen=17_member=1707_pso,0.0028065,119,-999,12879.5,12879.5,1,-999
23,gen=17_member=1703_pso,0.00289238,120,-999,12760.5,12760.5,1,-999
23,gen=21_member=2125_pso,0.00290482,121,-999,12640.5,12640.5,1,-999
23,gen=19_member=1979_pso,0.00294326,122,-999,12519.5,12519.5,1,-999
23,gen=21_member=2158_pso,0.00299936,123,-999,12397.5,12397.5,1,-999
23,gen=20_member=2038_pso,0.00301937,124,-999,12274.5,12274.5,1,-999
