child,parent_1,parent_2,parent_3
GEN=1_MEMBER=101_PSO,GEN=0_MEMBER=66,,
GEN=1_MEMBER=103_PSO,GEN=0_MEMBER=36,,
GEN=1_MEMBER=105_PSO,GEN=0_MEMBER=34,,
GEN=1_MEMBER=107_PSO,GEN=0_MEMBER=78,,
GEN=1_MEMBER=109_PSO,GEN=0_MEMBER=39,,
GEN=1_MEMBER=111_PSO,GEN=0_MEMBER=11,,
GEN=1_MEMBER=113_PSO,GEN=0_MEMBER=15,,
GEN=1_MEMBER=115_PSO,GEN=0_MEMBER=84,,
GEN=1_MEMBER=117_PSO,GEN=0_MEMBER=19,,
GEN=1_MEMBER=119_PSO,GEN=0_MEMBER=50,,
GEN=1_MEMBER=121_PSO,GEN=0_MEMBER=25,,
GEN=1_MEMBER=123_PSO,GEN=0_MEMBER=59,,
GEN=1_MEMBER=125_PSO,GEN=0_MEMBER=77,,
GEN=1_MEMBER=127_PSO,GEN=0_MEMBER=18,,
GEN=1_MEMBER=129_PSO,GEN=0_MEMBER=49,,
GEN=1_MEMBER=131_PSO,GEN=0_MEMBER=29,,
GEN=1_MEMBER=133_PSO,GEN=0_MEMBER=43,,
GEN=1_MEMBER=135_PSO,GEN=0_MEMBER=35,,
GEN=1_MEMBER=137_PSO,GEN=0_MEMBER=76,,
GEN=1_MEMBER=139_PSO,GEN=0_MEMBER=7,,
GEN=1_MEMBER=141_PSO,GEN=0_MEMBER=46,,
GEN=1_MEMBER=143_PSO,GEN=0_MEMBER=82,,
GEN=1_MEMBER=145_PSO,GEN=0_MEMBER=98,,
GEN=1_MEMBER=147_PSO,GEN=0_MEMBER=31,,
GEN=1_MEMBER=149_PSO,GEN=0_MEMBER=58,,
GEN=1_MEMBER=151_PSO,GEN=0_MEMBER=80,,
GEN=1_MEMBER=153_PSO,GEN=0_MEMBER=20,,
GEN=1_MEMBER=155_PSO,GEN=0_MEMBER=67,,
GEN=1_MEMBER=157_PSO,GEN=0_MEMBER=3,,
GEN=1_MEMBER=159_PSO,GEN=0_MEMBER=40,,
GEN=1_MEMBER=161_PSO,GEN=0_MEMBER=63,,
GEN=1_MEMBER=163_PSO,GEN=0_MEMBER=45,,
GEN=1_MEMBER=165_PSO,GEN=0_MEMBER=72,,
GEN=1_MEMBER=167_PSO,GEN=0_MEMBER=51,,
GEN=1_MEMBER=169_PSO,GEN=0_MEMBER=6,,
GEN=1_MEMBER=171_PSO,GEN=0_MEMBER=86,,
GEN=1_MEMBER=173_PSO,GEN=0_MEMBER=93,,
GEN=1_MEMBER=175_PSO,GEN=0_MEMBER=12,,
GEN=1_MEMBER=177_PSO,GEN=0_MEMBER=28,,
GEN=1_MEMBER=179_PSO,GEN=0_MEMBER=24,,
GEN=1_MEMBER=181_PSO,GEN=0_MEMBER=27,,
GEN=1_MEMBER=183_PSO,GEN=0_MEMBER=85,,
GEN=1_MEMBER=185_PSO,GEN=0_MEMBER=89,,
GEN=1_MEMBER=187_PSO,GEN=0_MEMBER=57,,
GEN=1_MEMBER=189_PSO,GEN=0_MEMBER=75,,
GEN=1_MEMBER=191_PSO,GEN=0_MEMBER=5,,
GEN=1_MEMBER=193_PSO,GEN=0_MEMBER=83,,
GEN=1_MEMBER=195_PSO,GEN=0_MEMBER=32,,
GEN=1_MEMBER=197_PSO,GEN=0_MEMBER=79,,
GEN=1_MEMBER=199_PSO,GEN=0_MEMBER=60,,
GEN=1_MEMBER=201_PSO,GEN=0_MEMBER=54,,
GEN=1_MEMBER=203_PSO,GEN=0_MEMBER=10,,
GEN=1_MEMBER=205_PSO,GEN=0_MEMBER=2,,
GEN=1_MEMBER=207_PSO,GEN=0_MEMBER=96,,
GEN=1_MEMBER=209_PSO,GEN=0_MEMBER=65,,
GEN=1_MEMBER=211_PSO,GEN=0_MEMBER=26,,
GEN=1_MEMBER=213_PSO,GEN=0_MEMBER=9,,
GEN=1_MEMBER=215_PSO,GEN=0_MEMBER=69,,
GEN=1_MEMBER=217_PSO,GEN=0_MEMBER=42,,
GEN=1_MEMBER=219_PSO,GEN=0_MEMBER=91,,
GEN=1_MEMBER=221_PSO,GEN=0_MEMBER=14,,
GEN=1_MEMBER=223_PSO,GEN=0_MEMBER=88,,
GEN=1_MEMBER=225_PSO,GEN=0_MEMBER=53,,
GEN=1_MEMBER=227_PSO,GEN=0_MEMBER=74,,
GEN=1_MEMBER=229_PSO,GEN=0_MEMBER=68,,
GEN=1_MEMBER=231_PSO,GEN=0_MEMBER=71,,
GEN=1_MEMBER=233_PSO,GEN=0_MEMBER=37,,
GEN=1_MEMBER=235_PSO,GEN=0_MEMBER=61,,
GEN=1_MEMBER=237_PSO,GEN=0_MEMBER=48,,
GEN=1_MEMBER=239_PSO,GEN=0_MEMBER=44,,
GEN=1_MEMBER=241_PSO,GEN=0_MEMBER=17,,
GEN=1_MEMBER=243_PSO,GEN=0_MEMBER=56,,
GEN=1_MEMBER=245_PSO,GEN=0_MEMBER=64,,
GEN=1_MEMBER=247_PSO,GEN=0_MEMBER=23,,
GEN=1_MEMBER=249_PSO,GEN=0_MEMBER=81,,
GEN=1_MEMBER=251_PSO,GEN=0_MEMBER=90,,
GEN=1_MEMBER=253_PSO,GEN=0_MEMBER=30,,
GEN=1_MEMBER=255_PSO,GEN=0_MEMBER=8,,
GEN=1_MEMBER=257_PSO,GEN=0_MEMBER=55,,
GEN=1_MEMBER=259_PSO,GEN=0_MEMBER=0,,
GEN=1_MEMBER=261_PSO,GEN=0_MEMBER=47,,
GEN=1_MEMBER=263_PSO,GEN=0_MEMBER=97,,
GEN=1_MEMBER=265_PSO,GEN=0_MEMBER=21,,
GEN=1_MEMBER=267_PSO,GEN=0_MEMBER=1,,
GEN=1_MEMBER=269_PSO,GEN=0_MEMBER=52,,
GEN=1_MEMBER=271_PSO,GEN=0_MEMBER=94,,
GEN=1_MEMBER=273_PSO,GEN=0_MEMBER=95,,
GEN=1_MEMBER=275_PSO,GEN=0_MEMBER=73,,
GEN=1_MEMBER=277_PSO,GEN=0_MEMBER=99,,
GEN=1_MEMBER=279_PSO,GEN=0_MEMBER=4,,
GEN=1_MEMBER=281_PSO,GEN=0_MEMBER=70,,
GEN=1_MEMBER=283_PSO,GEN=0_MEMBER=92,,
GEN=1_MEMBER=285_PSO,GEN=0_MEMBER=41,,
GEN=1_MEMBER=287_PSO,GEN=0_MEMBER=22,,
GEN=1_MEMBER=289_PSO,GEN=0_MEMBER=13,,
GEN=1_MEMBER=291_PSO,GEN=0_MEMBER=38,,
GEN=1_MEMBER=293_PSO,GEN=0_MEMBER=33,,
GEN=1_MEMBER=295_PSO,GEN=0_MEMBER=62,,
GEN=1_MEMBER=297_PSO,GEN=0_MEMBER=16,,
GEN=1_MEMBER=299_PSO,GEN=0_MEMBER=87,,
GEN=2_MEMBER=301_PSO,GEN=1_MEMBER=133_PSO,,
GEN=2_MEMBER=303_PSO,GEN=1_MEMBER=187_PSO,,
GEN=2_MEMBER=305_PSO,GEN=0_MEMBER=66,,
GEN=2_MEMBER=307_PSO,GEN=0_MEMBER=36,,
GEN=2_MEMBER=309_PSO,GEN=1_MEMBER=163_PSO,,
GEN=2_MEMBER=311_PSO,GEN=0_MEMBER=34,,
GEN=2_MEMBER=313_PSO,GEN=1_MEMBER=105_PSO,,
GEN=2_MEMBER=315_PSO,GEN=0_MEMBER=78,,
GEN=2_MEMBER=317_PSO,GEN=1_MEMBER=157_PSO,,
GEN=2_MEMBER=319_PSO,GEN=0_MEMBER=39,,
GEN=2_MEMBER=321_PSO,GEN=0_MEMBER=11,,
GEN=2_MEMBER=323_PSO,GEN=1_MEMBER=261_PSO,,
GEN=2_MEMBER=325_PSO,GEN=1_MEMBER=269_PSO,,
GEN=2_MEMBER=327_PSO,GEN=0_MEMBER=15,,
GEN=2_MEMBER=329_PSO,GEN=1_MEMBER=293_PSO,,
GEN=2_MEMBER=331_PSO,GEN=0_MEMBER=84,,
GEN=2_MEMBER=333_PSO,GEN=0_MEMBER=19,,
GEN=2_MEMBER=335_PSO,GEN=0_MEMBER=50,,
GEN=2_MEMBER=337_PSO,GEN=0_MEMBER=25,,
GEN=2_MEMBER=339_PSO,GEN=0_MEMBER=59,,
GEN=2_MEMBER=341_PSO,GEN=1_MEMBER=209_PSO,,
GEN=2_MEMBER=343_PSO,GEN=1_MEMBER=191_PSO,,
GEN=2_MEMBER=345_PSO,GEN=1_MEMBER=283_PSO,,
GEN=2_MEMBER=347_PSO,GEN=0_MEMBER=77,,
GEN=2_MEMBER=349_PSO,GEN=1_MEMBER=291_PSO,,
GEN=2_MEMBER=351_PSO,GEN=0_MEMBER=18,,
GEN=2_MEMBER=353_PSO,GEN=1_MEMBER=195_PSO,,
GEN=2_MEMBER=355_PSO,GEN=1_MEMBER=173_PSO,,
GEN=2_MEMBER=357_PSO,GEN=1_MEMBER=125_PSO,,
GEN=2_MEMBER=359_PSO,GEN=1_MEMBER=123_PSO,,
GEN=2_MEMBER=361_PSO,GEN=1_MEMBER=147_PSO,,
GEN=2_MEMBER=363_PSO,GEN=1_MEMBER=161_PSO,,
GEN=2_MEMBER=365_PSO,GEN=1_MEMBER=177_PSO,,
GEN=2_MEMBER=367_PSO,GEN=1_MEMBER=193_PSO,,
GEN=2_MEMBER=369_PSO,GEN=0_MEMBER=49,,
GEN=2_MEMBER=371_PSO,GEN=1_MEMBER=143_PSO,,
GEN=2_MEMBER=373_PSO,GEN=1_MEMBER=109_PSO,,
GEN=2_MEMBER=375_PSO,GEN=0_MEMBER=29,,
GEN=2_MEMBER=377_PSO,GEN=0_MEMBER=43,,
GEN=2_MEMBER=379_PSO,GEN=1_MEMBER=273_PSO,,
GEN=2_MEMBER=381_PSO,GEN=1_MEMBER=151_PSO,,
GEN=2_MEMBER=383_PSO,GEN=1_MEMBER=113_PSO,,
GEN=2_MEMBER=385_PSO,GEN=1_MEMBER=159_PSO,,
GEN=2_MEMBER=387_PSO,GEN=1_MEMBER=225_PSO,,
GEN=2_MEMBER=389_PSO,GEN=0_MEMBER=35,,
GEN=2_MEMBER=391_PSO,GEN=1_MEMBER=199_PSO,,
GEN=2_MEMBER=393_PSO,GEN=1_MEMBER=249_PSO,,
GEN=2_MEMBER=395_PSO,GEN=1_MEMBER=259_PSO,,
GEN=2_MEMBER=397_PSO,GEN=1_MEMBER=121_PSO,,
GEN=2_MEMBER=399_PSO,GEN=0_MEMBER=76,,
GEN=2_MEMBER=401_PSO,GEN=0_MEMBER=7,,
GEN=2_MEMBER=403_PSO,GEN=0_MEMBER=46,,
GEN=2_MEMBER=405_PSO,GEN=1_MEMBER=211_PSO,,
GEN=2_MEMBER=407_PSO,GEN=1_MEMBER=281_PSO,,
GEN=2_MEMBER=409_PSO,GEN=1_MEMBER=223_PSO,,
GEN=2_MEMBER=411_PSO,GEN=0_MEMBER=82,,
GEN=2_MEMBER=413_PSO,GEN=0_MEMBER=98,,
GEN=2_MEMBER=415_PSO,GEN=0_MEMBER=31,,
GEN=2_MEMBER=417_PSO,GEN=1_MEMBER=243_PSO,,
GEN=2_MEMBER=419_PSO,GEN=0_MEMBER=58,,
GEN=2_MEMBER=421_PSO,GEN=0_MEMBER=80,,
GEN=2_MEMBER=423_PSO,GEN=0_MEMBER=20,,
GEN=2_MEMBER=425_PSO,GEN=0_MEMBER=67,,
GEN=2_MEMBER=427_PSO,GEN=0_MEMBER=3,,
GEN=2_MEMBER=429_PSO,GEN=0_MEMBER=40,,
GEN=2_MEMBER=431_PSO,GEN=1_MEMBER=263_PSO,,
GEN=2_MEMBER=433_PSO,GEN=1_MEMBER=221_PSO,,
GEN=2_MEMBER=435_PSO,GEN=0_MEMBER=63,,
GEN=2_MEMBER=437_PSO,GEN=0_MEMBER=45,,
GEN=2_MEMBER=439_PSO,GEN=0_MEMBER=72,,
GEN=2_MEMBER=441_PSO,GEN=1_MEMBER=295_PSO,,
GEN=2_MEMBER=443_PSO,GEN=0_MEMBER=51,,
GEN=2_MEMBER=445_PSO,GEN=1_MEMBER=139_PSO,,
GEN=2_MEMBER=447_PSO,GEN=0_MEMBER=6,,
GEN=2_MEMBER=449_PSO,GEN=0_MEMBER=86,,
GEN=2_MEMBER=451_PSO,GEN=0_MEMBER=93,,
GEN=2_MEMBER=453_PSO,GEN=1_MEMBER=141_PSO,,
GEN=2_MEMBER=455_PSO,GEN=0_MEMBER=12,,
GEN=2_MEMBER=457_PSO,GEN=0_MEMBER=28,,
GEN=2_MEMBER=459_PSO,GEN=0_MEMBER=24,,
GEN=2_MEMBER=461_PSO,GEN=1_MEMBER=149_PSO,,
GEN=2_MEMBER=463_PSO,GEN=1_MEMBER=289_PSO,,
GEN=2_MEMBER=465_PSO,GEN=0_MEMBER=27,,
GEN=2_MEMBER=467_PSO,GEN=0_MEMBER=85,,
GEN=2_MEMBER=469_PSO,GEN=1_MEMBER=241_PSO,,
GEN=2_MEMBER=471_PSO,GEN=1_MEMBER=203_PSO,,
GEN=2_MEMBER=473_PSO,GEN=1_MEMBER=155_PSO,,
GEN=2_MEMBER=475_PSO,GEN=1_MEMBER=217_PSO,,
GEN=2_MEMBER=477_PSO,GEN=0_MEMBER=89,,
GEN=2_MEMBER=479_PSO,GEN=0_MEMBER=57,,
GEN=2_MEMBER=481_PSO,GEN=1_MEMBER=181_PSO,,
GEN=2_MEMBER=483_PSO,GEN=0_MEMBER=75,,
GEN=2_MEMBER=485_PSO,GEN=1_MEMBER=179_PSO,,
GEN=2_MEMBER=487_PSO,GEN=1_MEMBER=111_PSO,,
GEN=2_MEMBER=489_PSO,GEN=1_MEMBER=229_PSO,,
GEN=2_MEMBER=491_PSO,GEN=0_MEMBER=5,,
GEN=2_MEMBER=493_PSO,GEN=0_MEMBER=83,,
GEN=2_MEMBER=495_PSO,GEN=1_MEMBER=285_PSO,,
GEN=2_MEMBER=497_PSO,GEN=1_MEMBER=213_PSO,,
GEN=2_MEMBER=499_PSO,GEN=0_MEMBER=32,,
GEN=3_MEMBER=501_PSO,GEN=2_MEMBER=479_PSO,,
GEN=3_MEMBER=503_PSO,GEN=2_MEMBER=307_PSO,,
GEN=3_MEMBER=505_PSO,GEN=1_MEMBER=133_PSO,,
GEN=3_MEMBER=507_PSO,GEN=2_MEMBER=461_PSO,,
GEN=3_MEMBER=509_PSO,GEN=1_MEMBER=187_PSO,,
GEN=3_MEMBER=511_PSO,GEN=0_MEMBER=66,,
GEN=3_MEMBER=513_PSO,GEN=2_MEMBER=415_PSO,,
GEN=3_MEMBER=515_PSO,GEN=0_MEMBER=36,,
GEN=3_MEMBER=517_PSO,GEN=2_MEMBER=491_PSO,,
GEN=3_MEMBER=519_PSO,GEN=1_MEMBER=163_PSO,,
GEN=3_MEMBER=521_PSO,GEN=0_MEMBER=34,,
GEN=3_MEMBER=523_PSO,GEN=1_MEMBER=105_PSO,,
GEN=3_MEMBER=525_PSO,GEN=0_MEMBER=78,,
GEN=3_MEMBER=527_PSO,GEN=1_MEMBER=157_PSO,,
GEN=3_MEMBER=529_PSO,GEN=0_MEMBER=39,,
GEN=3_MEMBER=531_PSO,GEN=0_MEMBER=11,,
GEN=3_MEMBER=533_PSO,GEN=1_MEMBER=261_PSO,,
GEN=3_MEMBER=535_PSO,GEN=2_MEMBER=337_PSO,,
GEN=3_MEMBER=537_PSO,GEN=2_MEMBER=471_PSO,,
GEN=3_MEMBER=539_PSO,GEN=2_MEMBER=433_PSO,,
GEN=3_MEMBER=541_PSO,GEN=1_MEMBER=269_PSO,,
GEN=3_MEMBER=543_PSO,GEN=0_MEMBER=15,,
GEN=3_MEMBER=545_PSO,GEN=1_MEMBER=293_PSO,,
GEN=3_MEMBER=547_PSO,GEN=2_MEMBER=321_PSO,,
GEN=3_MEMBER=549_PSO,GEN=0_MEMBER=84,,
GEN=3_MEMBER=551_PSO,GEN=2_MEMBER=303_PSO,,
GEN=3_MEMBER=553_PSO,GEN=2_MEMBER=493_PSO,,
GEN=3_MEMBER=555_PSO,GEN=0_MEMBER=19,,
GEN=3_MEMBER=557_PSO,GEN=0_MEMBER=50,,
GEN=3_MEMBER=559_PSO,GEN=0_MEMBER=25,,
GEN=3_MEMBER=561_PSO,GEN=0_MEMBER=59,,
GEN=3_MEMBER=563_PSO,GEN=1_MEMBER=209_PSO,,
GEN=3_MEMBER=565_PSO,GEN=2_MEMBER=381_PSO,,
GEN=3_MEMBER=567_PSO,GEN=2_MEMBER=497_PSO,,
GEN=3_MEMBER=569_PSO,GEN=1_MEMBER=191_PSO,,
GEN=3_MEMBER=571_PSO,GEN=2_MEMBER=391_PSO,,
GEN=3_MEMBER=573_PSO,GEN=1_MEMBER=283_PSO,,
GEN=3_MEMBER=575_PSO,GEN=0_MEMBER=77,,
GEN=3_MEMBER=577_PSO,GEN=2_MEMBER=377_PSO,,
GEN=3_MEMBER=579_PSO,GEN=2_MEMBER=359_PSO,,
GEN=3_MEMBER=581_PSO,GEN=1_MEMBER=291_PSO,,
GEN=3_MEMBER=583_PSO,GEN=0_MEMBER=18,,
GEN=3_MEMBER=585_PSO,GEN=1_MEMBER=195_PSO,,
GEN=3_MEMBER=587_PSO,GEN=2_MEMBER=343_PSO,,
GEN=3_MEMBER=589_PSO,GEN=2_MEMBER=421_PSO,,
GEN=3_MEMBER=591_PSO,GEN=1_MEMBER=173_PSO,,
GEN=3_MEMBER=593_PSO,GEN=2_MEMBER=341_PSO,,
GEN=3_MEMBER=595_PSO,GEN=1_MEMBER=125_PSO,,
GEN=3_MEMBER=597_PSO,GEN=1_MEMBER=123_PSO,,
GEN=3_MEMBER=599_PSO,GEN=1_MEMBER=147_PSO,,
GEN=3_MEMBER=601_PSO,GEN=1_MEMBER=161_PSO,,
GEN=3_MEMBER=603_PSO,GEN=1_MEMBER=177_PSO,,
GEN=3_MEMBER=605_PSO,GEN=1_MEMBER=193_PSO,,
GEN=3_MEMBER=607_PSO,GEN=0_MEMBER=49,,
GEN=3_MEMBER=609_PSO,GEN=1_MEMBER=143_PSO,,
GEN=3_MEMBER=611_PSO,GEN=1_MEMBER=109_PSO,,
GEN=3_MEMBER=613_PSO,GEN=0_MEMBER=29,,
GEN=3_MEMBER=615_PSO,GEN=2_MEMBER=481_PSO,,
GEN=3_MEMBER=617_PSO,GEN=2_MEMBER=457_PSO,,
GEN=3_MEMBER=619_PSO,GEN=0_MEMBER=43,,
GEN=3_MEMBER=621_PSO,GEN=1_MEMBER=273_PSO,,
GEN=3_MEMBER=623_PSO,GEN=1_MEMBER=151_PSO,,
GEN=3_MEMBER=625_PSO,GEN=1_MEMBER=113_PSO,,
GEN=3_MEMBER=627_PSO,GEN=1_MEMBER=159_PSO,,
GEN=3_MEMBER=629_PSO,GEN=1_MEMBER=225_PSO,,
GEN=3_MEMBER=631_PSO,GEN=0_MEMBER=35,,
GEN=3_MEMBER=633_PSO,GEN=1_MEMBER=199_PSO,,
GEN=3_MEMBER=635_PSO,GEN=1_MEMBER=249_PSO,,
GEN=3_MEMBER=637_PSO,GEN=1_MEMBER=259_PSO,,
GEN=3_MEMBER=639_PSO,GEN=2_MEMBER=367_PSO,,
GEN=3_MEMBER=641_PSO,GEN=1_MEMBER=121_PSO,,
GEN=3_MEMBER=643_PSO,GEN=0_MEMBER=76,,
GEN=3_MEMBER=645_PSO,GEN=0_MEMBER=7,,
GEN=3_MEMBER=647_PSO,GEN=2_MEMBER=445_PSO,,
GEN=3_MEMBER=649_PSO,GEN=0_MEMBER=46,,
GEN=3_MEMBER=651_PSO,GEN=1_MEMBER=211_PSO,,
GEN=3_MEMBER=653_PSO,GEN=2_MEMBER=397_PSO,,
GEN=3_MEMBER=655_PSO,GEN=1_MEMBER=281_PSO,,
GEN=3_MEMBER=657_PSO,GEN=2_MEMBER=319_PSO,,
GEN=3_MEMBER=659_PSO,GEN=1_MEMBER=223_PSO,,
GEN=3_MEMBER=661_PSO,GEN=2_MEMBER=451_PSO,,
GEN=3_MEMBER=663_PSO,GEN=2_MEMBER=429_PSO,,
GEN=3_MEMBER=665_PSO,GEN=0_MEMBER=82,,
GEN=3_MEMBER=667_PSO,GEN=0_MEMBER=98,,
GEN=3_MEMBER=669_PSO,GEN=0_MEMBER=31,,
GEN=3_MEMBER=671_PSO,GEN=1_MEMBER=243_PSO,,
GEN=3_MEMBER=673_PSO,GEN=0_MEMBER=58,,
GEN=3_MEMBER=675_PSO,GEN=2_MEMBER=485_PSO,,
GEN=3_MEMBER=677_PSO,GEN=2_MEMBER=301_PSO,,
GEN=3_MEMBER=679_PSO,GEN=2_MEMBER=315_PSO,,
GEN=3_MEMBER=681_PSO,GEN=2_MEMBER=373_PSO,,
GEN=3_MEMBER=683_PSO,GEN=0_MEMBER=80,,
GEN=3_MEMBER=685_PSO,GEN=0_MEMBER=20,,
GEN=3_MEMBER=687_PSO,GEN=2_MEMBER=327_PSO,,
GEN=3_MEMBER=689_PSO,GEN=0_MEMBER=67,,
GEN=3_MEMBER=691_PSO,GEN=0_MEMBER=3,,
GEN=3_MEMBER=693_PSO,GEN=0_MEMBER=40,,
GEN=3_MEMBER=695_PSO,GEN=1_MEMBER=263_PSO,,
GEN=3_MEMBER=697_PSO,GEN=1_MEMBER=221_PSO,,
GEN=3_MEMBER=699_PSO,GEN=0_MEMBER=63,,
GEN=4_MEMBER=701_PSO,GEN=2_MEMBER=479_PSO,,
GEN=4_MEMBER=703_PSO,GEN=3_MEMBER=677_PSO,,
GEN=4_MEMBER=705_PSO,GEN=3_MEMBER=577_PSO,,
GEN=4_MEMBER=707_PSO,GEN=3_MEMBER=531_PSO,,
GEN=4_MEMBER=709_PSO,GEN=2_MEMBER=307_PSO,,
GEN=4_MEMBER=711_PSO,GEN=1_MEMBER=133_PSO,,
GEN=4_MEMBER=713_PSO,GEN=3_MEMBER=589_PSO,,
GEN=4_MEMBER=715_PSO,GEN=2_MEMBER=461_PSO,,
GEN=4_MEMBER=717_PSO,GEN=1_MEMBER=187_PSO,,
GEN=4_MEMBER=719_PSO,GEN=3_MEMBER=679_PSO,,
GEN=4_MEMBER=721_PSO,GEN=3_MEMBER=563_PSO,,
GEN=4_MEMBER=723_PSO,GEN=0_MEMBER=66,,
GEN=4_MEMBER=725_PSO,GEN=2_MEMBER=415_PSO,,
GEN=4_MEMBER=727_PSO,GEN=0_MEMBER=36,,
GEN=4_MEMBER=729_PSO,GEN=3_MEMBER=517_PSO,,
GEN=4_MEMBER=731_PSO,GEN=3_MEMBER=501_PSO,,
GEN=4_MEMBER=733_PSO,GEN=2_MEMBER=491_PSO,,
GEN=4_MEMBER=735_PSO,GEN=3_MEMBER=509_PSO,,
GEN=4_MEMBER=737_PSO,GEN=1_MEMBER=163_PSO,,
GEN=4_MEMBER=739_PSO,GEN=0_MEMBER=34,,
GEN=4_MEMBER=741_PSO,GEN=1_MEMBER=105_PSO,,
GEN=4_MEMBER=743_PSO,GEN=3_MEMBER=673_PSO,,
GEN=4_MEMBER=745_PSO,GEN=0_MEMBER=78,,
GEN=4_MEMBER=747_PSO,GEN=1_MEMBER=157_PSO,,
GEN=4_MEMBER=749_PSO,GEN=0_MEMBER=39,,
GEN=4_MEMBER=751_PSO,GEN=0_MEMBER=11,,
GEN=4_MEMBER=753_PSO,GEN=1_MEMBER=261_PSO,,
GEN=4_MEMBER=755_PSO,GEN=2_MEMBER=337_PSO,,
GEN=4_MEMBER=757_PSO,GEN=3_MEMBER=675_PSO,,
GEN=4_MEMBER=759_PSO,GEN=3_MEMBER=623_PSO,,
GEN=4_MEMBER=761_PSO,GEN=2_MEMBER=471_PSO,,
GEN=4_MEMBER=763_PSO,GEN=2_MEMBER=433_PSO,,
GEN=4_MEMBER=765_PSO,GEN=3_MEMBER=569_PSO,,
GEN=4_MEMBER=767_PSO,GEN=3_MEMBER=565_PSO,,
GEN=4_MEMBER=769_PSO,GEN=1_MEMBER=269_PSO,,
GEN=4_MEMBER=771_PSO,GEN=0_MEMBER=15,,
GEN=4_MEMBER=773_PSO,GEN=1_MEMBER=293_PSO,,
GEN=4_MEMBER=775_PSO,GEN=2_MEMBER=321_PSO,,
GEN=4_MEMBER=777_PSO,GEN=0_MEMBER=84,,
GEN=4_MEMBER=779_PSO,GEN=3_MEMBER=571_PSO,,
GEN=4_MEMBER=781_PSO,GEN=3_MEMBER=525_PSO,,
GEN=4_MEMBER=783_PSO,GEN=2_MEMBER=303_PSO,,
GEN=4_MEMBER=785_PSO,GEN=2_MEMBER=493_PSO,,
GEN=4_MEMBER=787_PSO,GEN=3_MEMBER=657_PSO,,
GEN=4_MEMBER=789_PSO,GEN=0_MEMBER=19,,
GEN=4_MEMBER=791_PSO,GEN=0_MEMBER=50,,
GEN=4_MEMBER=793_PSO,GEN=3_MEMBER=683_PSO,,
GEN=4_MEMBER=795_PSO,GEN=0_MEMBER=25,,
GEN=4_MEMBER=797_PSO,GEN=3_MEMBER=645_PSO,,
GEN=4_MEMBER=799_PSO,GEN=0_MEMBER=59,,
GEN=4_MEMBER=801_PSO,GEN=3_MEMBER=551_PSO,,
GEN=4_MEMBER=803_PSO,GEN=3_MEMBER=579_PSO,,
GEN=4_MEMBER=805_PSO,GEN=3_MEMBER=593_PSO,,
GEN=4_MEMBER=807_PSO,GEN=1_MEMBER=209_PSO,,
GEN=4_MEMBER=809_PSO,GEN=2_MEMBER=381_PSO,,
GEN=4_MEMBER=811_PSO,GEN=3_MEMBER=603_PSO,,
GEN=4_MEMBER=813_PSO,GEN=2_MEMBER=497_PSO,,
GEN=4_MEMBER=815_PSO,GEN=3_MEMBER=553_PSO,,
GEN=4_MEMBER=817_PSO,GEN=3_MEMBER=529_PSO,,
GEN=4_MEMBER=819_PSO,GEN=1_MEMBER=191_PSO,,
GEN=4_MEMBER=821_PSO,GEN=2_MEMBER=391_PSO,,
GEN=4_MEMBER=823_PSO,GEN=1_MEMBER=283_PSO,,
GEN=4_MEMBER=825_PSO,GEN=0_MEMBER=77,,
GEN=4_MEMBER=827_PSO,GEN=2_MEMBER=377_PSO,,
GEN=4_MEMBER=829_PSO,GEN=2_MEMBER=359_PSO,,
GEN=4_MEMBER=831_PSO,GEN=3_MEMBER=595_PSO,,
GEN=4_MEMBER=833_PSO,GEN=1_MEMBER=291_PSO,,
GEN=4_MEMBER=835_PSO,GEN=0_MEMBER=18,,
GEN=4_MEMBER=837_PSO,GEN=3_MEMBER=639_PSO,,
GEN=4_MEMBER=839_PSO,GEN=1_MEMBER=195_PSO,,
GEN=4_MEMBER=841_PSO,GEN=3_MEMBER=669_PSO,,
GEN=4_MEMBER=843_PSO,GEN=2_MEMBER=343_PSO,,
GEN=4_MEMBER=845_PSO,GEN=2_MEMBER=421_PSO,,
GEN=4_MEMBER=847_PSO,GEN=3_MEMBER=547_PSO,,
GEN=4_MEMBER=849_PSO,GEN=1_MEMBER=173_PSO,,
GEN=4_MEMBER=851_PSO,GEN=3_MEMBER=697_PSO,,
GEN=4_MEMBER=853_PSO,GEN=2_MEMBER=341_PSO,,
GEN=4_MEMBER=855_PSO,GEN=1_MEMBER=125_PSO,,
GEN=4_MEMBER=857_PSO,GEN=1_MEMBER=123_PSO,,
GEN=4_MEMBER=859_PSO,GEN=1_MEMBER=147_PSO,,
GEN=4_MEMBER=861_PSO,GEN=1_MEMBER=161_PSO,,
GEN=4_MEMBER=863_PSO,GEN=1_MEMBER=177_PSO,,
GEN=4_MEMBER=865_PSO,GEN=1_MEMBER=193_PSO,,
GEN=4_MEMBER=867_PSO,GEN=0_MEMBER=49,,
GEN=4_MEMBER=869_PSO,GEN=3_MEMBER=615_PSO,,
GEN=4_MEMBER=871_PSO,GEN=1_MEMBER=143_PSO,,
GEN=4_MEMBER=873_PSO,GEN=1_MEMBER=109_PSO,,
GEN=4_MEMBER=875_PSO,GEN=0_MEMBER=29,,
GEN=4_MEMBER=877_PSO,GEN=2_MEMBER=481_PSO,,
GEN=4_MEMBER=879_PSO,GEN=2_MEMBER=457_PSO,,
GEN=4_MEMBER=881_PSO,GEN=0_MEMBER=43,,
GEN=4_MEMBER=883_PSO,GEN=3_MEMBER=597_PSO,,
GEN=4_MEMBER=885_PSO,GEN=1_MEMBER=273_PSO,,
GEN=4_MEMBER=887_PSO,GEN=1_MEMBER=151_PSO,,
GEN=4_MEMBER=889_PSO,GEN=1_MEMBER=113_PSO,,
GEN=4_MEMBER=891_PSO,GEN=1_MEMBER=159_PSO,,
GEN=4_MEMBER=893_PSO,GEN=3_MEMBER=587_PSO,,
GEN=4_MEMBER=895_PSO,GEN=1_MEMBER=225_PSO,,
GEN=4_MEMBER=897_PSO,GEN=3_MEMBER=617_PSO,,
GEN=4_MEMBER=899_PSO,GEN=3_MEMBER=567_PSO,,
GEN=5_MEMBER=901_PSO,GEN=2_MEMBER=479_PSO,,
GEN=5_MEMBER=903_PSO,GEN=3_MEMBER=677_PSO,,
GEN=5_MEMBER=905_PSO,GEN=4_MEMBER=731_PSO,,
GEN=5_MEMBER=907_PSO,GEN=3_MEMBER=577_PSO,,
GEN=5_MEMBER=909_PSO,GEN=3_MEMBER=531_PSO,,
GEN=5_MEMBER=911_PSO,GEN=2_MEMBER=307_PSO,,
GEN=5_MEMBER=913_PSO,GEN=4_MEMBER=735_PSO,,
GEN=5_MEMBER=915_PSO,GEN=1_MEMBER=133_PSO,,
GEN=5_MEMBER=917_PSO,GEN=3_MEMBER=589_PSO,,
GEN=5_MEMBER=919_PSO,GEN=4_MEMBER=803_PSO,,
GEN=5_MEMBER=921_PSO,GEN=2_MEMBER=461_PSO,,
GEN=5_MEMBER=923_PSO,GEN=1_MEMBER=187_PSO,,
GEN=5_MEMBER=925_PSO,GEN=3_MEMBER=679_PSO,,
GEN=5_MEMBER=927_PSO,GEN=3_MEMBER=563_PSO,,
GEN=5_MEMBER=929_PSO,GEN=4_MEMBER=727_PSO,,
GEN=5_MEMBER=931_PSO,GEN=0_MEMBER=66,,
GEN=5_MEMBER=933_PSO,GEN=2_MEMBER=415_PSO,,
GEN=5_MEMBER=935_PSO,GEN=4_MEMBER=893_PSO,,
GEN=5_MEMBER=937_PSO,GEN=0_MEMBER=36,,
GEN=5_MEMBER=939_PSO,GEN=3_MEMBER=517_PSO,,
GEN=5_MEMBER=941_PSO,GEN=4_MEMBER=701_PSO,,
GEN=5_MEMBER=943_PSO,GEN=4_MEMBER=809_PSO,,
GEN=5_MEMBER=945_PSO,GEN=2_MEMBER=491_PSO,,
GEN=5_MEMBER=947_PSO,GEN=3_MEMBER=509_PSO,,
GEN=5_MEMBER=949_PSO,GEN=1_MEMBER=163_PSO,,
GEN=5_MEMBER=951_PSO,GEN=0_MEMBER=34,,
GEN=5_MEMBER=953_PSO,GEN=1_MEMBER=105_PSO,,
GEN=5_MEMBER=955_PSO,GEN=3_MEMBER=673_PSO,,
GEN=5_MEMBER=957_PSO,GEN=0_MEMBER=78,,
GEN=5_MEMBER=959_PSO,GEN=1_MEMBER=157_PSO,,
GEN=5_MEMBER=961_PSO,GEN=0_MEMBER=39,,
GEN=5_MEMBER=963_PSO,GEN=4_MEMBER=717_PSO,,
GEN=5_MEMBER=965_PSO,GEN=4_MEMBER=781_PSO,,
GEN=5_MEMBER=967_PSO,GEN=0_MEMBER=11,,
GEN=5_MEMBER=969_PSO,GEN=1_MEMBER=261_PSO,,
GEN=5_MEMBER=971_PSO,GEN=2_MEMBER=337_PSO,,
GEN=5_MEMBER=973_PSO,GEN=3_MEMBER=675_PSO,,
GEN=5_MEMBER=975_PSO,GEN=4_MEMBER=771_PSO,,
GEN=5_MEMBER=977_PSO,GEN=3_MEMBER=623_PSO,,
GEN=5_MEMBER=979_PSO,GEN=2_MEMBER=471_PSO,,
GEN=5_MEMBER=981_PSO,GEN=2_MEMBER=433_PSO,,
GEN=5_MEMBER=983_PSO,GEN=3_MEMBER=569_PSO,,
GEN=5_MEMBER=985_PSO,GEN=3_MEMBER=565_PSO,,
GEN=5_MEMBER=987_PSO,GEN=1_MEMBER=269_PSO,,
GEN=5_MEMBER=989_PSO,GEN=0_MEMBER=15,,
GEN=5_MEMBER=991_PSO,GEN=1_MEMBER=293_PSO,,
GEN=5_MEMBER=993_PSO,GEN=2_MEMBER=321_PSO,,
GEN=5_MEMBER=995_PSO,GEN=4_MEMBER=899_PSO,,
GEN=5_MEMBER=997_PSO,GEN=0_MEMBER=84,,
GEN=5_MEMBER=999_PSO,GEN=4_MEMBER=851_PSO,,
GEN=5_MEMBER=1001_PSO,GEN=3_MEMBER=571_PSO,,
GEN=5_MEMBER=1003_PSO,GEN=4_MEMBER=837_PSO,,
GEN=5_MEMBER=1005_PSO,GEN=3_MEMBER=525_PSO,,
GEN=5_MEMBER=1007_PSO,GEN=2_MEMBER=303_PSO,,
GEN=5_MEMBER=1009_PSO,GEN=2_MEMBER=493_PSO,,
GEN=5_MEMBER=1011_PSO,GEN=3_MEMBER=657_PSO,,
GEN=5_MEMBER=1013_PSO,GEN=4_MEMBER=815_PSO,,
GEN=5_MEMBER=1015_PSO,GEN=4_MEMBER=887_PSO,,
GEN=5_MEMBER=1017_PSO,GEN=0_MEMBER=19,,
GEN=5_MEMBER=1019_PSO,GEN=4_MEMBER=767_PSO,,
GEN=5_MEMBER=1021_PSO,GEN=0_MEMBER=50,,
GEN=5_MEMBER=1023_PSO,GEN=4_MEMBER=721_PSO,,
GEN=5_MEMBER=1025_PSO,GEN=4_MEMBER=705_PSO,,
GEN=5_MEMBER=1027_PSO,GEN=3_MEMBER=683_PSO,,
GEN=5_MEMBER=1029_PSO,GEN=4_MEMBER=827_PSO,,
GEN=5_MEMBER=1031_PSO,GEN=4_MEMBER=867_PSO,,
GEN=5_MEMBER=1033_PSO,GEN=0_MEMBER=25,,
GEN=5_MEMBER=1035_PSO,GEN=4_MEMBER=819_PSO,,
GEN=5_MEMBER=1037_PSO,GEN=3_MEMBER=645_PSO,,
GEN=5_MEMBER=1039_PSO,GEN=4_MEMBER=853_PSO,,
GEN=5_MEMBER=1041_PSO,GEN=0_MEMBER=59,,
GEN=5_MEMBER=1043_PSO,GEN=3_MEMBER=551_PSO,,
GEN=5_MEMBER=1045_PSO,GEN=4_MEMBER=801_PSO,,
GEN=5_MEMBER=1047_PSO,GEN=3_MEMBER=579_PSO,,
GEN=5_MEMBER=1049_PSO,GEN=3_MEMBER=593_PSO,,
GEN=5_MEMBER=1051_PSO,GEN=4_MEMBER=713_PSO,,
GEN=5_MEMBER=1053_PSO,GEN=4_MEMBER=783_PSO,,
GEN=5_MEMBER=1055_PSO,GEN=1_MEMBER=209_PSO,,
GEN=5_MEMBER=1057_PSO,GEN=2_MEMBER=381_PSO,,
GEN=5_MEMBER=1059_PSO,GEN=3_MEMBER=603_PSO,,
GEN=5_MEMBER=1061_PSO,GEN=2_MEMBER=497_PSO,,
GEN=5_MEMBER=1063_PSO,GEN=3_MEMBER=553_PSO,,
GEN=5_MEMBER=1065_PSO,GEN=4_MEMBER=879_PSO,,
GEN=5_MEMBER=1067_PSO,GEN=3_MEMBER=529_PSO,,
GEN=5_MEMBER=1069_PSO,GEN=1_MEMBER=191_PSO,,
GEN=5_MEMBER=1071_PSO,GEN=2_MEMBER=391_PSO,,
GEN=5_MEMBER=1073_PSO,GEN=1_MEMBER=283_PSO,,
GEN=5_MEMBER=1075_PSO,GEN=4_MEMBER=793_PSO,,
GEN=5_MEMBER=1077_PSO,GEN=4_MEMBER=765_PSO,,
GEN=5_MEMBER=1079_PSO,GEN=0_MEMBER=77,,
GEN=5_MEMBER=1081_PSO,GEN=4_MEMBER=759_PSO,,
GEN=5_MEMBER=1083_PSO,GEN=2_MEMBER=377_PSO,,
GEN=5_MEMBER=1085_PSO,GEN=2_MEMBER=359_PSO,,
GEN=5_MEMBER=1087_PSO,GEN=3_MEMBER=595_PSO,,
GEN=5_MEMBER=1089_PSO,GEN=1_MEMBER=291_PSO,,
GEN=5_MEMBER=1091_PSO,GEN=0_MEMBER=18,,
GEN=5_MEMBER=1093_PSO,GEN=3_MEMBER=639_PSO,,
GEN=5_MEMBER=1095_PSO,GEN=1_MEMBER=195_PSO,,
GEN=5_MEMBER=1097_PSO,GEN=3_MEMBER=669_PSO,,
GEN=5_MEMBER=1099_PSO,GEN=2_MEMBER=343_PSO,,
GEN=6_MEMBER=1101_PSO,GEN=5_MEMBER=941_PSO,,
GEN=6_MEMBER=1103_PSO,GEN=2_MEMBER=479_PSO,,
GEN=6_MEMBER=1105_PSO,GEN=3_MEMBER=677_PSO,,
GEN=6_MEMBER=1107_PSO,GEN=4_MEMBER=731_PSO,,
GEN=6_MEMBER=1109_PSO,GEN=3_MEMBER=577_PSO,,
GEN=6_MEMBER=1111_PSO,GEN=3_MEMBER=531_PSO,,
GEN=6_MEMBER=1113_PSO,GEN=2_MEMBER=307_PSO,,
GEN=6_MEMBER=1115_PSO,GEN=4_MEMBER=735_PSO,,
GEN=6_MEMBER=1117_PSO,GEN=1_MEMBER=133_PSO,,
GEN=6_MEMBER=1119_PSO,GEN=3_MEMBER=589_PSO,,
GEN=6_MEMBER=1121_PSO,GEN=4_MEMBER=803_PSO,,
GEN=6_MEMBER=1123_PSO,GEN=2_MEMBER=461_PSO,,
GEN=6_MEMBER=1125_PSO,GEN=1_MEMBER=187_PSO,,
GEN=6_MEMBER=1127_PSO,GEN=3_MEMBER=679_PSO,,
GEN=6_MEMBER=1129_PSO,GEN=5_MEMBER=965_PSO,,
GEN=6_MEMBER=1131_PSO,GEN=5_MEMBER=1039_PSO,,
GEN=6_MEMBER=1133_PSO,GEN=3_MEMBER=563_PSO,,
GEN=6_MEMBER=1135_PSO,GEN=5_MEMBER=1019_PSO,,
GEN=6_MEMBER=1137_PSO,GEN=4_MEMBER=727_PSO,,
GEN=6_MEMBER=1139_PSO,GEN=0_MEMBER=66,,
GEN=6_MEMBER=1141_PSO,GEN=5_MEMBER=1013_PSO,,
GEN=6_MEMBER=1143_PSO,GEN=2_MEMBER=415_PSO,,
GEN=6_MEMBER=1145_PSO,GEN=4_MEMBER=893_PSO,,
GEN=6_MEMBER=1147_PSO,GEN=0_MEMBER=36,,
GEN=6_MEMBER=1149_PSO,GEN=5_MEMBER=905_PSO,,
GEN=6_MEMBER=1151_PSO,GEN=5_MEMBER=1053_PSO,,
GEN=6_MEMBER=1153_PSO,GEN=3_MEMBER=517_PSO,,
GEN=6_MEMBER=1155_PSO,GEN=5_MEMBER=963_PSO,,
GEN=6_MEMBER=1157_PSO,GEN=5_MEMBER=901_PSO,,
GEN=6_MEMBER=1159_PSO,GEN=5_MEMBER=1075_PSO,,
GEN=6_MEMBER=1161_PSO,GEN=4_MEMBER=809_PSO,,
GEN=6_MEMBER=1163_PSO,GEN=2_MEMBER=491_PSO,,
GEN=6_MEMBER=1165_PSO,GEN=3_MEMBER=509_PSO,,
GEN=6_MEMBER=1167_PSO,GEN=1_MEMBER=163_PSO,,
GEN=6_MEMBER=1169_PSO,GEN=0_MEMBER=34,,
GEN=6_MEMBER=1171_PSO,GEN=1_MEMBER=105_PSO,,
GEN=6_MEMBER=1173_PSO,GEN=5_MEMBER=1047_PSO,,
GEN=6_MEMBER=1175_PSO,GEN=5_MEMBER=977_PSO,,
GEN=6_MEMBER=1177_PSO,GEN=3_MEMBER=673_PSO,,
GEN=6_MEMBER=1179_PSO,GEN=0_MEMBER=78,,
GEN=6_MEMBER=1181_PSO,GEN=5_MEMBER=1077_PSO,,
GEN=6_MEMBER=1183_PSO,GEN=1_MEMBER=157_PSO,,
GEN=6_MEMBER=1185_PSO,GEN=0_MEMBER=39,,
GEN=6_MEMBER=1187_PSO,GEN=4_MEMBER=717_PSO,,
GEN=6_MEMBER=1189_PSO,GEN=4_MEMBER=781_PSO,,
GEN=6_MEMBER=1191_PSO,GEN=5_MEMBER=913_PSO,,
GEN=6_MEMBER=1193_PSO,GEN=0_MEMBER=11,,
GEN=6_MEMBER=1195_PSO,GEN=5_MEMBER=923_PSO,,
GEN=6_MEMBER=1197_PSO,GEN=5_MEMBER=947_PSO,,
GEN=6_MEMBER=1199_PSO,GEN=1_MEMBER=261_PSO,,
GEN=6_MEMBER=1201_PSO,GEN=2_MEMBER=337_PSO,,
GEN=6_MEMBER=1203_PSO,GEN=3_MEMBER=675_PSO,,
GEN=6_MEMBER=1205_PSO,GEN=4_MEMBER=771_PSO,,
GEN=6_MEMBER=1207_PSO,GEN=3_MEMBER=623_PSO,,
GEN=6_MEMBER=1209_PSO,GEN=2_MEMBER=471_PSO,,
GEN=6_MEMBER=1211_PSO,GEN=2_MEMBER=433_PSO,,
GEN=6_MEMBER=1213_PSO,GEN=3_MEMBER=569_PSO,,
GEN=6_MEMBER=1215_PSO,GEN=3_MEMBER=565_PSO,,
GEN=6_MEMBER=1217_PSO,GEN=5_MEMBER=1035_PSO,,
GEN=6_MEMBER=1219_PSO,GEN=5_MEMBER=1059_PSO,,
GEN=6_MEMBER=1221_PSO,GEN=5_MEMBER=1051_PSO,,
GEN=6_MEMBER=1223_PSO,GEN=1_MEMBER=269_PSO,,
GEN=6_MEMBER=1225_PSO,GEN=0_MEMBER=15,,
GEN=6_MEMBER=1227_PSO,GEN=1_MEMBER=293_PSO,,
GEN=6_MEMBER=1229_PSO,GEN=2_MEMBER=321_PSO,,
GEN=6_MEMBER=1231_PSO,GEN=4_MEMBER=899_PSO,,
GEN=6_MEMBER=1233_PSO,GEN=0_MEMBER=84,,
GEN=6_MEMBER=1235_PSO,GEN=4_MEMBER=851_PSO,,
GEN=6_MEMBER=1237_PSO,GEN=5_MEMBER=1099_PSO,,
GEN=6_MEMBER=1239_PSO,GEN=3_MEMBER=571_PSO,,
GEN=6_MEMBER=1241_PSO,GEN=5_MEMBER=1093_PSO,,
GEN=6_MEMBER=1243_PSO,GEN=5_MEMBER=919_PSO,,
GEN=6_MEMBER=1245_PSO,GEN=4_MEMBER=837_PSO,,
GEN=6_MEMBER=1247_PSO,GEN=3_MEMBER=525_PSO,,
GEN=6_MEMBER=1249_PSO,GEN=2_MEMBER=303_PSO,,
GEN=6_MEMBER=1251_PSO,GEN=5_MEMBER=1045_PSO,,
GEN=6_MEMBER=1253_PSO,GEN=5_MEMBER=935_PSO,,
GEN=6_MEMBER=1255_PSO,GEN=2_MEMBER=493_PSO,,
GEN=6_MEMBER=1257_PSO,GEN=3_MEMBER=657_PSO,,
GEN=6_MEMBER=1259_PSO,GEN=4_MEMBER=815_PSO,,
GEN=6_MEMBER=1261_PSO,GEN=5_MEMBER=985_PSO,,
GEN=6_MEMBER=1263_PSO,GEN=5_MEMBER=927_PSO,,
GEN=6_MEMBER=1265_PSO,GEN=4_MEMBER=887_PSO,,
GEN=6_MEMBER=1267_PSO,GEN=0_MEMBER=19,,
GEN=6_MEMBER=1269_PSO,GEN=4_MEMBER=767_PSO,,
GEN=6_MEMBER=1271_PSO,GEN=0_MEMBER=50,,
GEN=6_MEMBER=1273_PSO,GEN=5_MEMBER=1023_PSO,,
GEN=6_MEMBER=1275_PSO,GEN=5_MEMBER=989_PSO,,
GEN=6_MEMBER=1277_PSO,GEN=4_MEMBER=721_PSO,,
GEN=6_MEMBER=1279_PSO,GEN=5_MEMBER=907_PSO,,
GEN=6_MEMBER=1281_PSO,GEN=4_MEMBER=705_PSO,,
GEN=6_MEMBER=1283_PSO,GEN=3_MEMBER=683_PSO,,
GEN=6_MEMBER=1285_PSO,GEN=4_MEMBER=827_PSO,,
GEN=6_MEMBER=1287_PSO,GEN=5_MEMBER=943_PSO,,
GEN=6_MEMBER=1289_PSO,GEN=4_MEMBER=867_PSO,,
GEN=6_MEMBER=1291_PSO,GEN=0_MEMBER=25,,
GEN=6_MEMBER=1293_PSO,GEN=4_MEMBER=819_PSO,,
GEN=6_MEMBER=1295_PSO,GEN=5_MEMBER=967_PSO,,
GEN=6_MEMBER=1297_PSO,GEN=3_MEMBER=645_PSO,,
GEN=6_MEMBER=1299_PSO,GEN=4_MEMBER=853_PSO,,
GEN=7_MEMBER=1301_PSO,GEN=6_MEMBER=1261_PSO,,
GEN=7_MEMBER=1303_PSO,GEN=6_MEMBER=1237_PSO,,
GEN=7_MEMBER=1305_PSO,GEN=5_MEMBER=941_PSO,,
GEN=7_MEMBER=1307_PSO,GEN=6_MEMBER=1189_PSO,,
GEN=7_MEMBER=1309_PSO,GEN=2_MEMBER=479_PSO,,
GEN=7_MEMBER=1311_PSO,GEN=6_MEMBER=1157_PSO,,
GEN=7_MEMBER=1313_PSO,GEN=3_MEMBER=677_PSO,,
GEN=7_MEMBER=1315_PSO,GEN=6_MEMBER=1155_PSO,,
GEN=7_MEMBER=1317_PSO,GEN=4_MEMBER=731_PSO,,
GEN=7_MEMBER=1319_PSO,GEN=3_MEMBER=577_PSO,,
GEN=7_MEMBER=1321_PSO,GEN=3_MEMBER=531_PSO,,
GEN=7_MEMBER=1323_PSO,GEN=6_MEMBER=1173_PSO,,
GEN=7_MEMBER=1325_PSO,GEN=6_MEMBER=1243_PSO,,
GEN=7_MEMBER=1327_PSO,GEN=2_MEMBER=307_PSO,,
GEN=7_MEMBER=1329_PSO,GEN=4_MEMBER=735_PSO,,
GEN=7_MEMBER=1331_PSO,GEN=1_MEMBER=133_PSO,,
GEN=7_MEMBER=1333_PSO,GEN=6_MEMBER=1191_PSO,,
GEN=7_MEMBER=1335_PSO,GEN=3_MEMBER=589_PSO,,
GEN=7_MEMBER=1337_PSO,GEN=6_MEMBER=1197_PSO,,
GEN=7_MEMBER=1339_PSO,GEN=4_MEMBER=803_PSO,,
GEN=7_MEMBER=1341_PSO,GEN=6_MEMBER=1241_PSO,,
GEN=7_MEMBER=1343_PSO,GEN=2_MEMBER=461_PSO,,
GEN=7_MEMBER=1345_PSO,GEN=1_MEMBER=187_PSO,,
GEN=7_MEMBER=1347_PSO,GEN=3_MEMBER=679_PSO,,
GEN=7_MEMBER=1349_PSO,GEN=5_MEMBER=965_PSO,,
GEN=7_MEMBER=1351_PSO,GEN=5_MEMBER=1039_PSO,,
GEN=7_MEMBER=1353_PSO,GEN=3_MEMBER=563_PSO,,
GEN=7_MEMBER=1355_PSO,GEN=5_MEMBER=1019_PSO,,
GEN=7_MEMBER=1357_PSO,GEN=6_MEMBER=1101_PSO,,
GEN=7_MEMBER=1359_PSO,GEN=4_MEMBER=727_PSO,,
GEN=7_MEMBER=1361_PSO,GEN=0_MEMBER=66,,
GEN=7_MEMBER=1363_PSO,GEN=6_MEMBER=1287_PSO,,
GEN=7_MEMBER=1365_PSO,GEN=5_MEMBER=1013_PSO,,
GEN=7_MEMBER=1367_PSO,GEN=2_MEMBER=415_PSO,,
GEN=7_MEMBER=1369_PSO,GEN=6_MEMBER=1175_PSO,,
GEN=7_MEMBER=1371_PSO,GEN=4_MEMBER=893_PSO,,
GEN=7_MEMBER=1373_PSO,GEN=0_MEMBER=36,,
GEN=7_MEMBER=1375_PSO,GEN=6_MEMBER=1195_PSO,,
GEN=7_MEMBER=1377_PSO,GEN=6_MEMBER=1107_PSO,,
GEN=7_MEMBER=1379_PSO,GEN=5_MEMBER=905_PSO,,
GEN=7_MEMBER=1381_PSO,GEN=5_MEMBER=1053_PSO,,
GEN=7_MEMBER=1383_PSO,GEN=3_MEMBER=517_PSO,,
GEN=7_MEMBER=1385_PSO,GEN=6_MEMBER=1275_PSO,,
GEN=7_MEMBER=1387_PSO,GEN=6_MEMBER=1253_PSO,,
GEN=7_MEMBER=1389_PSO,GEN=5_MEMBER=963_PSO,,
GEN=7_MEMBER=1391_PSO,GEN=6_MEMBER=1125_PSO,,
GEN=7_MEMBER=1393_PSO,GEN=6_MEMBER=1115_PSO,,
GEN=7_MEMBER=1395_PSO,GEN=5_MEMBER=901_PSO,,
GEN=7_MEMBER=1397_PSO,GEN=6_MEMBER=1103_PSO,,
GEN=7_MEMBER=1399_PSO,GEN=5_MEMBER=1075_PSO,,
GEN=7_MEMBER=1401_PSO,GEN=4_MEMBER=809_PSO,,
GEN=7_MEMBER=1403_PSO,GEN=2_MEMBER=491_PSO,,
GEN=7_MEMBER=1405_PSO,GEN=3_MEMBER=509_PSO,,
GEN=7_MEMBER=1407_PSO,GEN=1_MEMBER=163_PSO,,
GEN=7_MEMBER=1409_PSO,GEN=6_MEMBER=1187_PSO,,
GEN=7_MEMBER=1411_PSO,GEN=0_MEMBER=34,,
GEN=7_MEMBER=1413_PSO,GEN=1_MEMBER=105_PSO,,
GEN=7_MEMBER=1415_PSO,GEN=5_MEMBER=1047_PSO,,
GEN=7_MEMBER=1417_PSO,GEN=5_MEMBER=977_PSO,,
GEN=7_MEMBER=1419_PSO,GEN=3_MEMBER=673_PSO,,
GEN=7_MEMBER=1421_PSO,GEN=0_MEMBER=78,,
GEN=7_MEMBER=1423_PSO,GEN=6_MEMBER=1165_PSO,,
GEN=7_MEMBER=1425_PSO,GEN=5_MEMBER=1077_PSO,,
GEN=7_MEMBER=1427_PSO,GEN=1_MEMBER=157_PSO,,
GEN=7_MEMBER=1429_PSO,GEN=0_MEMBER=39,,
GEN=7_MEMBER=1431_PSO,GEN=6_MEMBER=1273_PSO,,
GEN=7_MEMBER=1433_PSO,GEN=4_MEMBER=717_PSO,,
GEN=7_MEMBER=1435_PSO,GEN=6_MEMBER=1293_PSO,,
GEN=7_MEMBER=1437_PSO,GEN=6_MEMBER=1299_PSO,,
GEN=7_MEMBER=1439_PSO,GEN=4_MEMBER=781_PSO,,
GEN=7_MEMBER=1441_PSO,GEN=5_MEMBER=913_PSO,,
GEN=7_MEMBER=1443_PSO,GEN=0_MEMBER=11,,
GEN=7_MEMBER=1445_PSO,GEN=5_MEMBER=923_PSO,,
GEN=7_MEMBER=1447_PSO,GEN=5_MEMBER=947_PSO,,
GEN=7_MEMBER=1449_PSO,GEN=1_MEMBER=261_PSO,,
GEN=7_MEMBER=1451_PSO,GEN=2_MEMBER=337_PSO,,
GEN=7_MEMBER=1453_PSO,GEN=6_MEMBER=1217_PSO,,
GEN=7_MEMBER=1455_PSO,GEN=3_MEMBER=675_PSO,,
GEN=7_MEMBER=1457_PSO,GEN=4_MEMBER=771_PSO,,
GEN=7_MEMBER=1459_PSO,GEN=3_MEMBER=623_PSO,,
GEN=7_MEMBER=1461_PSO,GEN=6_MEMBER=1121_PSO,,
GEN=7_MEMBER=1463_PSO,GEN=2_MEMBER=471_PSO,,
GEN=7_MEMBER=1465_PSO,GEN=2_MEMBER=433_PSO,,
GEN=7_MEMBER=1467_PSO,GEN=3_MEMBER=569_PSO,,
GEN=7_MEMBER=1469_PSO,GEN=3_MEMBER=565_PSO,,
GEN=7_MEMBER=1471_PSO,GEN=5_MEMBER=1035_PSO,,
GEN=7_MEMBER=1473_PSO,GEN=6_MEMBER=1149_PSO,,
GEN=7_MEMBER=1475_PSO,GEN=6_MEMBER=1131_PSO,,
GEN=7_MEMBER=1477_PSO,GEN=5_MEMBER=1059_PSO,,
GEN=7_MEMBER=1479_PSO,GEN=5_MEMBER=1051_PSO,,
GEN=7_MEMBER=1481_PSO,GEN=6_MEMBER=1225_PSO,,
GEN=7_MEMBER=1483_PSO,GEN=1_MEMBER=269_PSO,,
GEN=7_MEMBER=1485_PSO,GEN=0_MEMBER=15,,
GEN=7_MEMBER=1487_PSO,GEN=1_MEMBER=293_PSO,,
GEN=7_MEMBER=1489_PSO,GEN=6_MEMBER=1207_PSO,,
GEN=7_MEMBER=1491_PSO,GEN=2_MEMBER=321_PSO,,
GEN=7_MEMBER=1493_PSO,GEN=4_MEMBER=899_PSO,,
GEN=7_MEMBER=1495_PSO,GEN=6_MEMBER=1269_PSO,,
GEN=7_MEMBER=1497_PSO,GEN=0_MEMBER=84,,
GEN=7_MEMBER=1499_PSO,GEN=6_MEMBER=1141_PSO,,
GEN=8_MEMBER=1501_PSO,GEN=6_MEMBER=1261_PSO,,
GEN=8_MEMBER=1503_PSO,GEN=6_MEMBER=1237_PSO,,
GEN=8_MEMBER=1505_PSO,GEN=5_MEMBER=941_PSO,,
GEN=8_MEMBER=1507_PSO,GEN=6_MEMBER=1189_PSO,,
GEN=8_MEMBER=1509_PSO,GEN=2_MEMBER=479_PSO,,
GEN=8_MEMBER=1511_PSO,GEN=6_MEMBER=1157_PSO,,
GEN=8_MEMBER=1513_PSO,GEN=7_MEMBER=1423_PSO,,
GEN=8_MEMBER=1515_PSO,GEN=3_MEMBER=677_PSO,,
GEN=8_MEMBER=1517_PSO,GEN=6_MEMBER=1155_PSO,,
GEN=8_MEMBER=1519_PSO,GEN=7_MEMBER=1447_PSO,,
GEN=8_MEMBER=1521_PSO,GEN=4_MEMBER=731_PSO,,
GEN=8_MEMBER=1523_PSO,GEN=3_MEMBER=577_PSO,,
GEN=8_MEMBER=1525_PSO,GEN=3_MEMBER=531_PSO,,
GEN=8_MEMBER=1527_PSO,GEN=7_MEMBER=1445_PSO,,
GEN=8_MEMBER=1529_PSO,GEN=6_MEMBER=1173_PSO,,
GEN=8_MEMBER=1531_PSO,GEN=7_MEMBER=1393_PSO,,
GEN=8_MEMBER=1533_PSO,GEN=7_MEMBER=1409_PSO,,
GEN=8_MEMBER=1535_PSO,GEN=7_MEMBER=1395_PSO,,
GEN=8_MEMBER=1537_PSO,GEN=6_MEMBER=1243_PSO,,
GEN=8_MEMBER=1539_PSO,GEN=2_MEMBER=307_PSO,,
GEN=8_MEMBER=1541_PSO,GEN=7_MEMBER=1499_PSO,,
GEN=8_MEMBER=1543_PSO,GEN=4_MEMBER=735_PSO,,
GEN=8_MEMBER=1545_PSO,GEN=7_MEMBER=1369_PSO,,
GEN=8_MEMBER=1547_PSO,GEN=1_MEMBER=133_PSO,,
GEN=8_MEMBER=1549_PSO,GEN=7_MEMBER=1379_PSO,,
GEN=8_MEMBER=1551_PSO,GEN=6_MEMBER=1191_PSO,,
GEN=8_MEMBER=1553_PSO,GEN=3_MEMBER=589_PSO,,
GEN=8_MEMBER=1555_PSO,GEN=6_MEMBER=1197_PSO,,
GEN=8_MEMBER=1557_PSO,GEN=7_MEMBER=1397_PSO,,
GEN=8_MEMBER=1559_PSO,GEN=4_MEMBER=803_PSO,,
GEN=8_MEMBER=1561_PSO,GEN=6_MEMBER=1241_PSO,,
GEN=8_MEMBER=1563_PSO,GEN=2_MEMBER=461_PSO,,
GEN=8_MEMBER=1565_PSO,GEN=1_MEMBER=187_PSO,,
GEN=8_MEMBER=1567_PSO,GEN=3_MEMBER=679_PSO,,
GEN=8_MEMBER=1569_PSO,GEN=5_MEMBER=965_PSO,,
GEN=8_MEMBER=1571_PSO,GEN=5_MEMBER=1039_PSO,,
GEN=8_MEMBER=1573_PSO,GEN=7_MEMBER=1377_PSO,,
GEN=8_MEMBER=1575_PSO,GEN=7_MEMBER=1355_PSO,,
GEN=8_MEMBER=1577_PSO,GEN=7_MEMBER=1391_PSO,,
GEN=8_MEMBER=1579_PSO,GEN=3_MEMBER=563_PSO,,
GEN=8_MEMBER=1581_PSO,GEN=7_MEMBER=1495_PSO,,
GEN=8_MEMBER=1583_PSO,GEN=7_MEMBER=1381_PSO,,
GEN=8_MEMBER=1585_PSO,GEN=5_MEMBER=1019_PSO,,
GEN=8_MEMBER=1587_PSO,GEN=7_MEMBER=1315_PSO,,
GEN=8_MEMBER=1589_PSO,GEN=7_MEMBER=1305_PSO,,
GEN=8_MEMBER=1591_PSO,GEN=7_MEMBER=1317_PSO,,
GEN=8_MEMBER=1593_PSO,GEN=7_MEMBER=1389_PSO,,
GEN=8_MEMBER=1595_PSO,GEN=6_MEMBER=1101_PSO,,
GEN=8_MEMBER=1597_PSO,GEN=4_MEMBER=727_PSO,,
GEN=8_MEMBER=1599_PSO,GEN=7_MEMBER=1311_PSO,,
GEN=8_MEMBER=1601_PSO,GEN=7_MEMBER=1433_PSO,,
GEN=8_MEMBER=1603_PSO,GEN=0_MEMBER=66,,
GEN=8_MEMBER=1605_PSO,GEN=7_MEMBER=1357_PSO,,
GEN=8_MEMBER=1607_PSO,GEN=6_MEMBER=1287_PSO,,
GEN=8_MEMBER=1609_PSO,GEN=7_MEMBER=1415_PSO,,
GEN=8_MEMBER=1611_PSO,GEN=5_MEMBER=1013_PSO,,
GEN=8_MEMBER=1613_PSO,GEN=2_MEMBER=415_PSO,,
GEN=8_MEMBER=1615_PSO,GEN=6_MEMBER=1175_PSO,,
GEN=8_MEMBER=1617_PSO,GEN=4_MEMBER=893_PSO,,
GEN=8_MEMBER=1619_PSO,GEN=0_MEMBER=36,,
GEN=8_MEMBER=1621_PSO,GEN=6_MEMBER=1195_PSO,,
GEN=8_MEMBER=1623_PSO,GEN=6_MEMBER=1107_PSO,,
GEN=8_MEMBER=1625_PSO,GEN=5_MEMBER=905_PSO,,
GEN=8_MEMBER=1627_PSO,GEN=7_MEMBER=1399_PSO,,
GEN=8_MEMBER=1629_PSO,GEN=7_MEMBER=1427_PSO,,
GEN=8_MEMBER=1631_PSO,GEN=7_MEMBER=1323_PSO,,
GEN=8_MEMBER=1633_PSO,GEN=7_MEMBER=1307_PSO,,
GEN=8_MEMBER=1635_PSO,GEN=5_MEMBER=1053_PSO,,
GEN=8_MEMBER=1637_PSO,GEN=3_MEMBER=517_PSO,,
GEN=8_MEMBER=1639_PSO,GEN=6_MEMBER=1275_PSO,,
GEN=8_MEMBER=1641_PSO,GEN=7_MEMBER=1363_PSO,,
GEN=8_MEMBER=1643_PSO,GEN=6_MEMBER=1253_PSO,,
GEN=8_MEMBER=1645_PSO,GEN=5_MEMBER=963_PSO,,
GEN=8_MEMBER=1647_PSO,GEN=6_MEMBER=1125_PSO,,
GEN=8_MEMBER=1649_PSO,GEN=6_MEMBER=1115_PSO,,
GEN=8_MEMBER=1651_PSO,GEN=5_MEMBER=901_PSO,,
GEN=8_MEMBER=1653_PSO,GEN=6_MEMBER=1103_PSO,,
GEN=8_MEMBER=1655_PSO,GEN=7_MEMBER=1435_PSO,,
GEN=8_MEMBER=1657_PSO,GEN=7_MEMBER=1309_PSO,,
GEN=8_MEMBER=1659_PSO,GEN=5_MEMBER=1075_PSO,,
GEN=8_MEMBER=1661_PSO,GEN=4_MEMBER=809_PSO,,
GEN=8_MEMBER=1663_PSO,GEN=2_MEMBER=491_PSO,,
GEN=8_MEMBER=1665_PSO,GEN=3_MEMBER=509_PSO,,
GEN=8_MEMBER=1667_PSO,GEN=1_MEMBER=163_PSO,,
GEN=8_MEMBER=1669_PSO,GEN=6_MEMBER=1187_PSO,,
GEN=8_MEMBER=1671_PSO,GEN=0_MEMBER=34,,
GEN=8_MEMBER=1673_PSO,GEN=1_MEMBER=105_PSO,,
GEN=8_MEMBER=1675_PSO,GEN=7_MEMBER=1303_PSO,,
GEN=8_MEMBER=1677_PSO,GEN=7_MEMBER=1345_PSO,,
GEN=8_MEMBER=1679_PSO,GEN=7_MEMBER=1329_PSO,,
GEN=8_MEMBER=1681_PSO,GEN=5_MEMBER=1047_PSO,,
GEN=8_MEMBER=1683_PSO,GEN=5_MEMBER=977_PSO,,
GEN=8_MEMBER=1685_PSO,GEN=7_MEMBER=1441_PSO,,
GEN=8_MEMBER=1687_PSO,GEN=3_MEMBER=673_PSO,,
GEN=8_MEMBER=1689_PSO,GEN=7_MEMBER=1405_PSO,,
GEN=8_MEMBER=1691_PSO,GEN=0_MEMBER=78,,
GEN=8_MEMBER=1693_PSO,GEN=7_MEMBER=1337_PSO,,
GEN=8_MEMBER=1695_PSO,GEN=6_MEMBER=1165_PSO,,
GEN=8_MEMBER=1697_PSO,GEN=5_MEMBER=1077_PSO,,
GEN=8_MEMBER=1699_PSO,GEN=1_MEMBER=157_PSO,,
GEN=9_MEMBER=1701_PSO,GEN=6_MEMBER=1261_PSO,,
GEN=9_MEMBER=1703_PSO,GEN=6_MEMBER=1237_PSO,,
GEN=9_MEMBER=1705_PSO,GEN=8_MEMBER=1633_PSO,,
GEN=9_MEMBER=1707_PSO,GEN=5_MEMBER=941_PSO,,
GEN=9_MEMBER=1709_PSO,GEN=6_MEMBER=1189_PSO,,
GEN=9_MEMBER=1711_PSO,GEN=2_MEMBER=479_PSO,,
GEN=9_MEMBER=1713_PSO,GEN=8_MEMBER=1595_PSO,,
GEN=9_MEMBER=1715_PSO,GEN=6_MEMBER=1157_PSO,,
GEN=9_MEMBER=1717_PSO,GEN=7_MEMBER=1423_PSO,,
GEN=9_MEMBER=1719_PSO,GEN=8_MEMBER=1631_PSO,,
GEN=9_MEMBER=1721_PSO,GEN=3_MEMBER=677_PSO,,
GEN=9_MEMBER=1723_PSO,GEN=6_MEMBER=1155_PSO,,
GEN=9_MEMBER=1725_PSO,GEN=8_MEMBER=1623_PSO,,
GEN=9_MEMBER=1727_PSO,GEN=8_MEMBER=1645_PSO,,
GEN=9_MEMBER=1729_PSO,GEN=7_MEMBER=1447_PSO,,
GEN=9_MEMBER=1731_PSO,GEN=8_MEMBER=1601_PSO,,
GEN=9_MEMBER=1733_PSO,GEN=4_MEMBER=731_PSO,,
GEN=9_MEMBER=1735_PSO,GEN=8_MEMBER=1587_PSO,,
GEN=9_MEMBER=1737_PSO,GEN=3_MEMBER=577_PSO,,
GEN=9_MEMBER=1739_PSO,GEN=3_MEMBER=531_PSO,,
GEN=9_MEMBER=1741_PSO,GEN=7_MEMBER=1445_PSO,,
GEN=9_MEMBER=1743_PSO,GEN=6_MEMBER=1173_PSO,,
GEN=9_MEMBER=1745_PSO,GEN=7_MEMBER=1393_PSO,,
GEN=9_MEMBER=1747_PSO,GEN=7_MEMBER=1409_PSO,,
GEN=9_MEMBER=1749_PSO,GEN=8_MEMBER=1573_PSO,,
GEN=9_MEMBER=1751_PSO,GEN=7_MEMBER=1395_PSO,,
GEN=9_MEMBER=1753_PSO,GEN=6_MEMBER=1243_PSO,,
GEN=9_MEMBER=1755_PSO,GEN=8_MEMBER=1657_PSO,,
GEN=9_MEMBER=1757_PSO,GEN=2_MEMBER=307_PSO,,
GEN=9_MEMBER=1759_PSO,GEN=8_MEMBER=1651_PSO,,
GEN=9_MEMBER=1761_PSO,GEN=7_MEMBER=1499_PSO,,
GEN=9_MEMBER=1763_PSO,GEN=8_MEMBER=1689_PSO,,
GEN=9_MEMBER=1765_PSO,GEN=4_MEMBER=735_PSO,,
GEN=9_MEMBER=1767_PSO,GEN=8_MEMBER=1685_PSO,,
GEN=9_MEMBER=1769_PSO,GEN=8_MEMBER=1605_PSO,,
GEN=9_MEMBER=1771_PSO,GEN=8_MEMBER=1669_PSO,,
GEN=9_MEMBER=1773_PSO,GEN=7_MEMBER=1369_PSO,,
GEN=9_MEMBER=1775_PSO,GEN=1_MEMBER=133_PSO,,
GEN=9_MEMBER=1777_PSO,GEN=7_MEMBER=1379_PSO,,
GEN=9_MEMBER=1779_PSO,GEN=6_MEMBER=1191_PSO,,
GEN=9_MEMBER=1781_PSO,GEN=8_MEMBER=1591_PSO,,
GEN=9_MEMBER=1783_PSO,GEN=3_MEMBER=589_PSO,,
GEN=9_MEMBER=1785_PSO,GEN=6_MEMBER=1197_PSO,,
GEN=9_MEMBER=1787_PSO,GEN=7_MEMBER=1397_PSO,,
GEN=9_MEMBER=1789_PSO,GEN=4_MEMBER=803_PSO,,
GEN=9_MEMBER=1791_PSO,GEN=8_MEMBER=1665_PSO,,
GEN=9_MEMBER=1793_PSO,GEN=8_MEMBER=1575_PSO,,
GEN=9_MEMBER=1795_PSO,GEN=8_MEMBER=1625_PSO,,
GEN=9_MEMBER=1797_PSO,GEN=6_MEMBER=1241_PSO,,
GEN=9_MEMBER=1799_PSO,GEN=2_MEMBER=461_PSO,,
GEN=9_MEMBER=1801_PSO,GEN=8_MEMBER=1695_PSO,,
GEN=9_MEMBER=1803_PSO,GEN=8_MEMBER=1599_PSO,,
GEN=9_MEMBER=1805_PSO,GEN=8_MEMBER=1677_PSO,,
GEN=9_MEMBER=1807_PSO,GEN=1_MEMBER=187_PSO,,
GEN=9_MEMBER=1809_PSO,GEN=3_MEMBER=679_PSO,,
GEN=9_MEMBER=1811_PSO,GEN=8_MEMBER=1545_PSO,,
GEN=9_MEMBER=1813_PSO,GEN=8_MEMBER=1589_PSO,,
GEN=9_MEMBER=1815_PSO,GEN=5_MEMBER=965_PSO,,
GEN=9_MEMBER=1817_PSO,GEN=5_MEMBER=1039_PSO,,
GEN=9_MEMBER=1819_PSO,GEN=7_MEMBER=1377_PSO,,
GEN=9_MEMBER=1821_PSO,GEN=8_MEMBER=1557_PSO,,
GEN=9_MEMBER=1823_PSO,GEN=8_MEMBER=1647_PSO,,
GEN=9_MEMBER=1825_PSO,GEN=8_MEMBER=1549_PSO,,
GEN=9_MEMBER=1827_PSO,GEN=7_MEMBER=1355_PSO,,
GEN=9_MEMBER=1829_PSO,GEN=7_MEMBER=1391_PSO,,
GEN=9_MEMBER=1831_PSO,GEN=3_MEMBER=563_PSO,,
GEN=9_MEMBER=1833_PSO,GEN=7_MEMBER=1495_PSO,,
GEN=9_MEMBER=1835_PSO,GEN=8_MEMBER=1679_PSO,,
GEN=9_MEMBER=1837_PSO,GEN=8_MEMBER=1593_PSO,,
GEN=9_MEMBER=1839_PSO,GEN=7_MEMBER=1381_PSO,,
GEN=9_MEMBER=1841_PSO,GEN=5_MEMBER=1019_PSO,,
GEN=9_MEMBER=1843_PSO,GEN=7_MEMBER=1315_PSO,,
GEN=9_MEMBER=1845_PSO,GEN=8_MEMBER=1517_PSO,,
GEN=9_MEMBER=1847_PSO,GEN=7_MEMBER=1305_PSO,,
GEN=9_MEMBER=1849_PSO,GEN=8_MEMBER=1505_PSO,,
GEN=9_MEMBER=1851_PSO,GEN=7_MEMBER=1317_PSO,,
GEN=9_MEMBER=1853_PSO,GEN=7_MEMBER=1389_PSO,,
GEN=9_MEMBER=1855_PSO,GEN=8_MEMBER=1511_PSO,,
GEN=9_MEMBER=1857_PSO,GEN=6_MEMBER=1101_PSO,,
GEN=9_MEMBER=1859_PSO,GEN=8_MEMBER=1543_PSO,,
GEN=9_MEMBER=1861_PSO,GEN=8_MEMBER=1693_PSO,,
GEN=9_MEMBER=1863_PSO,GEN=8_MEMBER=1649_PSO,,
GEN=9_MEMBER=1865_PSO,GEN=8_MEMBER=1535_PSO,,
GEN=9_MEMBER=1867_PSO,GEN=4_MEMBER=727_PSO,,
GEN=9_MEMBER=1869_PSO,GEN=7_MEMBER=1311_PSO,,
GEN=9_MEMBER=1871_PSO,GEN=7_MEMBER=1433_PSO,,
GEN=9_MEMBER=1873_PSO,GEN=0_MEMBER=66,,
GEN=9_MEMBER=1875_PSO,GEN=8_MEMBER=1521_PSO,,
GEN=9_MEMBER=1877_PSO,GEN=8_MEMBER=1519_PSO,,
GEN=9_MEMBER=1879_PSO,GEN=7_MEMBER=1357_PSO,,
GEN=9_MEMBER=1881_PSO,GEN=6_MEMBER=1287_PSO,,
GEN=9_MEMBER=1883_PSO,GEN=7_MEMBER=1415_PSO,,
GEN=9_MEMBER=1885_PSO,GEN=5_MEMBER=1013_PSO,,
GEN=9_MEMBER=1887_PSO,GEN=2_MEMBER=415_PSO,,
GEN=9_MEMBER=1889_PSO,GEN=8_MEMBER=1577_PSO,,
GEN=9_MEMBER=1891_PSO,GEN=6_MEMBER=1175_PSO,,
GEN=9_MEMBER=1893_PSO,GEN=4_MEMBER=893_PSO,,
GEN=9_MEMBER=1895_PSO,GEN=0_MEMBER=36,,
GEN=9_MEMBER=1897_PSO,GEN=6_MEMBER=1195_PSO,,
GEN=9_MEMBER=1899_PSO,GEN=8_MEMBER=1533_PSO,,
GEN=10_MEMBER=1901_PSO,GEN=6_MEMBER=1261_PSO,,
GEN=10_MEMBER=1903_PSO,GEN=9_MEMBER=1869_PSO,,
GEN=10_MEMBER=1905_PSO,GEN=9_MEMBER=1855_PSO,,
GEN=10_MEMBER=1907_PSO,GEN=9_MEMBER=1871_PSO,,
GEN=10_MEMBER=1909_PSO,GEN=6_MEMBER=1237_PSO,,
GEN=10_MEMBER=1911_PSO,GEN=8_MEMBER=1633_PSO,,
GEN=10_MEMBER=1913_PSO,GEN=5_MEMBER=941_PSO,,
GEN=10_MEMBER=1915_PSO,GEN=6_MEMBER=1189_PSO,,
GEN=10_MEMBER=1917_PSO,GEN=2_MEMBER=479_PSO,,
GEN=10_MEMBER=1919_PSO,GEN=8_MEMBER=1595_PSO,,
GEN=10_MEMBER=1921_PSO,GEN=9_MEMBER=1773_PSO,,
GEN=10_MEMBER=1923_PSO,GEN=6_MEMBER=1157_PSO,,
GEN=10_MEMBER=1925_PSO,GEN=7_MEMBER=1423_PSO,,
GEN=10_MEMBER=1927_PSO,GEN=8_MEMBER=1631_PSO,,
GEN=10_MEMBER=1929_PSO,GEN=3_MEMBER=677_PSO,,
GEN=10_MEMBER=1931_PSO,GEN=9_MEMBER=1793_PSO,,
GEN=10_MEMBER=1933_PSO,GEN=6_MEMBER=1155_PSO,,
GEN=10_MEMBER=1935_PSO,GEN=8_MEMBER=1623_PSO,,
GEN=10_MEMBER=1937_PSO,GEN=9_MEMBER=1749_PSO,,
GEN=10_MEMBER=1939_PSO,GEN=8_MEMBER=1645_PSO,,
GEN=10_MEMBER=1941_PSO,GEN=7_MEMBER=1447_PSO,,
GEN=10_MEMBER=1943_PSO,GEN=9_MEMBER=1863_PSO,,
GEN=10_MEMBER=1945_PSO,GEN=8_MEMBER=1601_PSO,,
GEN=10_MEMBER=1947_PSO,GEN=4_MEMBER=731_PSO,,
GEN=10_MEMBER=1949_PSO,GEN=9_MEMBER=1805_PSO,,
GEN=10_MEMBER=1951_PSO,GEN=9_MEMBER=1813_PSO,,
GEN=10_MEMBER=1953_PSO,GEN=8_MEMBER=1587_PSO,,
GEN=10_MEMBER=1955_PSO,GEN=9_MEMBER=1843_PSO,,
GEN=10_MEMBER=1957_PSO,GEN=3_MEMBER=577_PSO,,
GEN=10_MEMBER=1959_PSO,GEN=9_MEMBER=1811_PSO,,
GEN=10_MEMBER=1961_PSO,GEN=9_MEMBER=1823_PSO,,
GEN=10_MEMBER=1963_PSO,GEN=9_MEMBER=1875_PSO,,
GEN=10_MEMBER=1965_PSO,GEN=9_MEMBER=1787_PSO,,
GEN=10_MEMBER=1967_PSO,GEN=3_MEMBER=531_PSO,,
GEN=10_MEMBER=1969_PSO,GEN=7_MEMBER=1445_PSO,,
GEN=10_MEMBER=1971_PSO,GEN=6_MEMBER=1173_PSO,,
GEN=10_MEMBER=1973_PSO,GEN=7_MEMBER=1393_PSO,,
GEN=10_MEMBER=1975_PSO,GEN=7_MEMBER=1409_PSO,,
GEN=10_MEMBER=1977_PSO,GEN=8_MEMBER=1573_PSO,,
GEN=10_MEMBER=1979_PSO,GEN=7_MEMBER=1395_PSO,,
GEN=10_MEMBER=1981_PSO,GEN=6_MEMBER=1243_PSO,,
GEN=10_MEMBER=1983_PSO,GEN=8_MEMBER=1657_PSO,,
GEN=10_MEMBER=1985_PSO,GEN=2_MEMBER=307_PSO,,
GEN=10_MEMBER=1987_PSO,GEN=8_MEMBER=1651_PSO,,
GEN=10_MEMBER=1989_PSO,GEN=9_MEMBER=1877_PSO,,
GEN=10_MEMBER=1991_PSO,GEN=9_MEMBER=1795_PSO,,
GEN=10_MEMBER=1993_PSO,GEN=7_MEMBER=1499_PSO,,
GEN=10_MEMBER=1995_PSO,GEN=8_MEMBER=1689_PSO,,
GEN=10_MEMBER=1997_PSO,GEN=4_MEMBER=735_PSO,,
GEN=10_MEMBER=1999_PSO,GEN=8_MEMBER=1685_PSO,,
GEN=10_MEMBER=2001_PSO,GEN=8_MEMBER=1605_PSO,,
GEN=10_MEMBER=2003_PSO,GEN=8_MEMBER=1669_PSO,,
GEN=10_MEMBER=2005_PSO,GEN=9_MEMBER=1777_PSO,,
GEN=10_MEMBER=2007_PSO,GEN=7_MEMBER=1369_PSO,,
GEN=10_MEMBER=2009_PSO,GEN=9_MEMBER=1857_PSO,,
GEN=10_MEMBER=2011_PSO,GEN=9_MEMBER=1769_PSO,,
GEN=10_MEMBER=2013_PSO,GEN=1_MEMBER=133_PSO,,
GEN=10_MEMBER=2015_PSO,GEN=7_MEMBER=1379_PSO,,
GEN=10_MEMBER=2017_PSO,GEN=9_MEMBER=1735_PSO,,
GEN=10_MEMBER=2019_PSO,GEN=6_MEMBER=1191_PSO,,
GEN=10_MEMBER=2021_PSO,GEN=8_MEMBER=1591_PSO,,
GEN=10_MEMBER=2023_PSO,GEN=3_MEMBER=589_PSO,,
GEN=10_MEMBER=2025_PSO,GEN=9_MEMBER=1731_PSO,,
GEN=10_MEMBER=2027_PSO,GEN=6_MEMBER=1197_PSO,,
GEN=10_MEMBER=2029_PSO,GEN=7_MEMBER=1397_PSO,,
GEN=10_MEMBER=2031_PSO,GEN=4_MEMBER=803_PSO,,
GEN=10_MEMBER=2033_PSO,GEN=8_MEMBER=1665_PSO,,
GEN=10_MEMBER=2035_PSO,GEN=9_MEMBER=1851_PSO,,
GEN=10_MEMBER=2037_PSO,GEN=9_MEMBER=1713_PSO,,
GEN=10_MEMBER=2039_PSO,GEN=8_MEMBER=1575_PSO,,
GEN=10_MEMBER=2041_PSO,GEN=9_MEMBER=1899_PSO,,
GEN=10_MEMBER=2043_PSO,GEN=9_MEMBER=1859_PSO,,
GEN=10_MEMBER=2045_PSO,GEN=9_MEMBER=1889_PSO,,
GEN=10_MEMBER=2047_PSO,GEN=9_MEMBER=1725_PSO,,
GEN=10_MEMBER=2049_PSO,GEN=8_MEMBER=1625_PSO,,
GEN=10_MEMBER=2051_PSO,GEN=9_MEMBER=1849_PSO,,
GEN=10_MEMBER=2053_PSO,GEN=6_MEMBER=1241_PSO,,
GEN=10_MEMBER=2055_PSO,GEN=2_MEMBER=461_PSO,,
GEN=10_MEMBER=2057_PSO,GEN=9_MEMBER=1819_PSO,,
GEN=10_MEMBER=2059_PSO,GEN=8_MEMBER=1695_PSO,,
GEN=10_MEMBER=2061_PSO,GEN=8_MEMBER=1599_PSO,,
GEN=10_MEMBER=2063_PSO,GEN=8_MEMBER=1677_PSO,,
GEN=10_MEMBER=2065_PSO,GEN=1_MEMBER=187_PSO,,
GEN=10_MEMBER=2067_PSO,GEN=9_MEMBER=1829_PSO,,
GEN=10_MEMBER=2069_PSO,GEN=3_MEMBER=679_PSO,,
GEN=10_MEMBER=2071_PSO,GEN=9_MEMBER=1853_PSO,,
GEN=10_MEMBER=2073_PSO,GEN=8_MEMBER=1545_PSO,,
GEN=10_MEMBER=2075_PSO,GEN=8_MEMBER=1589_PSO,,
GEN=10_MEMBER=2077_PSO,GEN=5_MEMBER=965_PSO,,
GEN=10_MEMBER=2079_PSO,GEN=9_MEMBER=1781_PSO,,
GEN=10_MEMBER=2081_PSO,GEN=5_MEMBER=1039_PSO,,
GEN=10_MEMBER=2083_PSO,GEN=7_MEMBER=1377_PSO,,
GEN=10_MEMBER=2085_PSO,GEN=8_MEMBER=1557_PSO,,
GEN=10_MEMBER=2087_PSO,GEN=8_MEMBER=1647_PSO,,
GEN=10_MEMBER=2089_PSO,GEN=9_MEMBER=1845_PSO,,
GEN=10_MEMBER=2091_PSO,GEN=8_MEMBER=1549_PSO,,
GEN=10_MEMBER=2093_PSO,GEN=7_MEMBER=1355_PSO,,
GEN=10_MEMBER=2095_PSO,GEN=9_MEMBER=1879_PSO,,
GEN=10_MEMBER=2097_PSO,GEN=9_MEMBER=1705_PSO,,
GEN=10_MEMBER=2099_PSO,GEN=9_MEMBER=1723_PSO,,
GEN=11_MEMBER=2101_PSO,GEN=6_MEMBER=1261_PSO,,
GEN=11_MEMBER=2103_PSO,GEN=9_MEMBER=1869_PSO,,
GEN=11_MEMBER=2105_PSO,GEN=9_MEMBER=1855_PSO,,
GEN=11_MEMBER=2107_PSO,GEN=9_MEMBER=1871_PSO,,
GEN=11_MEMBER=2109_PSO,GEN=6_MEMBER=1237_PSO,,
GEN=11_MEMBER=2111_PSO,GEN=8_MEMBER=1633_PSO,,
GEN=11_MEMBER=2113_PSO,GEN=5_MEMBER=941_PSO,,
GEN=11_MEMBER=2115_PSO,GEN=6_MEMBER=1189_PSO,,
GEN=11_MEMBER=2117_PSO,GEN=2_MEMBER=479_PSO,,
GEN=11_MEMBER=2119_PSO,GEN=8_MEMBER=1595_PSO,,
GEN=11_MEMBER=2121_PSO,GEN=10_MEMBER=2049_PSO,,
GEN=11_MEMBER=2123_PSO,GEN=9_MEMBER=1773_PSO,,
GEN=11_MEMBER=2125_PSO,GEN=6_MEMBER=1157_PSO,,
GEN=11_MEMBER=2127_PSO,GEN=7_MEMBER=1423_PSO,,
GEN=11_MEMBER=2129_PSO,GEN=8_MEMBER=1631_PSO,,
GEN=11_MEMBER=2131_PSO,GEN=3_MEMBER=677_PSO,,
GEN=11_MEMBER=2133_PSO,GEN=10_MEMBER=2007_PSO,,
GEN=11_MEMBER=2135_PSO,GEN=9_MEMBER=1793_PSO,,
GEN=11_MEMBER=2137_PSO,GEN=6_MEMBER=1155_PSO,,
GEN=11_MEMBER=2139_PSO,GEN=8_MEMBER=1623_PSO,,
GEN=11_MEMBER=2141_PSO,GEN=9_MEMBER=1749_PSO,,
GEN=11_MEMBER=2143_PSO,GEN=8_MEMBER=1645_PSO,,
GEN=11_MEMBER=2145_PSO,GEN=7_MEMBER=1447_PSO,,
GEN=11_MEMBER=2147_PSO,GEN=9_MEMBER=1863_PSO,,
GEN=11_MEMBER=2149_PSO,GEN=10_MEMBER=2015_PSO,,
GEN=11_MEMBER=2151_PSO,GEN=8_MEMBER=1601_PSO,,
GEN=11_MEMBER=2153_PSO,GEN=4_MEMBER=731_PSO,,
GEN=11_MEMBER=2155_PSO,GEN=9_MEMBER=1805_PSO,,
GEN=11_MEMBER=2157_PSO,GEN=9_MEMBER=1813_PSO,,
GEN=11_MEMBER=2159_PSO,GEN=8_MEMBER=1587_PSO,,
GEN=11_MEMBER=2161_PSO,GEN=9_MEMBER=1843_PSO,,
GEN=11_MEMBER=2163_PSO,GEN=10_MEMBER=1951_PSO,,
GEN=11_MEMBER=2165_PSO,GEN=3_MEMBER=577_PSO,,
GEN=11_MEMBER=2167_PSO,GEN=10_MEMBER=2097_PSO,,
GEN=11_MEMBER=2169_PSO,GEN=9_MEMBER=1811_PSO,,
GEN=11_MEMBER=2171_PSO,GEN=9_MEMBER=1823_PSO,,
GEN=11_MEMBER=2173_PSO,GEN=9_MEMBER=1875_PSO,,
GEN=11_MEMBER=2175_PSO,GEN=9_MEMBER=1787_PSO,,
GEN=11_MEMBER=2177_PSO,GEN=10_MEMBER=1937_PSO,,
GEN=11_MEMBER=2179_PSO,GEN=3_MEMBER=531_PSO,,
GEN=11_MEMBER=2181_PSO,GEN=7_MEMBER=1445_PSO,,
GEN=11_MEMBER=2183_PSO,GEN=6_MEMBER=1173_PSO,,
GEN=11_MEMBER=2185_PSO,GEN=7_MEMBER=1393_PSO,,
GEN=11_MEMBER=2187_PSO,GEN=7_MEMBER=1409_PSO,,
GEN=11_MEMBER=2189_PSO,GEN=10_MEMBER=1977_PSO,,
GEN=11_MEMBER=2191_PSO,GEN=10_MEMBER=2075_PSO,,
GEN=11_MEMBER=2193_PSO,GEN=10_MEMBER=2089_PSO,,
GEN=11_MEMBER=2195_PSO,GEN=8_MEMBER=1573_PSO,,
GEN=11_MEMBER=2197_PSO,GEN=10_MEMBER=2079_PSO,,
GEN=11_MEMBER=2199_PSO,GEN=10_MEMBER=2011_PSO,,
GEN=11_MEMBER=2201_PSO,GEN=10_MEMBER=2087_PSO,,
GEN=11_MEMBER=2203_PSO,GEN=7_MEMBER=1395_PSO,,
GEN=11_MEMBER=2205_PSO,GEN=10_MEMBER=2063_PSO,,
GEN=11_MEMBER=2207_PSO,GEN=10_MEMBER=2039_PSO,,
GEN=11_MEMBER=2209_PSO,GEN=10_MEMBER=2091_PSO,,
GEN=11_MEMBER=2211_PSO,GEN=10_MEMBER=2035_PSO,,
GEN=11_MEMBER=2213_PSO,GEN=6_MEMBER=1243_PSO,,
GEN=11_MEMBER=2215_PSO,GEN=10_MEMBER=1989_PSO,,
GEN=11_MEMBER=2217_PSO,GEN=10_MEMBER=2029_PSO,,
GEN=11_MEMBER=2219_PSO,GEN=8_MEMBER=1657_PSO,,
GEN=11_MEMBER=2221_PSO,GEN=2_MEMBER=307_PSO,,
GEN=11_MEMBER=2223_PSO,GEN=10_MEMBER=2017_PSO,,
GEN=11_MEMBER=2225_PSO,GEN=8_MEMBER=1651_PSO,,
GEN=11_MEMBER=2227_PSO,GEN=9_MEMBER=1877_PSO,,
GEN=11_MEMBER=2229_PSO,GEN=10_MEMBER=1949_PSO,,
GEN=11_MEMBER=2231_PSO,GEN=10_MEMBER=1953_PSO,,
GEN=11_MEMBER=2233_PSO,GEN=10_MEMBER=1945_PSO,,
GEN=11_MEMBER=2235_PSO,GEN=9_MEMBER=1795_PSO,,
GEN=11_MEMBER=2237_PSO,GEN=7_MEMBER=1499_PSO,,
GEN=11_MEMBER=2239_PSO,GEN=10_MEMBER=1921_PSO,,
GEN=11_MEMBER=2241_PSO,GEN=10_MEMBER=2037_PSO,,
GEN=11_MEMBER=2243_PSO,GEN=8_MEMBER=1689_PSO,,
GEN=11_MEMBER=2245_PSO,GEN=4_MEMBER=735_PSO,,
GEN=11_MEMBER=2247_PSO,GEN=8_MEMBER=1685_PSO,,
GEN=11_MEMBER=2249_PSO,GEN=10_MEMBER=2005_PSO,,
GEN=11_MEMBER=2251_PSO,GEN=10_MEMBER=1959_PSO,,
GEN=11_MEMBER=2253_PSO,GEN=8_MEMBER=1605_PSO,,
GEN=11_MEMBER=2255_PSO,GEN=8_MEMBER=1669_PSO,,
GEN=11_MEMBER=2257_PSO,GEN=9_MEMBER=1777_PSO,,
GEN=11_MEMBER=2259_PSO,GEN=10_MEMBER=1931_PSO,,
GEN=11_MEMBER=2261_PSO,GEN=7_MEMBER=1369_PSO,,
GEN=11_MEMBER=2263_PSO,GEN=9_MEMBER=1857_PSO,,
GEN=11_MEMBER=2265_PSO,GEN=10_MEMBER=1965_PSO,,
GEN=11_MEMBER=2267_PSO,GEN=9_MEMBER=1769_PSO,,
GEN=11_MEMBER=2269_PSO,GEN=1_MEMBER=133_PSO,,
GEN=11_MEMBER=2271_PSO,GEN=10_MEMBER=1955_PSO,,
GEN=11_MEMBER=2273_PSO,GEN=7_MEMBER=1379_PSO,,
GEN=11_MEMBER=2275_PSO,GEN=9_MEMBER=1735_PSO,,
GEN=11_MEMBER=2277_PSO,GEN=6_MEMBER=1191_PSO,,
GEN=11_MEMBER=2279_PSO,GEN=10_MEMBER=2085_PSO,,
GEN=11_MEMBER=2281_PSO,GEN=8_MEMBER=1591_PSO,,
GEN=11_MEMBER=2283_PSO,GEN=3_MEMBER=589_PSO,,
GEN=11_MEMBER=2285_PSO,GEN=10_MEMBER=1935_PSO,,
GEN=11_MEMBER=2287_PSO,GEN=9_MEMBER=1731_PSO,,
GEN=11_MEMBER=2289_PSO,GEN=6_MEMBER=1197_PSO,,
GEN=11_MEMBER=2291_PSO,GEN=7_MEMBER=1397_PSO,,
GEN=11_MEMBER=2293_PSO,GEN=10_MEMBER=1919_PSO,,
GEN=11_MEMBER=2295_PSO,GEN=4_MEMBER=803_PSO,,
GEN=11_MEMBER=2297_PSO,GEN=10_MEMBER=1961_PSO,,
GEN=11_MEMBER=2299_PSO,GEN=10_MEMBER=2095_PSO,,
GEN=12_MEMBER=2301_PSO,GEN=6_MEMBER=1261_PSO,,
GEN=12_MEMBER=2303_PSO,GEN=9_MEMBER=1869_PSO,,
GEN=12_MEMBER=2305_PSO,GEN=9_MEMBER=1855_PSO,,
GEN=12_MEMBER=2307_PSO,GEN=9_MEMBER=1871_PSO,,
GEN=12_MEMBER=2309_PSO,GEN=11_MEMBER=2261_PSO,,
GEN=12_MEMBER=2311_PSO,GEN=6_MEMBER=1237_PSO,,
GEN=12_MEMBER=2313_PSO,GEN=8_MEMBER=1633_PSO,,
GEN=12_MEMBER=2315_PSO,GEN=5_MEMBER=941_PSO,,
GEN=12_MEMBER=2317_PSO,GEN=6_MEMBER=1189_PSO,,
GEN=12_MEMBER=2319_PSO,GEN=11_MEMBER=2275_PSO,,
GEN=12_MEMBER=2321_PSO,GEN=2_MEMBER=479_PSO,,
GEN=12_MEMBER=2323_PSO,GEN=11_MEMBER=2207_PSO,,
GEN=12_MEMBER=2325_PSO,GEN=11_MEMBER=2209_PSO,,
GEN=12_MEMBER=2327_PSO,GEN=8_MEMBER=1595_PSO,,
GEN=12_MEMBER=2329_PSO,GEN=11_MEMBER=2293_PSO,,
GEN=12_MEMBER=2331_PSO,GEN=10_MEMBER=2049_PSO,,
GEN=12_MEMBER=2333_PSO,GEN=9_MEMBER=1773_PSO,,
GEN=12_MEMBER=2335_PSO,GEN=6_MEMBER=1157_PSO,,
GEN=12_MEMBER=2337_PSO,GEN=11_MEMBER=2263_PSO,,
GEN=12_MEMBER=2339_PSO,GEN=7_MEMBER=1423_PSO,,
GEN=12_MEMBER=2341_PSO,GEN=8_MEMBER=1631_PSO,,
GEN=12_MEMBER=2343_PSO,GEN=11_MEMBER=2251_PSO,,
GEN=12_MEMBER=2345_PSO,GEN=11_MEMBER=2211_PSO,,
GEN=12_MEMBER=2347_PSO,GEN=3_MEMBER=677_PSO,,
GEN=12_MEMBER=2349_PSO,GEN=10_MEMBER=2007_PSO,,
GEN=12_MEMBER=2351_PSO,GEN=9_MEMBER=1793_PSO,,
GEN=12_MEMBER=2353_PSO,GEN=6_MEMBER=1155_PSO,,
GEN=12_MEMBER=2355_PSO,GEN=8_MEMBER=1623_PSO,,
GEN=12_MEMBER=2357_PSO,GEN=9_MEMBER=1749_PSO,,
GEN=12_MEMBER=2359_PSO,GEN=8_MEMBER=1645_PSO,,
GEN=12_MEMBER=2361_PSO,GEN=7_MEMBER=1447_PSO,,
GEN=12_MEMBER=2363_PSO,GEN=9_MEMBER=1863_PSO,,
GEN=12_MEMBER=2365_PSO,GEN=10_MEMBER=2015_PSO,,
GEN=12_MEMBER=2367_PSO,GEN=8_MEMBER=1601_PSO,,
GEN=12_MEMBER=2369_PSO,GEN=4_MEMBER=731_PSO,,
GEN=12_MEMBER=2371_PSO,GEN=11_MEMBER=2141_PSO,,
GEN=12_MEMBER=2373_PSO,GEN=11_MEMBER=2195_PSO,,
GEN=12_MEMBER=2375_PSO,GEN=9_MEMBER=1805_PSO,,
GEN=12_MEMBER=2377_PSO,GEN=9_MEMBER=1813_PSO,,
GEN=12_MEMBER=2379_PSO,GEN=8_MEMBER=1587_PSO,,
GEN=12_MEMBER=2381_PSO,GEN=11_MEMBER=2259_PSO,,
GEN=12_MEMBER=2383_PSO,GEN=9_MEMBER=1843_PSO,,
GEN=12_MEMBER=2385_PSO,GEN=11_MEMBER=2163_PSO,,
GEN=12_MEMBER=2387_PSO,GEN=11_MEMBER=2249_PSO,,
GEN=12_MEMBER=2389_PSO,GEN=10_MEMBER=1951_PSO,,
GEN=12_MEMBER=2391_PSO,GEN=3_MEMBER=577_PSO,,
GEN=12_MEMBER=2393_PSO,GEN=10_MEMBER=2097_PSO,,
GEN=12_MEMBER=2395_PSO,GEN=9_MEMBER=1811_PSO,,
GEN=12_MEMBER=2397_PSO,GEN=9_MEMBER=1823_PSO,,
GEN=12_MEMBER=2399_PSO,GEN=9_MEMBER=1875_PSO,,
GEN=12_MEMBER=2401_PSO,GEN=9_MEMBER=1787_PSO,,
GEN=12_MEMBER=2403_PSO,GEN=10_MEMBER=1937_PSO,,
GEN=12_MEMBER=2405_PSO,GEN=3_MEMBER=531_PSO,,
GEN=12_MEMBER=2407_PSO,GEN=7_MEMBER=1445_PSO,,
GEN=12_MEMBER=2409_PSO,GEN=6_MEMBER=1173_PSO,,
GEN=12_MEMBER=2411_PSO,GEN=7_MEMBER=1393_PSO,,
GEN=12_MEMBER=2413_PSO,GEN=7_MEMBER=1409_PSO,,
GEN=12_MEMBER=2415_PSO,GEN=11_MEMBER=2177_PSO,,
GEN=12_MEMBER=2417_PSO,GEN=11_MEMBER=2157_PSO,,
GEN=12_MEMBER=2419_PSO,GEN=10_MEMBER=1977_PSO,,
GEN=12_MEMBER=2421_PSO,GEN=10_MEMBER=2075_PSO,,
GEN=12_MEMBER=2423_PSO,GEN=10_MEMBER=2089_PSO,,
GEN=12_MEMBER=2425_PSO,GEN=8_MEMBER=1573_PSO,,
GEN=12_MEMBER=2427_PSO,GEN=10_MEMBER=2079_PSO,,
GEN=12_MEMBER=2429_PSO,GEN=11_MEMBER=2199_PSO,,
GEN=12_MEMBER=2431_PSO,GEN=10_MEMBER=2011_PSO,,
GEN=12_MEMBER=2433_PSO,GEN=11_MEMBER=2133_PSO,,
GEN=12_MEMBER=2435_PSO,GEN=10_MEMBER=2087_PSO,,
GEN=12_MEMBER=2437_PSO,GEN=11_MEMBER=2243_PSO,,
GEN=12_MEMBER=2439_PSO,GEN=11_MEMBER=2123_PSO,,
GEN=12_MEMBER=2441_PSO,GEN=7_MEMBER=1395_PSO,,
GEN=12_MEMBER=2443_PSO,GEN=11_MEMBER=2225_PSO,,
GEN=12_MEMBER=2445_PSO,GEN=11_MEMBER=2229_PSO,,
GEN=12_MEMBER=2447_PSO,GEN=10_MEMBER=2063_PSO,,
GEN=12_MEMBER=2449_PSO,GEN=11_MEMBER=2231_PSO,,
GEN=12_MEMBER=2451_PSO,GEN=10_MEMBER=2039_PSO,,
GEN=12_MEMBER=2453_PSO,GEN=10_MEMBER=2091_PSO,,
GEN=12_MEMBER=2455_PSO,GEN=11_MEMBER=2121_PSO,,
GEN=12_MEMBER=2457_PSO,GEN=11_MEMBER=2279_PSO,,
GEN=12_MEMBER=2459_PSO,GEN=10_MEMBER=2035_PSO,,
GEN=12_MEMBER=2461_PSO,GEN=6_MEMBER=1243_PSO,,
GEN=12_MEMBER=2463_PSO,GEN=10_MEMBER=1989_PSO,,
GEN=12_MEMBER=2465_PSO,GEN=11_MEMBER=2149_PSO,,
GEN=12_MEMBER=2467_PSO,GEN=11_MEMBER=2191_PSO,,
GEN=12_MEMBER=2469_PSO,GEN=10_MEMBER=2029_PSO,,
GEN=12_MEMBER=2471_PSO,GEN=8_MEMBER=1657_PSO,,
GEN=12_MEMBER=2473_PSO,GEN=11_MEMBER=2239_PSO,,
GEN=12_MEMBER=2475_PSO,GEN=2_MEMBER=307_PSO,,
GEN=12_MEMBER=2477_PSO,GEN=10_MEMBER=2017_PSO,,
GEN=12_MEMBER=2479_PSO,GEN=8_MEMBER=1651_PSO,,
GEN=12_MEMBER=2481_PSO,GEN=9_MEMBER=1877_PSO,,
GEN=12_MEMBER=2483_PSO,GEN=10_MEMBER=1949_PSO,,
GEN=12_MEMBER=2485_PSO,GEN=11_MEMBER=2267_PSO,,
GEN=12_MEMBER=2487_PSO,GEN=10_MEMBER=1953_PSO,,
GEN=12_MEMBER=2489_PSO,GEN=11_MEMBER=2159_PSO,,
GEN=12_MEMBER=2491_PSO,GEN=11_MEMBER=2215_PSO,,
GEN=12_MEMBER=2493_PSO,GEN=10_MEMBER=1945_PSO,,
GEN=12_MEMBER=2495_PSO,GEN=9_MEMBER=1795_PSO,,
GEN=12_MEMBER=2497_PSO,GEN=7_MEMBER=1499_PSO,,
GEN=12_MEMBER=2499_PSO,GEN=10_MEMBER=1921_PSO,,
GEN=13_MEMBER=2501_PSO,GEN=12_MEMBER=2449_PSO,,
GEN=13_MEMBER=2503_PSO,GEN=12_MEMBER=2371_PSO,,
GEN=13_MEMBER=2505_PSO,GEN=6_MEMBER=1261_PSO,,
GEN=13_MEMBER=2507_PSO,GEN=9_MEMBER=1869_PSO,,
GEN=13_MEMBER=2509_PSO,GEN=9_MEMBER=1855_PSO,,
GEN=13_MEMBER=2511_PSO,GEN=12_MEMBER=2493_PSO,,
GEN=13_MEMBER=2513_PSO,GEN=9_MEMBER=1871_PSO,,
GEN=13_MEMBER=2515_PSO,GEN=11_MEMBER=2261_PSO,,
GEN=13_MEMBER=2517_PSO,GEN=6_MEMBER=1237_PSO,,
GEN=13_MEMBER=2519_PSO,GEN=8_MEMBER=1633_PSO,,
GEN=13_MEMBER=2521_PSO,GEN=5_MEMBER=941_PSO,,
GEN=13_MEMBER=2523_PSO,GEN=6_MEMBER=1189_PSO,,
GEN=13_MEMBER=2525_PSO,GEN=11_MEMBER=2275_PSO,,
GEN=13_MEMBER=2527_PSO,GEN=2_MEMBER=479_PSO,,
GEN=13_MEMBER=2529_PSO,GEN=11_MEMBER=2207_PSO,,
GEN=13_MEMBER=2531_PSO,GEN=11_MEMBER=2209_PSO,,
GEN=13_MEMBER=2533_PSO,GEN=8_MEMBER=1595_PSO,,
GEN=13_MEMBER=2535_PSO,GEN=12_MEMBER=2429_PSO,,
GEN=13_MEMBER=2537_PSO,GEN=11_MEMBER=2293_PSO,,
GEN=13_MEMBER=2539_PSO,GEN=10_MEMBER=2049_PSO,,
GEN=13_MEMBER=2541_PSO,GEN=9_MEMBER=1773_PSO,,
GEN=13_MEMBER=2543_PSO,GEN=6_MEMBER=1157_PSO,,
GEN=13_MEMBER=2545_PSO,GEN=11_MEMBER=2263_PSO,,
GEN=13_MEMBER=2547_PSO,GEN=7_MEMBER=1423_PSO,,
GEN=13_MEMBER=2549_PSO,GEN=8_MEMBER=1631_PSO,,
GEN=13_MEMBER=2551_PSO,GEN=11_MEMBER=2251_PSO,,
GEN=13_MEMBER=2553_PSO,GEN=12_MEMBER=2459_PSO,,
GEN=13_MEMBER=2555_PSO,GEN=11_MEMBER=2211_PSO,,
GEN=13_MEMBER=2557_PSO,GEN=3_MEMBER=677_PSO,,
GEN=13_MEMBER=2559_PSO,GEN=10_MEMBER=2007_PSO,,
GEN=13_MEMBER=2561_PSO,GEN=9_MEMBER=1793_PSO,,
GEN=13_MEMBER=2563_PSO,GEN=6_MEMBER=1155_PSO,,
GEN=13_MEMBER=2565_PSO,GEN=8_MEMBER=1623_PSO,,
GEN=13_MEMBER=2567_PSO,GEN=9_MEMBER=1749_PSO,,
GEN=13_MEMBER=2569_PSO,GEN=8_MEMBER=1645_PSO,,
GEN=13_MEMBER=2571_PSO,GEN=7_MEMBER=1447_PSO,,
GEN=13_MEMBER=2573_PSO,GEN=9_MEMBER=1863_PSO,,
GEN=13_MEMBER=2575_PSO,GEN=12_MEMBER=2451_PSO,,
GEN=13_MEMBER=2577_PSO,GEN=10_MEMBER=2015_PSO,,
GEN=13_MEMBER=2579_PSO,GEN=12_MEMBER=2499_PSO,,
GEN=13_MEMBER=2581_PSO,GEN=12_MEMBER=2389_PSO,,
GEN=13_MEMBER=2583_PSO,GEN=8_MEMBER=1601_PSO,,
GEN=13_MEMBER=2585_PSO,GEN=12_MEMBER=2365_PSO,,
GEN=13_MEMBER=2587_PSO,GEN=4_MEMBER=731_PSO,,
GEN=13_MEMBER=2589_PSO,GEN=12_MEMBER=2419_PSO,,
GEN=13_MEMBER=2591_PSO,GEN=12_MEMBER=2403_PSO,,
GEN=13_MEMBER=2593_PSO,GEN=12_MEMBER=2455_PSO,,
GEN=13_MEMBER=2595_PSO,GEN=11_MEMBER=2141_PSO,,
GEN=13_MEMBER=2597_PSO,GEN=11_MEMBER=2195_PSO,,
GEN=13_MEMBER=2599_PSO,GEN=12_MEMBER=2415_PSO,,
GEN=13_MEMBER=2601_PSO,GEN=12_MEMBER=2481_PSO,,
GEN=13_MEMBER=2603_PSO,GEN=9_MEMBER=1805_PSO,,
GEN=13_MEMBER=2605_PSO,GEN=9_MEMBER=1813_PSO,,
GEN=13_MEMBER=2607_PSO,GEN=12_MEMBER=2381_PSO,,
GEN=13_MEMBER=2609_PSO,GEN=8_MEMBER=1587_PSO,,
GEN=13_MEMBER=2611_PSO,GEN=11_MEMBER=2259_PSO,,
GEN=13_MEMBER=2613_PSO,GEN=9_MEMBER=1843_PSO,,
GEN=13_MEMBER=2615_PSO,GEN=12_MEMBER=2457_PSO,,
GEN=13_MEMBER=2617_PSO,GEN=11_MEMBER=2163_PSO,,
GEN=13_MEMBER=2619_PSO,GEN=11_MEMBER=2249_PSO,,
GEN=13_MEMBER=2621_PSO,GEN=10_MEMBER=1951_PSO,,
GEN=13_MEMBER=2623_PSO,GEN=12_MEMBER=2323_PSO,,
GEN=13_MEMBER=2625_PSO,GEN=12_MEMBER=2491_PSO,,
GEN=13_MEMBER=2627_PSO,GEN=3_MEMBER=577_PSO,,
GEN=13_MEMBER=2629_PSO,GEN=10_MEMBER=2097_PSO,,
GEN=13_MEMBER=2631_PSO,GEN=9_MEMBER=1811_PSO,,
GEN=13_MEMBER=2633_PSO,GEN=9_MEMBER=1823_PSO,,
GEN=13_MEMBER=2635_PSO,GEN=9_MEMBER=1875_PSO,,
GEN=13_MEMBER=2637_PSO,GEN=12_MEMBER=2397_PSO,,
GEN=13_MEMBER=2639_PSO,GEN=9_MEMBER=1787_PSO,,
GEN=13_MEMBER=2641_PSO,GEN=10_MEMBER=1937_PSO,,
GEN=13_MEMBER=2643_PSO,GEN=3_MEMBER=531_PSO,,
GEN=13_MEMBER=2645_PSO,GEN=7_MEMBER=1445_PSO,,
GEN=13_MEMBER=2647_PSO,GEN=6_MEMBER=1173_PSO,,
GEN=13_MEMBER=2649_PSO,GEN=7_MEMBER=1393_PSO,,
GEN=13_MEMBER=2651_PSO,GEN=7_MEMBER=1409_PSO,,
GEN=13_MEMBER=2653_PSO,GEN=11_MEMBER=2177_PSO,,
GEN=13_MEMBER=2655_PSO,GEN=11_MEMBER=2157_PSO,,
GEN=13_MEMBER=2657_PSO,GEN=10_MEMBER=1977_PSO,,
GEN=13_MEMBER=2659_PSO,GEN=10_MEMBER=2075_PSO,,
GEN=13_MEMBER=2661_PSO,GEN=10_MEMBER=2089_PSO,,
GEN=13_MEMBER=2663_PSO,GEN=8_MEMBER=1573_PSO,,
GEN=13_MEMBER=2665_PSO,GEN=10_MEMBER=2079_PSO,,
GEN=13_MEMBER=2667_PSO,GEN=12_MEMBER=2439_PSO,,
GEN=13_MEMBER=2669_PSO,GEN=11_MEMBER=2199_PSO,,
GEN=13_MEMBER=2671_PSO,GEN=10_MEMBER=2011_PSO,,
GEN=13_MEMBER=2673_PSO,GEN=12_MEMBER=2337_PSO,,
GEN=13_MEMBER=2675_PSO,GEN=11_MEMBER=2133_PSO,,
GEN=13_MEMBER=2677_PSO,GEN=10_MEMBER=2087_PSO,,
GEN=13_MEMBER=2679_PSO,GEN=11_MEMBER=2243_PSO,,
GEN=13_MEMBER=2681_PSO,GEN=11_MEMBER=2123_PSO,,
GEN=13_MEMBER=2683_PSO,GEN=12_MEMBER=2349_PSO,,
GEN=13_MEMBER=2685_PSO,GEN=7_MEMBER=1395_PSO,,
GEN=13_MEMBER=2687_PSO,GEN=11_MEMBER=2225_PSO,,
GEN=13_MEMBER=2689_PSO,GEN=12_MEMBER=2357_PSO,,
GEN=13_MEMBER=2691_PSO,GEN=11_MEMBER=2229_PSO,,
GEN=13_MEMBER=2693_PSO,GEN=10_MEMBER=2063_PSO,,
GEN=13_MEMBER=2695_PSO,GEN=12_MEMBER=2325_PSO,,
GEN=13_MEMBER=2697_PSO,GEN=11_MEMBER=2231_PSO,,
GEN=13_MEMBER=2699_PSO,GEN=12_MEMBER=2385_PSO,,
GEN=14_MEMBER=2701_PSO,GEN=13_MEMBER=2595_PSO,,
GEN=14_MEMBER=2703_PSO,GEN=12_MEMBER=2449_PSO,,
GEN=14_MEMBER=2705_PSO,GEN=12_MEMBER=2371_PSO,,
GEN=14_MEMBER=2707_PSO,GEN=6_MEMBER=1261_PSO,,
GEN=14_MEMBER=2709_PSO,GEN=13_MEMBER=2695_PSO,,
GEN=14_MEMBER=2711_PSO,GEN=9_MEMBER=1869_PSO,,
GEN=14_MEMBER=2713_PSO,GEN=9_MEMBER=1855_PSO,,
GEN=14_MEMBER=2715_PSO,GEN=12_MEMBER=2493_PSO,,
GEN=14_MEMBER=2717_PSO,GEN=9_MEMBER=1871_PSO,,
GEN=14_MEMBER=2719_PSO,GEN=11_MEMBER=2261_PSO,,
GEN=14_MEMBER=2721_PSO,GEN=6_MEMBER=1237_PSO,,
GEN=14_MEMBER=2723_PSO,GEN=8_MEMBER=1633_PSO,,
GEN=14_MEMBER=2725_PSO,GEN=5_MEMBER=941_PSO,,
GEN=14_MEMBER=2727_PSO,GEN=6_MEMBER=1189_PSO,,
GEN=14_MEMBER=2729_PSO,GEN=11_MEMBER=2275_PSO,,
GEN=14_MEMBER=2731_PSO,GEN=2_MEMBER=479_PSO,,
GEN=14_MEMBER=2733_PSO,GEN=11_MEMBER=2207_PSO,,
GEN=14_MEMBER=2735_PSO,GEN=13_MEMBER=2593_PSO,,
GEN=14_MEMBER=2737_PSO,GEN=11_MEMBER=2209_PSO,,
GEN=14_MEMBER=2739_PSO,GEN=13_MEMBER=2655_PSO,,
GEN=14_MEMBER=2741_PSO,GEN=13_MEMBER=2637_PSO,,
GEN=14_MEMBER=2743_PSO,GEN=13_MEMBER=2579_PSO,,
GEN=14_MEMBER=2745_PSO,GEN=8_MEMBER=1595_PSO,,
GEN=14_MEMBER=2747_PSO,GEN=12_MEMBER=2429_PSO,,
GEN=14_MEMBER=2749_PSO,GEN=11_MEMBER=2293_PSO,,
GEN=14_MEMBER=2751_PSO,GEN=13_MEMBER=2589_PSO,,
GEN=14_MEMBER=2753_PSO,GEN=10_MEMBER=2049_PSO,,
GEN=14_MEMBER=2755_PSO,GEN=13_MEMBER=2697_PSO,,
GEN=14_MEMBER=2757_PSO,GEN=9_MEMBER=1773_PSO,,
GEN=14_MEMBER=2759_PSO,GEN=6_MEMBER=1157_PSO,,
GEN=14_MEMBER=2761_PSO,GEN=11_MEMBER=2263_PSO,,
GEN=14_MEMBER=2763_PSO,GEN=7_MEMBER=1423_PSO,,
GEN=14_MEMBER=2765_PSO,GEN=8_MEMBER=1631_PSO,,
GEN=14_MEMBER=2767_PSO,GEN=11_MEMBER=2251_PSO,,
GEN=14_MEMBER=2769_PSO,GEN=12_MEMBER=2459_PSO,,
GEN=14_MEMBER=2771_PSO,GEN=11_MEMBER=2211_PSO,,
GEN=14_MEMBER=2773_PSO,GEN=13_MEMBER=2623_PSO,,
GEN=14_MEMBER=2775_PSO,GEN=3_MEMBER=677_PSO,,
GEN=14_MEMBER=2777_PSO,GEN=13_MEMBER=2503_PSO,,
GEN=14_MEMBER=2779_PSO,GEN=10_MEMBER=2007_PSO,,
GEN=14_MEMBER=2781_PSO,GEN=9_MEMBER=1793_PSO,,
GEN=14_MEMBER=2783_PSO,GEN=6_MEMBER=1155_PSO,,
GEN=14_MEMBER=2785_PSO,GEN=8_MEMBER=1623_PSO,,
GEN=14_MEMBER=2787_PSO,GEN=9_MEMBER=1749_PSO,,
GEN=14_MEMBER=2789_PSO,GEN=8_MEMBER=1645_PSO,,
GEN=14_MEMBER=2791_PSO,GEN=13_MEMBER=2529_PSO,,
GEN=14_MEMBER=2793_PSO,GEN=7_MEMBER=1447_PSO,,
GEN=14_MEMBER=2795_PSO,GEN=9_MEMBER=1863_PSO,,
GEN=14_MEMBER=2797_PSO,GEN=12_MEMBER=2451_PSO,,
GEN=14_MEMBER=2799_PSO,GEN=10_MEMBER=2015_PSO,,
GEN=14_MEMBER=2801_PSO,GEN=12_MEMBER=2499_PSO,,
GEN=14_MEMBER=2803_PSO,GEN=12_MEMBER=2389_PSO,,
GEN=14_MEMBER=2805_PSO,GEN=8_MEMBER=1601_PSO,,
GEN=14_MEMBER=2807_PSO,GEN=12_MEMBER=2365_PSO,,
GEN=14_MEMBER=2809_PSO,GEN=4_MEMBER=731_PSO,,
GEN=14_MEMBER=2811_PSO,GEN=13_MEMBER=2675_PSO,,
GEN=14_MEMBER=2813_PSO,GEN=13_MEMBER=2591_PSO,,
GEN=14_MEMBER=2815_PSO,GEN=12_MEMBER=2419_PSO,,
GEN=14_MEMBER=2817_PSO,GEN=13_MEMBER=2581_PSO,,
GEN=14_MEMBER=2819_PSO,GEN=12_MEMBER=2403_PSO,,
GEN=14_MEMBER=2821_PSO,GEN=12_MEMBER=2455_PSO,,
GEN=14_MEMBER=2823_PSO,GEN=11_MEMBER=2141_PSO,,
GEN=14_MEMBER=2825_PSO,GEN=11_MEMBER=2195_PSO,,
GEN=14_MEMBER=2827_PSO,GEN=13_MEMBER=2641_PSO,,
GEN=14_MEMBER=2829_PSO,GEN=13_MEMBER=2667_PSO,,
GEN=14_MEMBER=2831_PSO,GEN=12_MEMBER=2415_PSO,,
GEN=14_MEMBER=2833_PSO,GEN=12_MEMBER=2481_PSO,,
GEN=14_MEMBER=2835_PSO,GEN=9_MEMBER=1805_PSO,,
GEN=14_MEMBER=2837_PSO,GEN=9_MEMBER=1813_PSO,,
GEN=14_MEMBER=2839_PSO,GEN=12_MEMBER=2381_PSO,,
GEN=14_MEMBER=2841_PSO,GEN=8_MEMBER=1587_PSO,,
GEN=14_MEMBER=2843_PSO,GEN=11_MEMBER=2259_PSO,,
GEN=14_MEMBER=2845_PSO,GEN=9_MEMBER=1843_PSO,,
GEN=14_MEMBER=2847_PSO,GEN=12_MEMBER=2457_PSO,,
GEN=14_MEMBER=2849_PSO,GEN=11_MEMBER=2163_PSO,,
GEN=14_MEMBER=2851_PSO,GEN=11_MEMBER=2249_PSO,,
GEN=14_MEMBER=2853_PSO,GEN=10_MEMBER=1951_PSO,,
GEN=14_MEMBER=2855_PSO,GEN=13_MEMBER=2501_PSO,,
GEN=14_MEMBER=2857_PSO,GEN=12_MEMBER=2323_PSO,,
GEN=14_MEMBER=2859_PSO,GEN=12_MEMBER=2491_PSO,,
GEN=14_MEMBER=2861_PSO,GEN=13_MEMBER=2683_PSO,,
GEN=14_MEMBER=2863_PSO,GEN=3_MEMBER=577_PSO,,
GEN=14_MEMBER=2865_PSO,GEN=13_MEMBER=2603_PSO,,
GEN=14_MEMBER=2867_PSO,GEN=10_MEMBER=2097_PSO,,
GEN=14_MEMBER=2869_PSO,GEN=9_MEMBER=1811_PSO,,
GEN=14_MEMBER=2871_PSO,GEN=9_MEMBER=1823_PSO,,
GEN=14_MEMBER=2873_PSO,GEN=9_MEMBER=1875_PSO,,
GEN=14_MEMBER=2875_PSO,GEN=12_MEMBER=2397_PSO,,
GEN=14_MEMBER=2877_PSO,GEN=13_MEMBER=2531_PSO,,
GEN=14_MEMBER=2879_PSO,GEN=9_MEMBER=1787_PSO,,
GEN=14_MEMBER=2881_PSO,GEN=10_MEMBER=1937_PSO,,
GEN=14_MEMBER=2883_PSO,GEN=3_MEMBER=531_PSO,,
GEN=14_MEMBER=2885_PSO,GEN=7_MEMBER=1445_PSO,,
GEN=14_MEMBER=2887_PSO,GEN=13_MEMBER=2615_PSO,,
GEN=14_MEMBER=2889_PSO,GEN=6_MEMBER=1173_PSO,,
GEN=14_MEMBER=2891_PSO,GEN=7_MEMBER=1393_PSO,,
GEN=14_MEMBER=2893_PSO,GEN=7_MEMBER=1409_PSO,,
GEN=14_MEMBER=2895_PSO,GEN=11_MEMBER=2177_PSO,,
GEN=14_MEMBER=2897_PSO,GEN=11_MEMBER=2157_PSO,,
GEN=14_MEMBER=2899_PSO,GEN=13_MEMBER=2669_PSO,,
GEN=15_MEMBER=2901_PSO,GEN=13_MEMBER=2595_PSO,,
GEN=15_MEMBER=2903_PSO,GEN=14_MEMBER=2811_PSO,,
GEN=15_MEMBER=2905_PSO,GEN=12_MEMBER=2449_PSO,,
GEN=15_MEMBER=2907_PSO,GEN=14_MEMBER=2877_PSO,,
GEN=15_MEMBER=2909_PSO,GEN=12_MEMBER=2371_PSO,,
GEN=15_MEMBER=2911_PSO,GEN=6_MEMBER=1261_PSO,,
GEN=15_MEMBER=2913_PSO,GEN=13_MEMBER=2695_PSO,,
GEN=15_MEMBER=2915_PSO,GEN=9_MEMBER=1869_PSO,,
GEN=15_MEMBER=2917_PSO,GEN=9_MEMBER=1855_PSO,,
GEN=15_MEMBER=2919_PSO,GEN=12_MEMBER=2493_PSO,,
GEN=15_MEMBER=2921_PSO,GEN=14_MEMBER=2773_PSO,,
GEN=15_MEMBER=2923_PSO,GEN=9_MEMBER=1871_PSO,,
GEN=15_MEMBER=2925_PSO,GEN=11_MEMBER=2261_PSO,,
GEN=15_MEMBER=2927_PSO,GEN=14_MEMBER=2857_PSO,,
GEN=15_MEMBER=2929_PSO,GEN=6_MEMBER=1237_PSO,,
GEN=15_MEMBER=2931_PSO,GEN=8_MEMBER=1633_PSO,,
GEN=15_MEMBER=2933_PSO,GEN=5_MEMBER=941_PSO,,
GEN=15_MEMBER=2935_PSO,GEN=6_MEMBER=1189_PSO,,
GEN=15_MEMBER=2937_PSO,GEN=14_MEMBER=2861_PSO,,
GEN=15_MEMBER=2939_PSO,GEN=14_MEMBER=2823_PSO,,
GEN=15_MEMBER=2941_PSO,GEN=11_MEMBER=2275_PSO,,
GEN=15_MEMBER=2943_PSO,GEN=14_MEMBER=2777_PSO,,
GEN=15_MEMBER=2945_PSO,GEN=2_MEMBER=479_PSO,,
GEN=15_MEMBER=2947_PSO,GEN=11_MEMBER=2207_PSO,,
GEN=15_MEMBER=2949_PSO,GEN=14_MEMBER=2815_PSO,,
GEN=15_MEMBER=2951_PSO,GEN=14_MEMBER=2843_PSO,,
GEN=15_MEMBER=2953_PSO,GEN=14_MEMBER=2859_PSO,,
GEN=15_MEMBER=2955_PSO,GEN=13_MEMBER=2593_PSO,,
GEN=15_MEMBER=2957_PSO,GEN=11_MEMBER=2209_PSO,,
GEN=15_MEMBER=2959_PSO,GEN=14_MEMBER=2813_PSO,,
GEN=15_MEMBER=2961_PSO,GEN=13_MEMBER=2655_PSO,,
GEN=15_MEMBER=2963_PSO,GEN=13_MEMBER=2637_PSO,,
GEN=15_MEMBER=2965_PSO,GEN=14_MEMBER=2739_PSO,,
GEN=15_MEMBER=2967_PSO,GEN=13_MEMBER=2579_PSO,,
GEN=15_MEMBER=2969_PSO,GEN=14_MEMBER=2887_PSO,,
GEN=15_MEMBER=2971_PSO,GEN=8_MEMBER=1595_PSO,,
GEN=15_MEMBER=2973_PSO,GEN=12_MEMBER=2429_PSO,,
GEN=15_MEMBER=2975_PSO,GEN=11_MEMBER=2293_PSO,,
GEN=15_MEMBER=2977_PSO,GEN=13_MEMBER=2589_PSO,,
GEN=15_MEMBER=2979_PSO,GEN=10_MEMBER=2049_PSO,,
GEN=15_MEMBER=2981_PSO,GEN=13_MEMBER=2697_PSO,,
GEN=15_MEMBER=2983_PSO,GEN=9_MEMBER=1773_PSO,,
GEN=15_MEMBER=2985_PSO,GEN=6_MEMBER=1157_PSO,,
GEN=15_MEMBER=2987_PSO,GEN=11_MEMBER=2263_PSO,,
GEN=15_MEMBER=2989_PSO,GEN=7_MEMBER=1423_PSO,,
GEN=15_MEMBER=2991_PSO,GEN=8_MEMBER=1631_PSO,,
GEN=15_MEMBER=2993_PSO,GEN=14_MEMBER=2853_PSO,,
GEN=15_MEMBER=2995_PSO,GEN=11_MEMBER=2251_PSO,,
GEN=15_MEMBER=2997_PSO,GEN=12_MEMBER=2459_PSO,,
GEN=15_MEMBER=2999_PSO,GEN=11_MEMBER=2211_PSO,,
GEN=15_MEMBER=3001_PSO,GEN=13_MEMBER=2623_PSO,,
GEN=15_MEMBER=3003_PSO,GEN=3_MEMBER=677_PSO,,
GEN=15_MEMBER=3005_PSO,GEN=13_MEMBER=2503_PSO,,
GEN=15_MEMBER=3007_PSO,GEN=10_MEMBER=2007_PSO,,
GEN=15_MEMBER=3009_PSO,GEN=9_MEMBER=1793_PSO,,
GEN=15_MEMBER=3011_PSO,GEN=14_MEMBER=2743_PSO,,
GEN=15_MEMBER=3013_PSO,GEN=6_MEMBER=1155_PSO,,
GEN=15_MEMBER=3015_PSO,GEN=8_MEMBER=1623_PSO,,
GEN=15_MEMBER=3017_PSO,GEN=14_MEMBER=2827_PSO,,
GEN=15_MEMBER=3019_PSO,GEN=14_MEMBER=2899_PSO,,
GEN=15_MEMBER=3021_PSO,GEN=9_MEMBER=1749_PSO,,
GEN=15_MEMBER=3023_PSO,GEN=14_MEMBER=2701_PSO,,
GEN=15_MEMBER=3025_PSO,GEN=14_MEMBER=2803_PSO,,
GEN=15_MEMBER=3027_PSO,GEN=8_MEMBER=1645_PSO,,
GEN=15_MEMBER=3029_PSO,GEN=13_MEMBER=2529_PSO,,
GEN=15_MEMBER=3031_PSO,GEN=14_MEMBER=2705_PSO,,
GEN=15_MEMBER=3033_PSO,GEN=7_MEMBER=1447_PSO,,
GEN=15_MEMBER=3035_PSO,GEN=9_MEMBER=1863_PSO,,
GEN=15_MEMBER=3037_PSO,GEN=14_MEMBER=2733_PSO,,
GEN=15_MEMBER=3039_PSO,GEN=14_MEMBER=2849_PSO,,
GEN=15_MEMBER=3041_PSO,GEN=12_MEMBER=2451_PSO,,
GEN=15_MEMBER=3043_PSO,GEN=14_MEMBER=2791_PSO,,
GEN=15_MEMBER=3045_PSO,GEN=10_MEMBER=2015_PSO,,
GEN=15_MEMBER=3047_PSO,GEN=12_MEMBER=2499_PSO,,
GEN=15_MEMBER=3049_PSO,GEN=12_MEMBER=2389_PSO,,
GEN=15_MEMBER=3051_PSO,GEN=14_MEMBER=2895_PSO,,
GEN=15_MEMBER=3053_PSO,GEN=8_MEMBER=1601_PSO,,
GEN=15_MEMBER=3055_PSO,GEN=14_MEMBER=2829_PSO,,
GEN=15_MEMBER=3057_PSO,GEN=14_MEMBER=2855_PSO,,
GEN=15_MEMBER=3059_PSO,GEN=12_MEMBER=2365_PSO,,
GEN=15_MEMBER=3061_PSO,GEN=4_MEMBER=731_PSO,,
GEN=15_MEMBER=3063_PSO,GEN=14_MEMBER=2799_PSO,,
GEN=15_MEMBER=3065_PSO,GEN=13_MEMBER=2675_PSO,,
GEN=15_MEMBER=3067_PSO,GEN=13_MEMBER=2591_PSO,,
GEN=15_MEMBER=3069_PSO,GEN=12_MEMBER=2419_PSO,,
GEN=15_MEMBER=3071_PSO,GEN=13_MEMBER=2581_PSO,,
GEN=15_MEMBER=3073_PSO,GEN=12_MEMBER=2403_PSO,,
GEN=15_MEMBER=3075_PSO,GEN=14_MEMBER=2817_PSO,,
GEN=15_MEMBER=3077_PSO,GEN=12_MEMBER=2455_PSO,,
GEN=15_MEMBER=3079_PSO,GEN=11_MEMBER=2141_PSO,,
GEN=15_MEMBER=3081_PSO,GEN=11_MEMBER=2195_PSO,,
GEN=15_MEMBER=3083_PSO,GEN=13_MEMBER=2641_PSO,,
GEN=15_MEMBER=3085_PSO,GEN=13_MEMBER=2667_PSO,,
GEN=15_MEMBER=3087_PSO,GEN=12_MEMBER=2415_PSO,,
GEN=15_MEMBER=3089_PSO,GEN=12_MEMBER=2481_PSO,,
GEN=15_MEMBER=3091_PSO,GEN=14_MEMBER=2741_PSO,,
GEN=15_MEMBER=3093_PSO,GEN=9_MEMBER=1805_PSO,,
GEN=15_MEMBER=3095_PSO,GEN=9_MEMBER=1813_PSO,,
GEN=15_MEMBER=3097_PSO,GEN=12_MEMBER=2381_PSO,,
GEN=15_MEMBER=3099_PSO,GEN=8_MEMBER=1587_PSO,,
GEN=16_MEMBER=3101_PSO,GEN=13_MEMBER=2595_PSO,,
GEN=16_MEMBER=3103_PSO,GEN=14_MEMBER=2811_PSO,,
GEN=16_MEMBER=3105_PSO,GEN=12_MEMBER=2449_PSO,,
GEN=16_MEMBER=3107_PSO,GEN=15_MEMBER=3017_PSO,,
GEN=16_MEMBER=3109_PSO,GEN=15_MEMBER=3019_PSO,,
GEN=16_MEMBER=3111_PSO,GEN=15_MEMBER=3079_PSO,,
GEN=16_MEMBER=3113_PSO,GEN=15_MEMBER=3029_PSO,,
GEN=16_MEMBER=3115_PSO,GEN=14_MEMBER=2877_PSO,,
GEN=16_MEMBER=3117_PSO,GEN=15_MEMBER=3077_PSO,,
GEN=16_MEMBER=3119_PSO,GEN=12_MEMBER=2371_PSO,,
GEN=16_MEMBER=3121_PSO,GEN=6_MEMBER=1261_PSO,,
GEN=16_MEMBER=3123_PSO,GEN=13_MEMBER=2695_PSO,,
GEN=16_MEMBER=3125_PSO,GEN=15_MEMBER=3067_PSO,,
GEN=16_MEMBER=3127_PSO,GEN=9_MEMBER=1869_PSO,,
GEN=16_MEMBER=3129_PSO,GEN=9_MEMBER=1855_PSO,,
GEN=16_MEMBER=3131_PSO,GEN=12_MEMBER=2493_PSO,,
GEN=16_MEMBER=3133_PSO,GEN=15_MEMBER=3011_PSO,,
GEN=16_MEMBER=3135_PSO,GEN=15_MEMBER=2959_PSO,,
GEN=16_MEMBER=3137_PSO,GEN=15_MEMBER=3037_PSO,,
GEN=16_MEMBER=3139_PSO,GEN=15_MEMBER=3023_PSO,,
GEN=16_MEMBER=3141_PSO,GEN=14_MEMBER=2773_PSO,,
GEN=16_MEMBER=3143_PSO,GEN=9_MEMBER=1871_PSO,,
GEN=16_MEMBER=3145_PSO,GEN=11_MEMBER=2261_PSO,,
GEN=16_MEMBER=3147_PSO,GEN=15_MEMBER=3039_PSO,,
GEN=16_MEMBER=3149_PSO,GEN=15_MEMBER=3055_PSO,,
GEN=16_MEMBER=3151_PSO,GEN=14_MEMBER=2857_PSO,,
GEN=16_MEMBER=3153_PSO,GEN=15_MEMBER=3005_PSO,,
GEN=16_MEMBER=3155_PSO,GEN=6_MEMBER=1237_PSO,,
GEN=16_MEMBER=3157_PSO,GEN=8_MEMBER=1633_PSO,,
GEN=16_MEMBER=3159_PSO,GEN=5_MEMBER=941_PSO,,
GEN=16_MEMBER=3161_PSO,GEN=6_MEMBER=1189_PSO,,
GEN=16_MEMBER=3163_PSO,GEN=14_MEMBER=2861_PSO,,
GEN=16_MEMBER=3165_PSO,GEN=14_MEMBER=2823_PSO,,
GEN=16_MEMBER=3167_PSO,GEN=11_MEMBER=2275_PSO,,
GEN=16_MEMBER=3169_PSO,GEN=14_MEMBER=2777_PSO,,
GEN=16_MEMBER=3171_PSO,GEN=2_MEMBER=479_PSO,,
GEN=16_MEMBER=3173_PSO,GEN=11_MEMBER=2207_PSO,,
GEN=16_MEMBER=3175_PSO,GEN=14_MEMBER=2815_PSO,,
GEN=16_MEMBER=3177_PSO,GEN=15_MEMBER=3031_PSO,,
GEN=16_MEMBER=3179_PSO,GEN=14_MEMBER=2843_PSO,,
GEN=16_MEMBER=3181_PSO,GEN=14_MEMBER=2859_PSO,,
GEN=16_MEMBER=3183_PSO,GEN=15_MEMBER=3069_PSO,,
GEN=16_MEMBER=3185_PSO,GEN=13_MEMBER=2593_PSO,,
GEN=16_MEMBER=3187_PSO,GEN=11_MEMBER=2209_PSO,,
GEN=16_MEMBER=3189_PSO,GEN=14_MEMBER=2813_PSO,,
GEN=16_MEMBER=3191_PSO,GEN=15_MEMBER=2921_PSO,,
GEN=16_MEMBER=3193_PSO,GEN=13_MEMBER=2655_PSO,,
GEN=16_MEMBER=3195_PSO,GEN=13_MEMBER=2637_PSO,,
GEN=16_MEMBER=3197_PSO,GEN=14_MEMBER=2739_PSO,,
GEN=16_MEMBER=3199_PSO,GEN=13_MEMBER=2579_PSO,,
GEN=16_MEMBER=3201_PSO,GEN=14_MEMBER=2887_PSO,,
GEN=16_MEMBER=3203_PSO,GEN=8_MEMBER=1595_PSO,,
GEN=16_MEMBER=3205_PSO,GEN=12_MEMBER=2429_PSO,,
GEN=16_MEMBER=3207_PSO,GEN=11_MEMBER=2293_PSO,,
GEN=16_MEMBER=3209_PSO,GEN=15_MEMBER=3097_PSO,,
GEN=16_MEMBER=3211_PSO,GEN=13_MEMBER=2589_PSO,,
GEN=16_MEMBER=3213_PSO,GEN=10_MEMBER=2049_PSO,,
GEN=16_MEMBER=3215_PSO,GEN=13_MEMBER=2697_PSO,,
GEN=16_MEMBER=3217_PSO,GEN=9_MEMBER=1773_PSO,,
GEN=16_MEMBER=3219_PSO,GEN=6_MEMBER=1157_PSO,,
GEN=16_MEMBER=3221_PSO,GEN=15_MEMBER=2993_PSO,,
GEN=16_MEMBER=3223_PSO,GEN=11_MEMBER=2263_PSO,,
GEN=16_MEMBER=3225_PSO,GEN=7_MEMBER=1423_PSO,,
GEN=16_MEMBER=3227_PSO,GEN=15_MEMBER=2965_PSO,,
GEN=16_MEMBER=3229_PSO,GEN=8_MEMBER=1631_PSO,,
GEN=16_MEMBER=3231_PSO,GEN=14_MEMBER=2853_PSO,,
GEN=16_MEMBER=3233_PSO,GEN=11_MEMBER=2251_PSO,,
GEN=16_MEMBER=3235_PSO,GEN=12_MEMBER=2459_PSO,,
GEN=16_MEMBER=3237_PSO,GEN=11_MEMBER=2211_PSO,,
GEN=16_MEMBER=3239_PSO,GEN=13_MEMBER=2623_PSO,,
GEN=16_MEMBER=3241_PSO,GEN=3_MEMBER=677_PSO,,
GEN=16_MEMBER=3243_PSO,GEN=15_MEMBER=2939_PSO,,
GEN=16_MEMBER=3245_PSO,GEN=15_MEMBER=3001_PSO,,
GEN=16_MEMBER=3247_PSO,GEN=15_MEMBER=2927_PSO,,
GEN=16_MEMBER=3249_PSO,GEN=13_MEMBER=2503_PSO,,
GEN=16_MEMBER=3251_PSO,GEN=10_MEMBER=2007_PSO,,
GEN=16_MEMBER=3253_PSO,GEN=15_MEMBER=2903_PSO,,
GEN=16_MEMBER=3255_PSO,GEN=9_MEMBER=1793_PSO,,
GEN=16_MEMBER=3257_PSO,GEN=15_MEMBER=2943_PSO,,
GEN=16_MEMBER=3259_PSO,GEN=14_MEMBER=2743_PSO,,
GEN=16_MEMBER=3261_PSO,GEN=6_MEMBER=1155_PSO,,
GEN=16_MEMBER=3263_PSO,GEN=8_MEMBER=1623_PSO,,
GEN=16_MEMBER=3265_PSO,GEN=15_MEMBER=2953_PSO,,
GEN=16_MEMBER=3267_PSO,GEN=14_MEMBER=2827_PSO,,
GEN=16_MEMBER=3269_PSO,GEN=15_MEMBER=3075_PSO,,
GEN=16_MEMBER=3271_PSO,GEN=14_MEMBER=2899_PSO,,
GEN=16_MEMBER=3273_PSO,GEN=15_MEMBER=2949_PSO,,
GEN=16_MEMBER=3275_PSO,GEN=9_MEMBER=1749_PSO,,
GEN=16_MEMBER=3277_PSO,GEN=15_MEMBER=2901_PSO,,
GEN=16_MEMBER=3279_PSO,GEN=15_MEMBER=3083_PSO,,
GEN=16_MEMBER=3281_PSO,GEN=14_MEMBER=2803_PSO,,
GEN=16_MEMBER=3283_PSO,GEN=8_MEMBER=1645_PSO,,
GEN=16_MEMBER=3285_PSO,GEN=13_MEMBER=2529_PSO,,
GEN=16_MEMBER=3287_PSO,GEN=14_MEMBER=2705_PSO,,
GEN=16_MEMBER=3289_PSO,GEN=7_MEMBER=1447_PSO,,
GEN=16_MEMBER=3291_PSO,GEN=15_MEMBER=2977_PSO,,
GEN=16_MEMBER=3293_PSO,GEN=9_MEMBER=1863_PSO,,
GEN=16_MEMBER=3295_PSO,GEN=14_MEMBER=2733_PSO,,
GEN=16_MEMBER=3297_PSO,GEN=14_MEMBER=2849_PSO,,
GEN=16_MEMBER=3299_PSO,GEN=12_MEMBER=2451_PSO,,
GEN=17_MEMBER=3301_PSO,GEN=13_MEMBER=2595_PSO,,
GEN=17_MEMBER=3303_PSO,GEN=14_MEMBER=2811_PSO,,
GEN=17_MEMBER=3305_PSO,GEN=16_MEMBER=3257_PSO,,
GEN=17_MEMBER=3307_PSO,GEN=12_MEMBER=2449_PSO,,
GEN=17_MEMBER=3309_PSO,GEN=15_MEMBER=3017_PSO,,
GEN=17_MEMBER=3311_PSO,GEN=16_MEMBER=3243_PSO,,
GEN=17_MEMBER=3313_PSO,GEN=16_MEMBER=3245_PSO,,
GEN=17_MEMBER=3315_PSO,GEN=16_MEMBER=3265_PSO,,
GEN=17_MEMBER=3317_PSO,GEN=16_MEMBER=3295_PSO,,
GEN=17_MEMBER=3319_PSO,GEN=15_MEMBER=3019_PSO,,
GEN=17_MEMBER=3321_PSO,GEN=16_MEMBER=3189_PSO,,
GEN=17_MEMBER=3323_PSO,GEN=16_MEMBER=3287_PSO,,
GEN=17_MEMBER=3325_PSO,GEN=15_MEMBER=3079_PSO,,
GEN=17_MEMBER=3327_PSO,GEN=15_MEMBER=3029_PSO,,
GEN=17_MEMBER=3329_PSO,GEN=16_MEMBER=3269_PSO,,
GEN=17_MEMBER=3331_PSO,GEN=14_MEMBER=2877_PSO,,
GEN=17_MEMBER=3333_PSO,GEN=15_MEMBER=3077_PSO,,
GEN=17_MEMBER=3335_PSO,GEN=12_MEMBER=2371_PSO,,
GEN=17_MEMBER=3337_PSO,GEN=16_MEMBER=3177_PSO,,
GEN=17_MEMBER=3339_PSO,GEN=6_MEMBER=1261_PSO,,
GEN=17_MEMBER=3341_PSO,GEN=13_MEMBER=2695_PSO,,
GEN=17_MEMBER=3343_PSO,GEN=15_MEMBER=3067_PSO,,
GEN=17_MEMBER=3345_PSO,GEN=9_MEMBER=1869_PSO,,
GEN=17_MEMBER=3347_PSO,GEN=9_MEMBER=1855_PSO,,
GEN=17_MEMBER=3349_PSO,GEN=12_MEMBER=2493_PSO,,
GEN=17_MEMBER=3351_PSO,GEN=15_MEMBER=3011_PSO,,
GEN=17_MEMBER=3353_PSO,GEN=15_MEMBER=2959_PSO,,
GEN=17_MEMBER=3355_PSO,GEN=15_MEMBER=3037_PSO,,
GEN=17_MEMBER=3357_PSO,GEN=15_MEMBER=3023_PSO,,
GEN=17_MEMBER=3359_PSO,GEN=14_MEMBER=2773_PSO,,
GEN=17_MEMBER=3361_PSO,GEN=16_MEMBER=3253_PSO,,
GEN=17_MEMBER=3363_PSO,GEN=9_MEMBER=1871_PSO,,
GEN=17_MEMBER=3365_PSO,GEN=11_MEMBER=2261_PSO,,
GEN=17_MEMBER=3367_PSO,GEN=15_MEMBER=3039_PSO,,
GEN=17_MEMBER=3369_PSO,GEN=15_MEMBER=3055_PSO,,
GEN=17_MEMBER=3371_PSO,GEN=14_MEMBER=2857_PSO,,
GEN=17_MEMBER=3373_PSO,GEN=16_MEMBER=3191_PSO,,
GEN=17_MEMBER=3375_PSO,GEN=15_MEMBER=3005_PSO,,
GEN=17_MEMBER=3377_PSO,GEN=6_MEMBER=1237_PSO,,
GEN=17_MEMBER=3379_PSO,GEN=8_MEMBER=1633_PSO,,
GEN=17_MEMBER=3381_PSO,GEN=5_MEMBER=941_PSO,,
GEN=17_MEMBER=3383_PSO,GEN=16_MEMBER=3175_PSO,,
GEN=17_MEMBER=3385_PSO,GEN=6_MEMBER=1189_PSO,,
GEN=17_MEMBER=3387_PSO,GEN=14_MEMBER=2861_PSO,,
GEN=17_MEMBER=3389_PSO,GEN=14_MEMBER=2823_PSO,,
GEN=17_MEMBER=3391_PSO,GEN=11_MEMBER=2275_PSO,,
GEN=17_MEMBER=3393_PSO,GEN=14_MEMBER=2777_PSO,,
GEN=17_MEMBER=3395_PSO,GEN=16_MEMBER=3133_PSO,,
GEN=17_MEMBER=3397_PSO,GEN=16_MEMBER=3181_PSO,,
GEN=17_MEMBER=3399_PSO,GEN=2_MEMBER=479_PSO,,
GEN=17_MEMBER=3401_PSO,GEN=11_MEMBER=2207_PSO,,
GEN=17_MEMBER=3403_PSO,GEN=14_MEMBER=2815_PSO,,
GEN=17_MEMBER=3405_PSO,GEN=16_MEMBER=3279_PSO,,
GEN=17_MEMBER=3407_PSO,GEN=16_MEMBER=3267_PSO,,
GEN=17_MEMBER=3409_PSO,GEN=16_MEMBER=3135_PSO,,
GEN=17_MEMBER=3411_PSO,GEN=15_MEMBER=3031_PSO,,
GEN=17_MEMBER=3413_PSO,GEN=14_MEMBER=2843_PSO,,
GEN=17_MEMBER=3415_PSO,GEN=16_MEMBER=3165_PSO,,
GEN=17_MEMBER=3417_PSO,GEN=14_MEMBER=2859_PSO,,
GEN=17_MEMBER=3419_PSO,GEN=15_MEMBER=3069_PSO,,
GEN=17_MEMBER=3421_PSO,GEN=13_MEMBER=2593_PSO,,
GEN=17_MEMBER=3423_PSO,GEN=11_MEMBER=2209_PSO,,
GEN=17_MEMBER=3425_PSO,GEN=16_MEMBER=3271_PSO,,
GEN=17_MEMBER=3427_PSO,GEN=16_MEMBER=3147_PSO,,
GEN=17_MEMBER=3429_PSO,GEN=14_MEMBER=2813_PSO,,
GEN=17_MEMBER=3431_PSO,GEN=16_MEMBER=3239_PSO,,
GEN=17_MEMBER=3433_PSO,GEN=15_MEMBER=2921_PSO,,
GEN=17_MEMBER=3435_PSO,GEN=13_MEMBER=2655_PSO,,
GEN=17_MEMBER=3437_PSO,GEN=13_MEMBER=2637_PSO,,
GEN=17_MEMBER=3439_PSO,GEN=14_MEMBER=2739_PSO,,
GEN=17_MEMBER=3441_PSO,GEN=16_MEMBER=3169_PSO,,
GEN=17_MEMBER=3443_PSO,GEN=16_MEMBER=3125_PSO,,
GEN=17_MEMBER=3445_PSO,GEN=13_MEMBER=2579_PSO,,
GEN=17_MEMBER=3447_PSO,GEN=14_MEMBER=2887_PSO,,
GEN=17_MEMBER=3449_PSO,GEN=8_MEMBER=1595_PSO,,
GEN=17_MEMBER=3451_PSO,GEN=16_MEMBER=3285_PSO,,
GEN=17_MEMBER=3453_PSO,GEN=12_MEMBER=2429_PSO,,
GEN=17_MEMBER=3455_PSO,GEN=11_MEMBER=2293_PSO,,
GEN=17_MEMBER=3457_PSO,GEN=16_MEMBER=3297_PSO,,
GEN=17_MEMBER=3459_PSO,GEN=15_MEMBER=3097_PSO,,
GEN=17_MEMBER=3461_PSO,GEN=13_MEMBER=2589_PSO,,
GEN=17_MEMBER=3463_PSO,GEN=16_MEMBER=3141_PSO,,
GEN=17_MEMBER=3465_PSO,GEN=10_MEMBER=2049_PSO,,
GEN=17_MEMBER=3467_PSO,GEN=16_MEMBER=3227_PSO,,
GEN=17_MEMBER=3469_PSO,GEN=13_MEMBER=2697_PSO,,
GEN=17_MEMBER=3471_PSO,GEN=16_MEMBER=3107_PSO,,
GEN=17_MEMBER=3473_PSO,GEN=9_MEMBER=1773_PSO,,
GEN=17_MEMBER=3475_PSO,GEN=6_MEMBER=1157_PSO,,
GEN=17_MEMBER=3477_PSO,GEN=15_MEMBER=2993_PSO,,
GEN=17_MEMBER=3479_PSO,GEN=16_MEMBER=3153_PSO,,
GEN=17_MEMBER=3481_PSO,GEN=11_MEMBER=2263_PSO,,
GEN=17_MEMBER=3483_PSO,GEN=16_MEMBER=3113_PSO,,
GEN=17_MEMBER=3485_PSO,GEN=7_MEMBER=1423_PSO,,
GEN=17_MEMBER=3487_PSO,GEN=15_MEMBER=2965_PSO,,
GEN=17_MEMBER=3489_PSO,GEN=8_MEMBER=1631_PSO,,
GEN=17_MEMBER=3491_PSO,GEN=14_MEMBER=2853_PSO,,
GEN=17_MEMBER=3493_PSO,GEN=11_MEMBER=2251_PSO,,
GEN=17_MEMBER=3495_PSO,GEN=12_MEMBER=2459_PSO,,
GEN=17_MEMBER=3497_PSO,GEN=16_MEMBER=3109_PSO,,
GEN=17_MEMBER=3499_PSO,GEN=11_MEMBER=2211_PSO,,
GEN=18_MEMBER=3501_PSO,GEN=17_MEMBER=3429_PSO,,
GEN=18_MEMBER=3503_PSO,GEN=13_MEMBER=2595_PSO,,
GEN=18_MEMBER=3505_PSO,GEN=14_MEMBER=2811_PSO,,
GEN=18_MEMBER=3507_PSO,GEN=16_MEMBER=3257_PSO,,
GEN=18_MEMBER=3509_PSO,GEN=12_MEMBER=2449_PSO,,
GEN=18_MEMBER=3511_PSO,GEN=15_MEMBER=3017_PSO,,
GEN=18_MEMBER=3513_PSO,GEN=17_MEMBER=3427_PSO,,
GEN=18_MEMBER=3515_PSO,GEN=16_MEMBER=3243_PSO,,
GEN=18_MEMBER=3517_PSO,GEN=16_MEMBER=3245_PSO,,
GEN=18_MEMBER=3519_PSO,GEN=17_MEMBER=3415_PSO,,
GEN=18_MEMBER=3521_PSO,GEN=16_MEMBER=3265_PSO,,
GEN=18_MEMBER=3523_PSO,GEN=16_MEMBER=3295_PSO,,
GEN=18_MEMBER=3525_PSO,GEN=15_MEMBER=3019_PSO,,
GEN=18_MEMBER=3527_PSO,GEN=16_MEMBER=3189_PSO,,
GEN=18_MEMBER=3529_PSO,GEN=16_MEMBER=3287_PSO,,
GEN=18_MEMBER=3531_PSO,GEN=17_MEMBER=3497_PSO,,
GEN=18_MEMBER=3533_PSO,GEN=15_MEMBER=3079_PSO,,
GEN=18_MEMBER=3535_PSO,GEN=15_MEMBER=3029_PSO,,
GEN=18_MEMBER=3537_PSO,GEN=16_MEMBER=3269_PSO,,
GEN=18_MEMBER=3539_PSO,GEN=14_MEMBER=2877_PSO,,
GEN=18_MEMBER=3541_PSO,GEN=15_MEMBER=3077_PSO,,
GEN=18_MEMBER=3543_PSO,GEN=12_MEMBER=2371_PSO,,
GEN=18_MEMBER=3545_PSO,GEN=16_MEMBER=3177_PSO,,
GEN=18_MEMBER=3547_PSO,GEN=6_MEMBER=1261_PSO,,
GEN=18_MEMBER=3549_PSO,GEN=13_MEMBER=2695_PSO,,
GEN=18_MEMBER=3551_PSO,GEN=15_MEMBER=3067_PSO,,
GEN=18_MEMBER=3553_PSO,GEN=17_MEMBER=3409_PSO,,
GEN=18_MEMBER=3555_PSO,GEN=9_MEMBER=1869_PSO,,
GEN=18_MEMBER=3557_PSO,GEN=9_MEMBER=1855_PSO,,
GEN=18_MEMBER=3559_PSO,GEN=12_MEMBER=2493_PSO,,
GEN=18_MEMBER=3561_PSO,GEN=15_MEMBER=3011_PSO,,
GEN=18_MEMBER=3563_PSO,GEN=15_MEMBER=2959_PSO,,
GEN=18_MEMBER=3565_PSO,GEN=15_MEMBER=3037_PSO,,
GEN=18_MEMBER=3567_PSO,GEN=15_MEMBER=3023_PSO,,
GEN=18_MEMBER=3569_PSO,GEN=14_MEMBER=2773_PSO,,
GEN=18_MEMBER=3571_PSO,GEN=16_MEMBER=3253_PSO,,
GEN=18_MEMBER=3573_PSO,GEN=9_MEMBER=1871_PSO,,
GEN=18_MEMBER=3575_PSO,GEN=11_MEMBER=2261_PSO,,
GEN=18_MEMBER=3577_PSO,GEN=15_MEMBER=3039_PSO,,
GEN=18_MEMBER=3579_PSO,GEN=15_MEMBER=3055_PSO,,
GEN=18_MEMBER=3581_PSO,GEN=14_MEMBER=2857_PSO,,
GEN=18_MEMBER=3583_PSO,GEN=16_MEMBER=3191_PSO,,
GEN=18_MEMBER=3585_PSO,GEN=15_MEMBER=3005_PSO,,
GEN=18_MEMBER=3587_PSO,GEN=6_MEMBER=1237_PSO,,
GEN=18_MEMBER=3589_PSO,GEN=8_MEMBER=1633_PSO,,
GEN=18_MEMBER=3591_PSO,GEN=5_MEMBER=941_PSO,,
GEN=18_MEMBER=3593_PSO,GEN=17_MEMBER=3397_PSO,,
GEN=18_MEMBER=3595_PSO,GEN=17_MEMBER=3451_PSO,,
GEN=18_MEMBER=3597_PSO,GEN=16_MEMBER=3175_PSO,,
GEN=18_MEMBER=3599_PSO,GEN=6_MEMBER=1189_PSO,,
GEN=18_MEMBER=3601_PSO,GEN=17_MEMBER=3471_PSO,,
GEN=18_MEMBER=3603_PSO,GEN=17_MEMBER=3411_PSO,,
GEN=18_MEMBER=3605_PSO,GEN=14_MEMBER=2861_PSO,,
GEN=18_MEMBER=3607_PSO,GEN=17_MEMBER=3395_PSO,,
GEN=18_MEMBER=3609_PSO,GEN=14_MEMBER=2823_PSO,,
GEN=18_MEMBER=3611_PSO,GEN=11_MEMBER=2275_PSO,,
GEN=18_MEMBER=3613_PSO,GEN=14_MEMBER=2777_PSO,,
GEN=18_MEMBER=3615_PSO,GEN=16_MEMBER=3133_PSO,,
GEN=18_MEMBER=3617_PSO,GEN=17_MEMBER=3433_PSO,,
GEN=18_MEMBER=3619_PSO,GEN=16_MEMBER=3181_PSO,,
GEN=18_MEMBER=3621_PSO,GEN=2_MEMBER=479_PSO,,
GEN=18_MEMBER=3623_PSO,GEN=17_MEMBER=3417_PSO,,
GEN=18_MEMBER=3625_PSO,GEN=11_MEMBER=2207_PSO,,
GEN=18_MEMBER=3627_PSO,GEN=14_MEMBER=2815_PSO,,
GEN=18_MEMBER=3629_PSO,GEN=16_MEMBER=3279_PSO,,
GEN=18_MEMBER=3631_PSO,GEN=16_MEMBER=3267_PSO,,
GEN=18_MEMBER=3633_PSO,GEN=17_MEMBER=3353_PSO,,
GEN=18_MEMBER=3635_PSO,GEN=17_MEMBER=3351_PSO,,
GEN=18_MEMBER=3637_PSO,GEN=16_MEMBER=3135_PSO,,
GEN=18_MEMBER=3639_PSO,GEN=15_MEMBER=3031_PSO,,
GEN=18_MEMBER=3641_PSO,GEN=17_MEMBER=3321_PSO,,
GEN=18_MEMBER=3643_PSO,GEN=14_MEMBER=2843_PSO,,
GEN=18_MEMBER=3645_PSO,GEN=16_MEMBER=3165_PSO,,
GEN=18_MEMBER=3647_PSO,GEN=14_MEMBER=2859_PSO,,
GEN=18_MEMBER=3649_PSO,GEN=15_MEMBER=3069_PSO,,
GEN=18_MEMBER=3651_PSO,GEN=17_MEMBER=3329_PSO,,
GEN=18_MEMBER=3653_PSO,GEN=13_MEMBER=2593_PSO,,
GEN=18_MEMBER=3655_PSO,GEN=17_MEMBER=3483_PSO,,
GEN=18_MEMBER=3657_PSO,GEN=11_MEMBER=2209_PSO,,
GEN=18_MEMBER=3659_PSO,GEN=17_MEMBER=3487_PSO,,
GEN=18_MEMBER=3661_PSO,GEN=17_MEMBER=3337_PSO,,
GEN=18_MEMBER=3663_PSO,GEN=16_MEMBER=3271_PSO,,
GEN=18_MEMBER=3665_PSO,GEN=16_MEMBER=3147_PSO,,
GEN=18_MEMBER=3667_PSO,GEN=14_MEMBER=2813_PSO,,
GEN=18_MEMBER=3669_PSO,GEN=16_MEMBER=3239_PSO,,
GEN=18_MEMBER=3671_PSO,GEN=17_MEMBER=3311_PSO,,
GEN=18_MEMBER=3673_PSO,GEN=17_MEMBER=3441_PSO,,
GEN=18_MEMBER=3675_PSO,GEN=17_MEMBER=3315_PSO,,
GEN=18_MEMBER=3677_PSO,GEN=15_MEMBER=2921_PSO,,
GEN=18_MEMBER=3679_PSO,GEN=13_MEMBER=2655_PSO,,
GEN=18_MEMBER=3681_PSO,GEN=13_MEMBER=2637_PSO,,
GEN=18_MEMBER=3683_PSO,GEN=17_MEMBER=3407_PSO,,
GEN=18_MEMBER=3685_PSO,GEN=14_MEMBER=2739_PSO,,
GEN=18_MEMBER=3687_PSO,GEN=16_MEMBER=3169_PSO,,
GEN=18_MEMBER=3689_PSO,GEN=17_MEMBER=3463_PSO,,
GEN=18_MEMBER=3691_PSO,GEN=16_MEMBER=3125_PSO,,
GEN=18_MEMBER=3693_PSO,GEN=13_MEMBER=2579_PSO,,
GEN=18_MEMBER=3695_PSO,GEN=17_MEMBER=3313_PSO,,
GEN=18_MEMBER=3697_PSO,GEN=17_MEMBER=3425_PSO,,
GEN=18_MEMBER=3699_PSO,GEN=14_MEMBER=2887_PSO,,
GEN=19_MEMBER=3701_PSO,GEN=17_MEMBER=3429_PSO,,
GEN=19_MEMBER=3703_PSO,GEN=13_MEMBER=2595_PSO,,
GEN=19_MEMBER=3705_PSO,GEN=18_MEMBER=3639_PSO,,
GEN=19_MEMBER=3707_PSO,GEN=18_MEMBER=3641_PSO,,
GEN=19_MEMBER=3709_PSO,GEN=14_MEMBER=2811_PSO,,
GEN=19_MEMBER=3711_PSO,GEN=16_MEMBER=3257_PSO,,
GEN=19_MEMBER=3713_PSO,GEN=12_MEMBER=2449_PSO,,
GEN=19_MEMBER=3715_PSO,GEN=15_MEMBER=3017_PSO,,
GEN=19_MEMBER=3717_PSO,GEN=17_MEMBER=3427_PSO,,
GEN=19_MEMBER=3719_PSO,GEN=16_MEMBER=3243_PSO,,
GEN=19_MEMBER=3721_PSO,GEN=16_MEMBER=3245_PSO,,
GEN=19_MEMBER=3723_PSO,GEN=18_MEMBER=3593_PSO,,
GEN=19_MEMBER=3725_PSO,GEN=17_MEMBER=3415_PSO,,
GEN=19_MEMBER=3727_PSO,GEN=16_MEMBER=3265_PSO,,
GEN=19_MEMBER=3729_PSO,GEN=16_MEMBER=3295_PSO,,
GEN=19_MEMBER=3731_PSO,GEN=15_MEMBER=3019_PSO,,
GEN=19_MEMBER=3733_PSO,GEN=16_MEMBER=3189_PSO,,
GEN=19_MEMBER=3735_PSO,GEN=16_MEMBER=3287_PSO,,
GEN=19_MEMBER=3737_PSO,GEN=17_MEMBER=3497_PSO,,
GEN=19_MEMBER=3739_PSO,GEN=18_MEMBER=3617_PSO,,
GEN=19_MEMBER=3741_PSO,GEN=15_MEMBER=3079_PSO,,
GEN=19_MEMBER=3743_PSO,GEN=15_MEMBER=3029_PSO,,
GEN=19_MEMBER=3745_PSO,GEN=18_MEMBER=3633_PSO,,
GEN=19_MEMBER=3747_PSO,GEN=18_MEMBER=3631_PSO,,
GEN=19_MEMBER=3749_PSO,GEN=16_MEMBER=3269_PSO,,
GEN=19_MEMBER=3751_PSO,GEN=18_MEMBER=3607_PSO,,
GEN=19_MEMBER=3753_PSO,GEN=18_MEMBER=3689_PSO,,
GEN=19_MEMBER=3755_PSO,GEN=18_MEMBER=3637_PSO,,
GEN=19_MEMBER=3757_PSO,GEN=14_MEMBER=2877_PSO,,
GEN=19_MEMBER=3759_PSO,GEN=15_MEMBER=3077_PSO,,
GEN=19_MEMBER=3761_PSO,GEN=18_MEMBER=3659_PSO,,
GEN=19_MEMBER=3763_PSO,GEN=12_MEMBER=2371_PSO,,
GEN=19_MEMBER=3765_PSO,GEN=16_MEMBER=3177_PSO,,
GEN=19_MEMBER=3767_PSO,GEN=6_MEMBER=1261_PSO,,
GEN=19_MEMBER=3769_PSO,GEN=13_MEMBER=2695_PSO,,
GEN=19_MEMBER=3771_PSO,GEN=18_MEMBER=3553_PSO,,
GEN=19_MEMBER=3773_PSO,GEN=15_MEMBER=3067_PSO,,
GEN=19_MEMBER=3775_PSO,GEN=17_MEMBER=3409_PSO,,
GEN=19_MEMBER=3777_PSO,GEN=9_MEMBER=1869_PSO,,
GEN=19_MEMBER=3779_PSO,GEN=9_MEMBER=1855_PSO,,
GEN=19_MEMBER=3781_PSO,GEN=12_MEMBER=2493_PSO,,
GEN=19_MEMBER=3783_PSO,GEN=15_MEMBER=3011_PSO,,
GEN=19_MEMBER=3785_PSO,GEN=15_MEMBER=2959_PSO,,
GEN=19_MEMBER=3787_PSO,GEN=15_MEMBER=3037_PSO,,
GEN=19_MEMBER=3789_PSO,GEN=15_MEMBER=3023_PSO,,
GEN=19_MEMBER=3791_PSO,GEN=18_MEMBER=3695_PSO,,
GEN=19_MEMBER=3793_PSO,GEN=14_MEMBER=2773_PSO,,
GEN=19_MEMBER=3795_PSO,GEN=16_MEMBER=3253_PSO,,
GEN=19_MEMBER=3797_PSO,GEN=9_MEMBER=1871_PSO,,
GEN=19_MEMBER=3799_PSO,GEN=11_MEMBER=2261_PSO,,
GEN=19_MEMBER=3801_PSO,GEN=15_MEMBER=3039_PSO,,
GEN=19_MEMBER=3803_PSO,GEN=18_MEMBER=3623_PSO,,
GEN=19_MEMBER=3805_PSO,GEN=15_MEMBER=3055_PSO,,
GEN=19_MEMBER=3807_PSO,GEN=14_MEMBER=2857_PSO,,
GEN=19_MEMBER=3809_PSO,GEN=16_MEMBER=3191_PSO,,
GEN=19_MEMBER=3811_PSO,GEN=15_MEMBER=3005_PSO,,
GEN=19_MEMBER=3813_PSO,GEN=18_MEMBER=3671_PSO,,
GEN=19_MEMBER=3815_PSO,GEN=18_MEMBER=3603_PSO,,
GEN=19_MEMBER=3817_PSO,GEN=6_MEMBER=1237_PSO,,
GEN=19_MEMBER=3819_PSO,GEN=18_MEMBER=3519_PSO,,
GEN=19_MEMBER=3821_PSO,GEN=18_MEMBER=3683_PSO,,
GEN=19_MEMBER=3823_PSO,GEN=18_MEMBER=3545_PSO,,
GEN=19_MEMBER=3825_PSO,GEN=8_MEMBER=1633_PSO,,
GEN=19_MEMBER=3827_PSO,GEN=5_MEMBER=941_PSO,,
GEN=19_MEMBER=3829_PSO,GEN=17_MEMBER=3397_PSO,,
GEN=19_MEMBER=3831_PSO,GEN=17_MEMBER=3451_PSO,,
GEN=19_MEMBER=3833_PSO,GEN=16_MEMBER=3175_PSO,,
GEN=19_MEMBER=3835_PSO,GEN=6_MEMBER=1189_PSO,,
GEN=19_MEMBER=3837_PSO,GEN=18_MEMBER=3561_PSO,,
GEN=19_MEMBER=3839_PSO,GEN=17_MEMBER=3471_PSO,,
GEN=19_MEMBER=3841_PSO,GEN=18_MEMBER=3615_PSO,,
GEN=19_MEMBER=3843_PSO,GEN=17_MEMBER=3411_PSO,,
GEN=19_MEMBER=3845_PSO,GEN=14_MEMBER=2861_PSO,,
GEN=19_MEMBER=3847_PSO,GEN=17_MEMBER=3395_PSO,,
GEN=19_MEMBER=3849_PSO,GEN=18_MEMBER=3513_PSO,,
GEN=19_MEMBER=3851_PSO,GEN=14_MEMBER=2823_PSO,,
GEN=19_MEMBER=3853_PSO,GEN=11_MEMBER=2275_PSO,,
GEN=19_MEMBER=3855_PSO,GEN=14_MEMBER=2777_PSO,,
GEN=19_MEMBER=3857_PSO,GEN=16_MEMBER=3133_PSO,,
GEN=19_MEMBER=3859_PSO,GEN=17_MEMBER=3433_PSO,,
GEN=19_MEMBER=3861_PSO,GEN=16_MEMBER=3181_PSO,,
GEN=19_MEMBER=3863_PSO,GEN=18_MEMBER=3609_PSO,,
GEN=19_MEMBER=3865_PSO,GEN=2_MEMBER=479_PSO,,
GEN=19_MEMBER=3867_PSO,GEN=18_MEMBER=3501_PSO,,
GEN=19_MEMBER=3869_PSO,GEN=18_MEMBER=3645_PSO,,
GEN=19_MEMBER=3871_PSO,GEN=17_MEMBER=3417_PSO,,
GEN=19_MEMBER=3873_PSO,GEN=11_MEMBER=2207_PSO,,
GEN=19_MEMBER=3875_PSO,GEN=14_MEMBER=2815_PSO,,
GEN=19_MEMBER=3877_PSO,GEN=16_MEMBER=3279_PSO,,
GEN=19_MEMBER=3879_PSO,GEN=16_MEMBER=3267_PSO,,
GEN=19_MEMBER=3881_PSO,GEN=18_MEMBER=3661_PSO,,
GEN=19_MEMBER=3883_PSO,GEN=18_MEMBER=3675_PSO,,
GEN=19_MEMBER=3885_PSO,GEN=18_MEMBER=3527_PSO,,
GEN=19_MEMBER=3887_PSO,GEN=17_MEMBER=3353_PSO,,
GEN=19_MEMBER=3889_PSO,GEN=18_MEMBER=3619_PSO,,
GEN=19_MEMBER=3891_PSO,GEN=17_MEMBER=3351_PSO,,
GEN=19_MEMBER=3893_PSO,GEN=16_MEMBER=3135_PSO,,
GEN=19_MEMBER=3895_PSO,GEN=15_MEMBER=3031_PSO,,
GEN=19_MEMBER=3897_PSO,GEN=18_MEMBER=3665_PSO,,
GEN=19_MEMBER=3899_PSO,GEN=17_MEMBER=3321_PSO,,
GEN=20_MEMBER=3901_PSO,GEN=19_MEMBER=3889_PSO,,
GEN=20_MEMBER=3903_PSO,GEN=17_MEMBER=3429_PSO,,
GEN=20_MEMBER=3905_PSO,GEN=19_MEMBER=3821_PSO,,
GEN=20_MEMBER=3907_PSO,GEN=13_MEMBER=2595_PSO,,
GEN=20_MEMBER=3909_PSO,GEN=18_MEMBER=3639_PSO,,
GEN=20_MEMBER=3911_PSO,GEN=18_MEMBER=3641_PSO,,
GEN=20_MEMBER=3913_PSO,GEN=14_MEMBER=2811_PSO,,
GEN=20_MEMBER=3915_PSO,GEN=19_MEMBER=3841_PSO,,
GEN=20_MEMBER=3917_PSO,GEN=19_MEMBER=3869_PSO,,
GEN=20_MEMBER=3919_PSO,GEN=16_MEMBER=3257_PSO,,
GEN=20_MEMBER=3921_PSO,GEN=12_MEMBER=2449_PSO,,
GEN=20_MEMBER=3923_PSO,GEN=15_MEMBER=3017_PSO,,
GEN=20_MEMBER=3925_PSO,GEN=19_MEMBER=3849_PSO,,
GEN=20_MEMBER=3927_PSO,GEN=19_MEMBER=3899_PSO,,
GEN=20_MEMBER=3929_PSO,GEN=17_MEMBER=3427_PSO,,
GEN=20_MEMBER=3931_PSO,GEN=16_MEMBER=3243_PSO,,
GEN=20_MEMBER=3933_PSO,GEN=16_MEMBER=3245_PSO,,
GEN=20_MEMBER=3935_PSO,GEN=18_MEMBER=3593_PSO,,
GEN=20_MEMBER=3937_PSO,GEN=17_MEMBER=3415_PSO,,
GEN=20_MEMBER=3939_PSO,GEN=16_MEMBER=3265_PSO,,
GEN=20_MEMBER=3941_PSO,GEN=16_MEMBER=3295_PSO,,
GEN=20_MEMBER=3943_PSO,GEN=15_MEMBER=3019_PSO,,
GEN=20_MEMBER=3945_PSO,GEN=16_MEMBER=3189_PSO,,
GEN=20_MEMBER=3947_PSO,GEN=16_MEMBER=3287_PSO,,
GEN=20_MEMBER=3949_PSO,GEN=17_MEMBER=3497_PSO,,
GEN=20_MEMBER=3951_PSO,GEN=18_MEMBER=3617_PSO,,
GEN=20_MEMBER=3953_PSO,GEN=15_MEMBER=3079_PSO,,
GEN=20_MEMBER=3955_PSO,GEN=15_MEMBER=3029_PSO,,
GEN=20_MEMBER=3957_PSO,GEN=19_MEMBER=3823_PSO,,
GEN=20_MEMBER=3959_PSO,GEN=18_MEMBER=3633_PSO,,
GEN=20_MEMBER=3961_PSO,GEN=18_MEMBER=3631_PSO,,
GEN=20_MEMBER=3963_PSO,GEN=16_MEMBER=3269_PSO,,
GEN=20_MEMBER=3965_PSO,GEN=18_MEMBER=3607_PSO,,
GEN=20_MEMBER=3967_PSO,GEN=18_MEMBER=3689_PSO,,
GEN=20_MEMBER=3969_PSO,GEN=19_MEMBER=3895_PSO,,
GEN=20_MEMBER=3971_PSO,GEN=18_MEMBER=3637_PSO,,
GEN=20_MEMBER=3973_PSO,GEN=14_MEMBER=2877_PSO,,
GEN=20_MEMBER=3975_PSO,GEN=19_MEMBER=3857_PSO,,
GEN=20_MEMBER=3977_PSO,GEN=15_MEMBER=3077_PSO,,
GEN=20_MEMBER=3979_PSO,GEN=18_MEMBER=3659_PSO,,
GEN=20_MEMBER=3981_PSO,GEN=19_MEMBER=3829_PSO,,
GEN=20_MEMBER=3983_PSO,GEN=12_MEMBER=2371_PSO,,
GEN=20_MEMBER=3985_PSO,GEN=16_MEMBER=3177_PSO,,
GEN=20_MEMBER=3987_PSO,GEN=6_MEMBER=1261_PSO,,
GEN=20_MEMBER=3989_PSO,GEN=19_MEMBER=3751_PSO,,
GEN=20_MEMBER=3991_PSO,GEN=19_MEMBER=3887_PSO,,
GEN=20_MEMBER=3993_PSO,GEN=13_MEMBER=2695_PSO,,
GEN=20_MEMBER=3995_PSO,GEN=18_MEMBER=3553_PSO,,
GEN=20_MEMBER=3997_PSO,GEN=15_MEMBER=3067_PSO,,
GEN=20_MEMBER=3999_PSO,GEN=19_MEMBER=3745_PSO,,
GEN=20_MEMBER=4001_PSO,GEN=19_MEMBER=3867_PSO,,
GEN=20_MEMBER=4003_PSO,GEN=19_MEMBER=3771_PSO,,
GEN=20_MEMBER=4005_PSO,GEN=19_MEMBER=3837_PSO,,
GEN=20_MEMBER=4007_PSO,GEN=17_MEMBER=3409_PSO,,
GEN=20_MEMBER=4009_PSO,GEN=9_MEMBER=1869_PSO,,
GEN=20_MEMBER=4011_PSO,GEN=9_MEMBER=1855_PSO,,
GEN=20_MEMBER=4013_PSO,GEN=19_MEMBER=3815_PSO,,
GEN=20_MEMBER=4015_PSO,GEN=19_MEMBER=3723_PSO,,
GEN=20_MEMBER=4017_PSO,GEN=19_MEMBER=3863_PSO,,
GEN=20_MEMBER=4019_PSO,GEN=12_MEMBER=2493_PSO,,
GEN=20_MEMBER=4021_PSO,GEN=15_MEMBER=3011_PSO,,
GEN=20_MEMBER=4023_PSO,GEN=19_MEMBER=3761_PSO,,
GEN=20_MEMBER=4025_PSO,GEN=19_MEMBER=3897_PSO,,
GEN=20_MEMBER=4027_PSO,GEN=15_MEMBER=2959_PSO,,
GEN=20_MEMBER=4029_PSO,GEN=15_MEMBER=3037_PSO,,
GEN=20_MEMBER=4031_PSO,GEN=15_MEMBER=3023_PSO,,
GEN=20_MEMBER=4033_PSO,GEN=18_MEMBER=3695_PSO,,
GEN=20_MEMBER=4035_PSO,GEN=14_MEMBER=2773_PSO,,
GEN=20_MEMBER=4037_PSO,GEN=16_MEMBER=3253_PSO,,
GEN=20_MEMBER=4039_PSO,GEN=9_MEMBER=1871_PSO,,
GEN=20_MEMBER=4041_PSO,GEN=19_MEMBER=3739_PSO,,
GEN=20_MEMBER=4043_PSO,GEN=11_MEMBER=2261_PSO,,
GEN=20_MEMBER=4045_PSO,GEN=15_MEMBER=3039_PSO,,
GEN=20_MEMBER=4047_PSO,GEN=18_MEMBER=3623_PSO,,
GEN=20_MEMBER=4049_PSO,GEN=15_MEMBER=3055_PSO,,
GEN=20_MEMBER=4051_PSO,GEN=14_MEMBER=2857_PSO,,
GEN=20_MEMBER=4053_PSO,GEN=19_MEMBER=3871_PSO,,
GEN=20_MEMBER=4055_PSO,GEN=16_MEMBER=3191_PSO,,
GEN=20_MEMBER=4057_PSO,GEN=15_MEMBER=3005_PSO,,
GEN=20_MEMBER=4059_PSO,GEN=18_MEMBER=3671_PSO,,
GEN=20_MEMBER=4061_PSO,GEN=18_MEMBER=3603_PSO,,
GEN=20_MEMBER=4063_PSO,GEN=6_MEMBER=1237_PSO,,
GEN=20_MEMBER=4065_PSO,GEN=18_MEMBER=3519_PSO,,
GEN=20_MEMBER=4067_PSO,GEN=19_MEMBER=3847_PSO,,
GEN=20_MEMBER=4069_PSO,GEN=18_MEMBER=3683_PSO,,
GEN=20_MEMBER=4071_PSO,GEN=18_MEMBER=3545_PSO,,
GEN=20_MEMBER=4073_PSO,GEN=8_MEMBER=1633_PSO,,
GEN=20_MEMBER=4075_PSO,GEN=19_MEMBER=3725_PSO,,
GEN=20_MEMBER=4077_PSO,GEN=5_MEMBER=941_PSO,,
GEN=20_MEMBER=4079_PSO,GEN=17_MEMBER=3397_PSO,,
GEN=20_MEMBER=4081_PSO,GEN=17_MEMBER=3451_PSO,,
GEN=20_MEMBER=4083_PSO,GEN=19_MEMBER=3705_PSO,,
GEN=20_MEMBER=4085_PSO,GEN=19_MEMBER=3803_PSO,,
GEN=20_MEMBER=4087_PSO,GEN=19_MEMBER=3775_PSO,,
GEN=20_MEMBER=4089_PSO,GEN=16_MEMBER=3175_PSO,,
GEN=20_MEMBER=4091_PSO,GEN=6_MEMBER=1189_PSO,,
GEN=20_MEMBER=4093_PSO,GEN=18_MEMBER=3561_PSO,,
GEN=20_MEMBER=4095_PSO,GEN=17_MEMBER=3471_PSO,,
GEN=20_MEMBER=4097_PSO,GEN=19_MEMBER=3717_PSO,,
GEN=20_MEMBER=4099_PSO,GEN=18_MEMBER=3615_PSO,,
GEN=21_MEMBER=4101_PSO,GEN=20_MEMBER=4065_PSO,,
GEN=21_MEMBER=4103_PSO,GEN=19_MEMBER=3889_PSO,,
GEN=21_MEMBER=4105_PSO,GEN=20_MEMBER=4007_PSO,,
GEN=21_MEMBER=4107_PSO,GEN=17_MEMBER=3429_PSO,,
GEN=21_MEMBER=4109_PSO,GEN=19_MEMBER=3821_PSO,,
GEN=21_MEMBER=4111_PSO,GEN=13_MEMBER=2595_PSO,,
GEN=21_MEMBER=4113_PSO,GEN=18_MEMBER=3639_PSO,,
GEN=21_MEMBER=4115_PSO,GEN=18_MEMBER=3641_PSO,,
GEN=21_MEMBER=4117_PSO,GEN=14_MEMBER=2811_PSO,,
GEN=21_MEMBER=4119_PSO,GEN=20_MEMBER=4053_PSO,,
GEN=21_MEMBER=4121_PSO,GEN=19_MEMBER=3841_PSO,,
GEN=21_MEMBER=4123_PSO,GEN=19_MEMBER=3869_PSO,,
GEN=21_MEMBER=4125_PSO,GEN=16_MEMBER=3257_PSO,,
GEN=21_MEMBER=4127_PSO,GEN=12_MEMBER=2449_PSO,,
GEN=21_MEMBER=4129_PSO,GEN=15_MEMBER=3017_PSO,,
GEN=21_MEMBER=4131_PSO,GEN=20_MEMBER=4025_PSO,,
GEN=21_MEMBER=4133_PSO,GEN=19_MEMBER=3849_PSO,,
GEN=21_MEMBER=4135_PSO,GEN=19_MEMBER=3899_PSO,,
GEN=21_MEMBER=4137_PSO,GEN=20_MEMBER=4013_PSO,,
GEN=21_MEMBER=4139_PSO,GEN=17_MEMBER=3427_PSO,,
GEN=21_MEMBER=4141_PSO,GEN=16_MEMBER=3243_PSO,,
GEN=21_MEMBER=4143_PSO,GEN=16_MEMBER=3245_PSO,,
GEN=21_MEMBER=4145_PSO,GEN=18_MEMBER=3593_PSO,,
GEN=21_MEMBER=4147_PSO,GEN=17_MEMBER=3415_PSO,,
GEN=21_MEMBER=4149_PSO,GEN=16_MEMBER=3265_PSO,,
GEN=21_MEMBER=4151_PSO,GEN=20_MEMBER=4093_PSO,,
GEN=21_MEMBER=4153_PSO,GEN=20_MEMBER=3999_PSO,,
GEN=21_MEMBER=4155_PSO,GEN=16_MEMBER=3295_PSO,,
GEN=21_MEMBER=4157_PSO,GEN=15_MEMBER=3019_PSO,,
GEN=21_MEMBER=4159_PSO,GEN=16_MEMBER=3189_PSO,,
GEN=21_MEMBER=4161_PSO,GEN=16_MEMBER=3287_PSO,,
GEN=21_MEMBER=4163_PSO,GEN=17_MEMBER=3497_PSO,,
GEN=21_MEMBER=4165_PSO,GEN=18_MEMBER=3617_PSO,,
GEN=21_MEMBER=4167_PSO,GEN=20_MEMBER=4003_PSO,,
GEN=21_MEMBER=4169_PSO,GEN=15_MEMBER=3079_PSO,,
GEN=21_MEMBER=4171_PSO,GEN=15_MEMBER=3029_PSO,,
GEN=21_MEMBER=4173_PSO,GEN=20_MEMBER=4047_PSO,,
GEN=21_MEMBER=4175_PSO,GEN=20_MEMBER=3981_PSO,,
GEN=21_MEMBER=4177_PSO,GEN=20_MEMBER=3965_PSO,,
GEN=21_MEMBER=4179_PSO,GEN=20_MEMBER=3975_PSO,,
GEN=21_MEMBER=4181_PSO,GEN=19_MEMBER=3823_PSO,,
GEN=21_MEMBER=4183_PSO,GEN=20_MEMBER=4067_PSO,,
GEN=21_MEMBER=4185_PSO,GEN=18_MEMBER=3633_PSO,,
GEN=21_MEMBER=4187_PSO,GEN=20_MEMBER=4015_PSO,,
GEN=21_MEMBER=4189_PSO,GEN=18_MEMBER=3631_PSO,,
GEN=21_MEMBER=4191_PSO,GEN=20_MEMBER=3989_PSO,,
GEN=21_MEMBER=4193_PSO,GEN=16_MEMBER=3269_PSO,,
GEN=21_MEMBER=4195_PSO,GEN=18_MEMBER=3607_PSO,,
GEN=21_MEMBER=4197_PSO,GEN=20_MEMBER=4083_PSO,,
GEN=21_MEMBER=4199_PSO,GEN=18_MEMBER=3689_PSO,,
GEN=21_MEMBER=4201_PSO,GEN=19_MEMBER=3895_PSO,,
GEN=21_MEMBER=4203_PSO,GEN=20_MEMBER=3935_PSO,,
GEN=21_MEMBER=4205_PSO,GEN=18_MEMBER=3637_PSO,,
GEN=21_MEMBER=4207_PSO,GEN=14_MEMBER=2877_PSO,,
GEN=21_MEMBER=4209_PSO,GEN=19_MEMBER=3857_PSO,,
GEN=21_MEMBER=4211_PSO,GEN=15_MEMBER=3077_PSO,,
GEN=21_MEMBER=4213_PSO,GEN=20_MEMBER=4059_PSO,,
GEN=21_MEMBER=4215_PSO,GEN=18_MEMBER=3659_PSO,,
GEN=21_MEMBER=4217_PSO,GEN=19_MEMBER=3829_PSO,,
GEN=21_MEMBER=4219_PSO,GEN=12_MEMBER=2371_PSO,,
GEN=21_MEMBER=4221_PSO,GEN=20_MEMBER=4041_PSO,,
GEN=21_MEMBER=4223_PSO,GEN=16_MEMBER=3177_PSO,,
GEN=21_MEMBER=4225_PSO,GEN=6_MEMBER=1261_PSO,,
GEN=21_MEMBER=4227_PSO,GEN=20_MEMBER=3951_PSO,,
GEN=21_MEMBER=4229_PSO,GEN=20_MEMBER=4023_PSO,,
GEN=21_MEMBER=4231_PSO,GEN=19_MEMBER=3751_PSO,,
GEN=21_MEMBER=4233_PSO,GEN=19_MEMBER=3887_PSO,,
GEN=21_MEMBER=4235_PSO,GEN=13_MEMBER=2695_PSO,,
GEN=21_MEMBER=4237_PSO,GEN=18_MEMBER=3553_PSO,,
GEN=21_MEMBER=4239_PSO,GEN=15_MEMBER=3067_PSO,,
GEN=21_MEMBER=4241_PSO,GEN=19_MEMBER=3745_PSO,,
GEN=21_MEMBER=4243_PSO,GEN=19_MEMBER=3867_PSO,,
GEN=21_MEMBER=4245_PSO,GEN=19_MEMBER=3771_PSO,,
GEN=21_MEMBER=4247_PSO,GEN=19_MEMBER=3837_PSO,,
GEN=21_MEMBER=4249_PSO,GEN=17_MEMBER=3409_PSO,,
GEN=21_MEMBER=4251_PSO,GEN=20_MEMBER=4075_PSO,,
GEN=21_MEMBER=4253_PSO,GEN=9_MEMBER=1869_PSO,,
GEN=21_MEMBER=4255_PSO,GEN=9_MEMBER=1855_PSO,,
GEN=21_MEMBER=4257_PSO,GEN=20_MEMBER=3957_PSO,,
GEN=21_MEMBER=4259_PSO,GEN=20_MEMBER=3905_PSO,,
GEN=21_MEMBER=4261_PSO,GEN=20_MEMBER=4085_PSO,,
GEN=21_MEMBER=4263_PSO,GEN=19_MEMBER=3815_PSO,,
GEN=21_MEMBER=4265_PSO,GEN=19_MEMBER=3723_PSO,,
GEN=21_MEMBER=4267_PSO,GEN=20_MEMBER=4061_PSO,,
GEN=21_MEMBER=4269_PSO,GEN=19_MEMBER=3863_PSO,,
GEN=21_MEMBER=4271_PSO,GEN=12_MEMBER=2493_PSO,,
GEN=21_MEMBER=4273_PSO,GEN=15_MEMBER=3011_PSO,,
GEN=21_MEMBER=4275_PSO,GEN=19_MEMBER=3761_PSO,,
GEN=21_MEMBER=4277_PSO,GEN=19_MEMBER=3897_PSO,,
GEN=21_MEMBER=4279_PSO,GEN=15_MEMBER=2959_PSO,,
GEN=21_MEMBER=4281_PSO,GEN=15_MEMBER=3037_PSO,,
GEN=21_MEMBER=4283_PSO,GEN=20_MEMBER=4079_PSO,,
GEN=21_MEMBER=4285_PSO,GEN=15_MEMBER=3023_PSO,,
GEN=21_MEMBER=4287_PSO,GEN=18_MEMBER=3695_PSO,,
GEN=21_MEMBER=4289_PSO,GEN=14_MEMBER=2773_PSO,,
GEN=21_MEMBER=4291_PSO,GEN=16_MEMBER=3253_PSO,,
GEN=21_MEMBER=4293_PSO,GEN=20_MEMBER=3925_PSO,,
GEN=21_MEMBER=4295_PSO,GEN=9_MEMBER=1871_PSO,,
GEN=21_MEMBER=4297_PSO,GEN=19_MEMBER=3739_PSO,,
GEN=21_MEMBER=4299_PSO,GEN=20_MEMBER=3937_PSO,,
GEN=22_MEMBER=4301_PSO,GEN=20_MEMBER=4065_PSO,,
GEN=22_MEMBER=4303_PSO,GEN=19_MEMBER=3889_PSO,,
GEN=22_MEMBER=4305_PSO,GEN=20_MEMBER=4007_PSO,,
GEN=22_MEMBER=4307_PSO,GEN=17_MEMBER=3429_PSO,,
GEN=22_MEMBER=4309_PSO,GEN=19_MEMBER=3821_PSO,,
GEN=22_MEMBER=4311_PSO,GEN=13_MEMBER=2595_PSO,,
GEN=22_MEMBER=4313_PSO,GEN=18_MEMBER=3639_PSO,,
GEN=22_MEMBER=4315_PSO,GEN=21_MEMBER=4265_PSO,,
GEN=22_MEMBER=4317_PSO,GEN=18_MEMBER=3641_PSO,,
GEN=22_MEMBER=4319_PSO,GEN=14_MEMBER=2811_PSO,,
GEN=22_MEMBER=4321_PSO,GEN=21_MEMBER=4261_PSO,,
GEN=22_MEMBER=4323_PSO,GEN=21_MEMBER=4217_PSO,,
GEN=22_MEMBER=4325_PSO,GEN=20_MEMBER=4053_PSO,,
GEN=22_MEMBER=4327_PSO,GEN=19_MEMBER=3841_PSO,,
GEN=22_MEMBER=4329_PSO,GEN=19_MEMBER=3869_PSO,,
GEN=22_MEMBER=4331_PSO,GEN=16_MEMBER=3257_PSO,,
GEN=22_MEMBER=4333_PSO,GEN=12_MEMBER=2449_PSO,,
GEN=22_MEMBER=4335_PSO,GEN=15_MEMBER=3017_PSO,,
GEN=22_MEMBER=4337_PSO,GEN=21_MEMBER=4283_PSO,,
GEN=22_MEMBER=4339_PSO,GEN=20_MEMBER=4025_PSO,,
GEN=22_MEMBER=4341_PSO,GEN=19_MEMBER=3849_PSO,,
GEN=22_MEMBER=4343_PSO,GEN=19_MEMBER=3899_PSO,,
GEN=22_MEMBER=4345_PSO,GEN=21_MEMBER=4241_PSO,,
GEN=22_MEMBER=4347_PSO,GEN=20_MEMBER=4013_PSO,,
GEN=22_MEMBER=4349_PSO,GEN=17_MEMBER=3427_PSO,,
GEN=22_MEMBER=4351_PSO,GEN=16_MEMBER=3243_PSO,,
GEN=22_MEMBER=4353_PSO,GEN=16_MEMBER=3245_PSO,,
GEN=22_MEMBER=4355_PSO,GEN=21_MEMBER=4203_PSO,,
GEN=22_MEMBER=4357_PSO,GEN=18_MEMBER=3593_PSO,,
GEN=22_MEMBER=4359_PSO,GEN=17_MEMBER=3415_PSO,,
GEN=22_MEMBER=4361_PSO,GEN=16_MEMBER=3265_PSO,,
GEN=22_MEMBER=4363_PSO,GEN=21_MEMBER=4195_PSO,,
GEN=22_MEMBER=4365_PSO,GEN=20_MEMBER=4093_PSO,,
GEN=22_MEMBER=4367_PSO,GEN=20_MEMBER=3999_PSO,,
GEN=22_MEMBER=4369_PSO,GEN=21_MEMBER=4251_PSO,,
GEN=22_MEMBER=4371_PSO,GEN=16_MEMBER=3295_PSO,,
GEN=22_MEMBER=4373_PSO,GEN=15_MEMBER=3019_PSO,,
GEN=22_MEMBER=4375_PSO,GEN=16_MEMBER=3189_PSO,,
GEN=22_MEMBER=4377_PSO,GEN=16_MEMBER=3287_PSO,,
GEN=22_MEMBER=4379_PSO,GEN=17_MEMBER=3497_PSO,,
GEN=22_MEMBER=4381_PSO,GEN=18_MEMBER=3617_PSO,,
GEN=22_MEMBER=4383_PSO,GEN=20_MEMBER=4003_PSO,,
GEN=22_MEMBER=4385_PSO,GEN=15_MEMBER=3079_PSO,,
GEN=22_MEMBER=4387_PSO,GEN=15_MEMBER=3029_PSO,,
GEN=22_MEMBER=4389_PSO,GEN=20_MEMBER=4047_PSO,,
GEN=22_MEMBER=4391_PSO,GEN=21_MEMBER=4137_PSO,,
GEN=22_MEMBER=4393_PSO,GEN=20_MEMBER=3981_PSO,,
GEN=22_MEMBER=4395_PSO,GEN=20_MEMBER=3965_PSO,,
GEN=22_MEMBER=4397_PSO,GEN=20_MEMBER=3975_PSO,,
GEN=22_MEMBER=4399_PSO,GEN=21_MEMBER=4183_PSO,,
GEN=22_MEMBER=4401_PSO,GEN=21_MEMBER=4191_PSO,,
GEN=22_MEMBER=4403_PSO,GEN=21_MEMBER=4259_PSO,,
GEN=22_MEMBER=4405_PSO,GEN=19_MEMBER=3823_PSO,,
GEN=22_MEMBER=4407_PSO,GEN=20_MEMBER=4067_PSO,,
GEN=22_MEMBER=4409_PSO,GEN=18_MEMBER=3633_PSO,,
GEN=22_MEMBER=4411_PSO,GEN=21_MEMBER=4293_PSO,,
GEN=22_MEMBER=4413_PSO,GEN=20_MEMBER=4015_PSO,,
GEN=22_MEMBER=4415_PSO,GEN=18_MEMBER=3631_PSO,,
GEN=22_MEMBER=4417_PSO,GEN=20_MEMBER=3989_PSO,,
GEN=22_MEMBER=4419_PSO,GEN=21_MEMBER=4263_PSO,,
GEN=22_MEMBER=4421_PSO,GEN=16_MEMBER=3269_PSO,,
GEN=22_MEMBER=4423_PSO,GEN=18_MEMBER=3607_PSO,,
GEN=22_MEMBER=4425_PSO,GEN=21_MEMBER=4177_PSO,,
GEN=22_MEMBER=4427_PSO,GEN=21_MEMBER=4257_PSO,,
GEN=22_MEMBER=4429_PSO,GEN=20_MEMBER=4083_PSO,,
GEN=22_MEMBER=4431_PSO,GEN=18_MEMBER=3689_PSO,,
GEN=22_MEMBER=4433_PSO,GEN=19_MEMBER=3895_PSO,,
GEN=22_MEMBER=4435_PSO,GEN=20_MEMBER=3935_PSO,,
GEN=22_MEMBER=4437_PSO,GEN=18_MEMBER=3637_PSO,,
GEN=22_MEMBER=4439_PSO,GEN=14_MEMBER=2877_PSO,,
GEN=22_MEMBER=4441_PSO,GEN=21_MEMBER=4151_PSO,,
GEN=22_MEMBER=4443_PSO,GEN=21_MEMBER=4153_PSO,,
GEN=22_MEMBER=4445_PSO,GEN=21_MEMBER=4105_PSO,,
GEN=22_MEMBER=4447_PSO,GEN=21_MEMBER=4175_PSO,,
GEN=22_MEMBER=4449_PSO,GEN=21_MEMBER=4245_PSO,,
GEN=22_MEMBER=4451_PSO,GEN=19_MEMBER=3857_PSO,,
GEN=22_MEMBER=4453_PSO,GEN=15_MEMBER=3077_PSO,,
GEN=22_MEMBER=4455_PSO,GEN=21_MEMBER=4187_PSO,,
GEN=22_MEMBER=4457_PSO,GEN=20_MEMBER=4059_PSO,,
GEN=22_MEMBER=4459_PSO,GEN=18_MEMBER=3659_PSO,,
GEN=22_MEMBER=4461_PSO,GEN=19_MEMBER=3829_PSO,,
GEN=22_MEMBER=4463_PSO,GEN=12_MEMBER=2371_PSO,,
GEN=22_MEMBER=4465_PSO,GEN=20_MEMBER=4041_PSO,,
GEN=22_MEMBER=4467_PSO,GEN=16_MEMBER=3177_PSO,,
GEN=22_MEMBER=4469_PSO,GEN=6_MEMBER=1261_PSO,,
GEN=22_MEMBER=4471_PSO,GEN=20_MEMBER=3951_PSO,,
GEN=22_MEMBER=4473_PSO,GEN=20_MEMBER=4023_PSO,,
GEN=22_MEMBER=4475_PSO,GEN=19_MEMBER=3751_PSO,,
GEN=22_MEMBER=4477_PSO,GEN=19_MEMBER=3887_PSO,,
GEN=22_MEMBER=4479_PSO,GEN=13_MEMBER=2695_PSO,,
GEN=22_MEMBER=4481_PSO,GEN=21_MEMBER=4227_PSO,,
GEN=22_MEMBER=4483_PSO,GEN=18_MEMBER=3553_PSO,,
GEN=22_MEMBER=4485_PSO,GEN=15_MEMBER=3067_PSO,,
GEN=22_MEMBER=4487_PSO,GEN=19_MEMBER=3745_PSO,,
GEN=22_MEMBER=4489_PSO,GEN=19_MEMBER=3867_PSO,,
GEN=22_MEMBER=4491_PSO,GEN=21_MEMBER=4145_PSO,,
GEN=22_MEMBER=4493_PSO,GEN=19_MEMBER=3771_PSO,,
GEN=22_MEMBER=4495_PSO,GEN=19_MEMBER=3837_PSO,,
GEN=22_MEMBER=4497_PSO,GEN=17_MEMBER=3409_PSO,,
GEN=22_MEMBER=4499_PSO,GEN=20_MEMBER=4075_PSO,,
GEN=23_MEMBER=4501_PSO,GEN=22_MEMBER=4455_PSO,,
GEN=23_MEMBER=4503_PSO,GEN=22_MEMBER=4425_PSO,,
GEN=23_MEMBER=4505_PSO,GEN=20_MEMBER=4065_PSO,,
GEN=23_MEMBER=4507_PSO,GEN=19_MEMBER=3889_PSO,,
GEN=23_MEMBER=4509_PSO,GEN=20_MEMBER=4007_PSO,,
GEN=23_MEMBER=4511_PSO,GEN=17_MEMBER=3429_PSO,,
GEN=23_MEMBER=4513_PSO,GEN=19_MEMBER=3821_PSO,,
GEN=23_MEMBER=4515_PSO,GEN=13_MEMBER=2595_PSO,,
GEN=23_MEMBER=4517_PSO,GEN=22_MEMBER=4447_PSO,,
GEN=23_MEMBER=4519_PSO,GEN=18_MEMBER=3639_PSO,,
GEN=23_MEMBER=4521_PSO,GEN=21_MEMBER=4265_PSO,,
GEN=23_MEMBER=4523_PSO,GEN=18_MEMBER=3641_PSO,,
GEN=23_MEMBER=4525_PSO,GEN=22_MEMBER=4401_PSO,,
GEN=23_MEMBER=4527_PSO,GEN=22_MEMBER=4445_PSO,,
GEN=23_MEMBER=4529_PSO,GEN=14_MEMBER=2811_PSO,,
GEN=23_MEMBER=4531_PSO,GEN=21_MEMBER=4261_PSO,,
GEN=23_MEMBER=4533_PSO,GEN=21_MEMBER=4217_PSO,,
GEN=23_MEMBER=4535_PSO,GEN=20_MEMBER=4053_PSO,,
GEN=23_MEMBER=4537_PSO,GEN=19_MEMBER=3841_PSO,,
GEN=23_MEMBER=4539_PSO,GEN=19_MEMBER=3869_PSO,,
GEN=23_MEMBER=4541_PSO,GEN=16_MEMBER=3257_PSO,,
GEN=23_MEMBER=4543_PSO,GEN=12_MEMBER=2449_PSO,,
GEN=23_MEMBER=4545_PSO,GEN=15_MEMBER=3017_PSO,,
GEN=23_MEMBER=4547_PSO,GEN=22_MEMBER=4461_PSO,,
GEN=23_MEMBER=4549_PSO,GEN=21_MEMBER=4283_PSO,,
GEN=23_MEMBER=4551_PSO,GEN=20_MEMBER=4025_PSO,,
GEN=23_MEMBER=4553_PSO,GEN=19_MEMBER=3849_PSO,,
GEN=23_MEMBER=4555_PSO,GEN=19_MEMBER=3899_PSO,,
GEN=23_MEMBER=4557_PSO,GEN=21_MEMBER=4241_PSO,,
GEN=23_MEMBER=4559_PSO,GEN=20_MEMBER=4013_PSO,,
GEN=23_MEMBER=4561_PSO,GEN=17_MEMBER=3427_PSO,,
GEN=23_MEMBER=4563_PSO,GEN=16_MEMBER=3243_PSO,,
GEN=23_MEMBER=4565_PSO,GEN=16_MEMBER=3245_PSO,,
GEN=23_MEMBER=4567_PSO,GEN=21_MEMBER=4203_PSO,,
GEN=23_MEMBER=4569_PSO,GEN=18_MEMBER=3593_PSO,,
GEN=23_MEMBER=4571_PSO,GEN=17_MEMBER=3415_PSO,,
GEN=23_MEMBER=4573_PSO,GEN=16_MEMBER=3265_PSO,,
GEN=23_MEMBER=4575_PSO,GEN=21_MEMBER=4195_PSO,,
GEN=23_MEMBER=4577_PSO,GEN=20_MEMBER=4093_PSO,,
GEN=23_MEMBER=4579_PSO,GEN=20_MEMBER=3999_PSO,,
GEN=23_MEMBER=4581_PSO,GEN=21_MEMBER=4251_PSO,,
GEN=23_MEMBER=4583_PSO,GEN=16_MEMBER=3295_PSO,,
GEN=23_MEMBER=4585_PSO,GEN=22_MEMBER=4323_PSO,,
GEN=23_MEMBER=4587_PSO,GEN=15_MEMBER=3019_PSO,,
GEN=23_MEMBER=4589_PSO,GEN=16_MEMBER=3189_PSO,,
GEN=23_MEMBER=4591_PSO,GEN=22_MEMBER=4491_PSO,,
GEN=23_MEMBER=4593_PSO,GEN=16_MEMBER=3287_PSO,,
GEN=23_MEMBER=4595_PSO,GEN=22_MEMBER=4397_PSO,,
GEN=23_MEMBER=4597_PSO,GEN=22_MEMBER=4369_PSO,,
GEN=23_MEMBER=4599_PSO,GEN=17_MEMBER=3497_PSO,,
GEN=23_MEMBER=4601_PSO,GEN=18_MEMBER=3617_PSO,,
GEN=23_MEMBER=4603_PSO,GEN=22_MEMBER=4355_PSO,,
GEN=23_MEMBER=4605_PSO,GEN=22_MEMBER=4427_PSO,,
GEN=23_MEMBER=4607_PSO,GEN=22_MEMBER=4367_PSO,,
GEN=23_MEMBER=4609_PSO,GEN=22_MEMBER=4347_PSO,,
GEN=23_MEMBER=4611_PSO,GEN=22_MEMBER=4419_PSO,,
GEN=23_MEMBER=4613_PSO,GEN=22_MEMBER=4345_PSO,,
GEN=23_MEMBER=4615_PSO,GEN=22_MEMBER=4435_PSO,,
GEN=23_MEMBER=4617_PSO,GEN=20_MEMBER=4003_PSO,,
GEN=23_MEMBER=4619_PSO,GEN=15_MEMBER=3079_PSO,,
GEN=23_MEMBER=4621_PSO,GEN=15_MEMBER=3029_PSO,,
GEN=23_MEMBER=4623_PSO,GEN=20_MEMBER=4047_PSO,,
GEN=23_MEMBER=4625_PSO,GEN=22_MEMBER=4451_PSO,,
GEN=23_MEMBER=4627_PSO,GEN=21_MEMBER=4137_PSO,,
GEN=23_MEMBER=4629_PSO,GEN=20_MEMBER=3981_PSO,,
GEN=23_MEMBER=4631_PSO,GEN=22_MEMBER=4391_PSO,,
GEN=23_MEMBER=4633_PSO,GEN=20_MEMBER=3965_PSO,,
GEN=23_MEMBER=4635_PSO,GEN=22_MEMBER=4417_PSO,,
GEN=23_MEMBER=4637_PSO,GEN=22_MEMBER=4449_PSO,,
GEN=23_MEMBER=4639_PSO,GEN=20_MEMBER=3975_PSO,,
GEN=23_MEMBER=4641_PSO,GEN=21_MEMBER=4183_PSO,,
GEN=23_MEMBER=4643_PSO,GEN=21_MEMBER=4191_PSO,,
GEN=23_MEMBER=4645_PSO,GEN=21_MEMBER=4259_PSO,,
GEN=23_MEMBER=4647_PSO,GEN=19_MEMBER=3823_PSO,,
GEN=23_MEMBER=4649_PSO,GEN=22_MEMBER=4395_PSO,,
GEN=23_MEMBER=4651_PSO,GEN=20_MEMBER=4067_PSO,,
GEN=23_MEMBER=4653_PSO,GEN=22_MEMBER=4399_PSO,,
GEN=23_MEMBER=4655_PSO,GEN=18_MEMBER=3633_PSO,,
GEN=23_MEMBER=4657_PSO,GEN=21_MEMBER=4293_PSO,,
GEN=23_MEMBER=4659_PSO,GEN=20_MEMBER=4015_PSO,,
GEN=23_MEMBER=4661_PSO,GEN=18_MEMBER=3631_PSO,,
GEN=23_MEMBER=4663_PSO,GEN=20_MEMBER=3989_PSO,,
GEN=23_MEMBER=4665_PSO,GEN=21_MEMBER=4263_PSO,,
GEN=23_MEMBER=4667_PSO,GEN=22_MEMBER=4383_PSO,,
GEN=23_MEMBER=4669_PSO,GEN=22_MEMBER=4493_PSO,,
GEN=23_MEMBER=4671_PSO,GEN=16_MEMBER=3269_PSO,,
GEN=23_MEMBER=4673_PSO,GEN=22_MEMBER=4363_PSO,,
GEN=23_MEMBER=4675_PSO,GEN=18_MEMBER=3607_PSO,,
GEN=23_MEMBER=4677_PSO,GEN=21_MEMBER=4177_PSO,,
GEN=23_MEMBER=4679_PSO,GEN=22_MEMBER=4459_PSO,,
GEN=23_MEMBER=4681_PSO,GEN=21_MEMBER=4257_PSO,,
GEN=23_MEMBER=4683_PSO,GEN=20_MEMBER=4083_PSO,,
GEN=23_MEMBER=4685_PSO,GEN=18_MEMBER=3689_PSO,,
GEN=23_MEMBER=4687_PSO,GEN=19_MEMBER=3895_PSO,,
GEN=23_MEMBER=4689_PSO,GEN=22_MEMBER=4499_PSO,,
GEN=23_MEMBER=4691_PSO,GEN=20_MEMBER=3935_PSO,,
GEN=23_MEMBER=4693_PSO,GEN=22_MEMBER=4357_PSO,,
GEN=23_MEMBER=4695_PSO,GEN=18_MEMBER=3637_PSO,,
GEN=23_MEMBER=4697_PSO,GEN=14_MEMBER=2877_PSO,,
GEN=23_MEMBER=4699_PSO,GEN=21_MEMBER=4151_PSO,,
GEN=24_MEMBER=4701_PSO,GEN=22_MEMBER=4455_PSO,,
GEN=24_MEMBER=4703_PSO,GEN=23_MEMBER=4649_PSO,,
GEN=24_MEMBER=4705_PSO,GEN=22_MEMBER=4425_PSO,,
GEN=24_MEMBER=4707_PSO,GEN=20_MEMBER=4065_PSO,,
GEN=24_MEMBER=4709_PSO,GEN=23_MEMBER=4603_PSO,,
GEN=24_MEMBER=4711_PSO,GEN=19_MEMBER=3889_PSO,,
GEN=24_MEMBER=4713_PSO,GEN=20_MEMBER=4007_PSO,,
GEN=24_MEMBER=4715_PSO,GEN=23_MEMBER=4635_PSO,,
GEN=24_MEMBER=4717_PSO,GEN=17_MEMBER=3429_PSO,,
GEN=24_MEMBER=4719_PSO,GEN=19_MEMBER=3821_PSO,,
GEN=24_MEMBER=4721_PSO,GEN=13_MEMBER=2595_PSO,,
GEN=24_MEMBER=4723_PSO,GEN=22_MEMBER=4447_PSO,,
GEN=24_MEMBER=4725_PSO,GEN=18_MEMBER=3639_PSO,,
GEN=24_MEMBER=4727_PSO,GEN=21_MEMBER=4265_PSO,,
GEN=24_MEMBER=4729_PSO,GEN=23_MEMBER=4691_PSO,,
GEN=24_MEMBER=4731_PSO,GEN=23_MEMBER=4595_PSO,,
GEN=24_MEMBER=4733_PSO,GEN=18_MEMBER=3641_PSO,,
GEN=24_MEMBER=4735_PSO,GEN=22_MEMBER=4401_PSO,,
GEN=24_MEMBER=4737_PSO,GEN=23_MEMBER=4585_PSO,,
GEN=24_MEMBER=4739_PSO,GEN=22_MEMBER=4445_PSO,,
GEN=24_MEMBER=4741_PSO,GEN=14_MEMBER=2811_PSO,,
GEN=24_MEMBER=4743_PSO,GEN=21_MEMBER=4261_PSO,,
GEN=24_MEMBER=4745_PSO,GEN=21_MEMBER=4217_PSO,,
GEN=24_MEMBER=4747_PSO,GEN=20_MEMBER=4053_PSO,,
GEN=24_MEMBER=4749_PSO,GEN=19_MEMBER=3841_PSO,,
GEN=24_MEMBER=4751_PSO,GEN=19_MEMBER=3869_PSO,,
GEN=24_MEMBER=4753_PSO,GEN=16_MEMBER=3257_PSO,,
GEN=24_MEMBER=4755_PSO,GEN=12_MEMBER=2449_PSO,,
GEN=24_MEMBER=4757_PSO,GEN=23_MEMBER=4677_PSO,,
GEN=24_MEMBER=4759_PSO,GEN=23_MEMBER=4631_PSO,,
GEN=24_MEMBER=4761_PSO,GEN=15_MEMBER=3017_PSO,,
GEN=24_MEMBER=4763_PSO,GEN=23_MEMBER=4615_PSO,,
GEN=24_MEMBER=4765_PSO,GEN=22_MEMBER=4461_PSO,,
GEN=24_MEMBER=4767_PSO,GEN=21_MEMBER=4283_PSO,,
GEN=24_MEMBER=4769_PSO,GEN=20_MEMBER=4025_PSO,,
GEN=24_MEMBER=4771_PSO,GEN=19_MEMBER=3849_PSO,,
GEN=24_MEMBER=4773_PSO,GEN=19_MEMBER=3899_PSO,,
GEN=24_MEMBER=4775_PSO,GEN=21_MEMBER=4241_PSO,,
GEN=24_MEMBER=4777_PSO,GEN=23_MEMBER=4681_PSO,,
GEN=24_MEMBER=4779_PSO,GEN=20_MEMBER=4013_PSO,,
GEN=24_MEMBER=4781_PSO,GEN=23_MEMBER=4597_PSO,,
GEN=24_MEMBER=4783_PSO,GEN=23_MEMBER=4699_PSO,,
GEN=24_MEMBER=4785_PSO,GEN=17_MEMBER=3427_PSO,,
GEN=24_MEMBER=4787_PSO,GEN=16_MEMBER=3243_PSO,,
GEN=24_MEMBER=4789_PSO,GEN=16_MEMBER=3245_PSO,,
GEN=24_MEMBER=4791_PSO,GEN=21_MEMBER=4203_PSO,,
GEN=24_MEMBER=4793_PSO,GEN=23_MEMBER=4579_PSO,,
GEN=24_MEMBER=4795_PSO,GEN=23_MEMBER=4667_PSO,,
GEN=24_MEMBER=4797_PSO,GEN=18_MEMBER=3593_PSO,,
GEN=24_MEMBER=4799_PSO,GEN=17_MEMBER=3415_PSO,,
GEN=24_MEMBER=4801_PSO,GEN=16_MEMBER=3265_PSO,,
GEN=24_MEMBER=4803_PSO,GEN=23_MEMBER=4627_PSO,,
GEN=24_MEMBER=4805_PSO,GEN=21_MEMBER=4195_PSO,,
GEN=24_MEMBER=4807_PSO,GEN=20_MEMBER=4093_PSO,,
GEN=24_MEMBER=4809_PSO,GEN=20_MEMBER=3999_PSO,,
GEN=24_MEMBER=4811_PSO,GEN=21_MEMBER=4251_PSO,,
GEN=24_MEMBER=4813_PSO,GEN=16_MEMBER=3295_PSO,,
GEN=24_MEMBER=4815_PSO,GEN=22_MEMBER=4323_PSO,,
GEN=24_MEMBER=4817_PSO,GEN=15_MEMBER=3019_PSO,,
GEN=24_MEMBER=4819_PSO,GEN=16_MEMBER=3189_PSO,,
GEN=24_MEMBER=4821_PSO,GEN=23_MEMBER=4533_PSO,,
GEN=24_MEMBER=4823_PSO,GEN=23_MEMBER=4575_PSO,,
GEN=24_MEMBER=4825_PSO,GEN=22_MEMBER=4491_PSO,,
GEN=24_MEMBER=4827_PSO,GEN=16_MEMBER=3287_PSO,,
GEN=24_MEMBER=4829_PSO,GEN=22_MEMBER=4397_PSO,,
GEN=24_MEMBER=4831_PSO,GEN=22_MEMBER=4369_PSO,,
GEN=24_MEMBER=4833_PSO,GEN=17_MEMBER=3497_PSO,,
GEN=24_MEMBER=4835_PSO,GEN=18_MEMBER=3617_PSO,,
GEN=24_MEMBER=4837_PSO,GEN=22_MEMBER=4355_PSO,,
GEN=24_MEMBER=4839_PSO,GEN=22_MEMBER=4427_PSO,,
GEN=24_MEMBER=4841_PSO,GEN=23_MEMBER=4613_PSO,,
GEN=24_MEMBER=4843_PSO,GEN=22_MEMBER=4367_PSO,,
GEN=24_MEMBER=4845_PSO,GEN=22_MEMBER=4347_PSO,,
GEN=24_MEMBER=4847_PSO,GEN=22_MEMBER=4419_PSO,,
GEN=24_MEMBER=4849_PSO,GEN=22_MEMBER=4345_PSO,,
GEN=24_MEMBER=4851_PSO,GEN=22_MEMBER=4435_PSO,,
GEN=24_MEMBER=4853_PSO,GEN=23_MEMBER=4675_PSO,,
GEN=24_MEMBER=4855_PSO,GEN=20_MEMBER=4003_PSO,,
GEN=24_MEMBER=4857_PSO,GEN=15_MEMBER=3079_PSO,,
GEN=24_MEMBER=4859_PSO,GEN=15_MEMBER=3029_PSO,,
GEN=24_MEMBER=4861_PSO,GEN=23_MEMBER=4503_PSO,,
GEN=24_MEMBER=4863_PSO,GEN=23_MEMBER=4557_PSO,,
GEN=24_MEMBER=4865_PSO,GEN=20_MEMBER=4047_PSO,,
GEN=24_MEMBER=4867_PSO,GEN=23_MEMBER=4665_PSO,,
GEN=24_MEMBER=4869_PSO,GEN=23_MEMBER=4559_PSO,,
GEN=24_MEMBER=4871_PSO,GEN=22_MEMBER=4451_PSO,,
GEN=24_MEMBER=4873_PSO,GEN=21_MEMBER=4137_PSO,,
GEN=24_MEMBER=4875_PSO,GEN=20_MEMBER=3981_PSO,,
GEN=24_MEMBER=4877_PSO,GEN=22_MEMBER=4391_PSO,,
GEN=24_MEMBER=4879_PSO,GEN=23_MEMBER=4527_PSO,,
GEN=24_MEMBER=4881_PSO,GEN=23_MEMBER=4517_PSO,,
GEN=24_MEMBER=4883_PSO,GEN=23_MEMBER=4653_PSO,,
GEN=24_MEMBER=4885_PSO,GEN=20_MEMBER=3965_PSO,,
GEN=24_MEMBER=4887_PSO,GEN=23_MEMBER=4525_PSO,,
GEN=24_MEMBER=4889_PSO,GEN=23_MEMBER=4643_PSO,,
GEN=24_MEMBER=4891_PSO,GEN=23_MEMBER=4679_PSO,,
GEN=24_MEMBER=4893_PSO,GEN=22_MEMBER=4417_PSO,,
GEN=24_MEMBER=4895_PSO,GEN=22_MEMBER=4449_PSO,,
GEN=24_MEMBER=4897_PSO,GEN=20_MEMBER=3975_PSO,,
GEN=24_MEMBER=4899_PSO,GEN=21_MEMBER=4183_PSO,,
GEN=25_MEMBER=4901_PSO,GEN=22_MEMBER=4455_PSO,,
GEN=25_MEMBER=4903_PSO,GEN=23_MEMBER=4649_PSO,,
GEN=25_MEMBER=4905_PSO,GEN=22_MEMBER=4425_PSO,,
GEN=25_MEMBER=4907_PSO,GEN=20_MEMBER=4065_PSO,,
GEN=25_MEMBER=4909_PSO,GEN=23_MEMBER=4603_PSO,,
GEN=25_MEMBER=4911_PSO,GEN=19_MEMBER=3889_PSO,,
GEN=25_MEMBER=4913_PSO,GEN=20_MEMBER=4007_PSO,,
GEN=25_MEMBER=4915_PSO,GEN=23_MEMBER=4635_PSO,,
GEN=25_MEMBER=4917_PSO,GEN=17_MEMBER=3429_PSO,,
GEN=25_MEMBER=4919_PSO,GEN=24_MEMBER=4829_PSO,,
GEN=25_MEMBER=4921_PSO,GEN=19_MEMBER=3821_PSO,,
GEN=25_MEMBER=4923_PSO,GEN=13_MEMBER=2595_PSO,,
GEN=25_MEMBER=4925_PSO,GEN=22_MEMBER=4447_PSO,,
GEN=25_MEMBER=4927_PSO,GEN=18_MEMBER=3639_PSO,,
GEN=25_MEMBER=4929_PSO,GEN=24_MEMBER=4815_PSO,,
GEN=25_MEMBER=4931_PSO,GEN=24_MEMBER=4887_PSO,,
GEN=25_MEMBER=4933_PSO,GEN=21_MEMBER=4265_PSO,,
GEN=25_MEMBER=4935_PSO,GEN=23_MEMBER=4691_PSO,,
GEN=25_MEMBER=4937_PSO,GEN=23_MEMBER=4595_PSO,,
GEN=25_MEMBER=4939_PSO,GEN=24_MEMBER=4891_PSO,,
GEN=25_MEMBER=4941_PSO,GEN=24_MEMBER=4893_PSO,,
GEN=25_MEMBER=4943_PSO,GEN=18_MEMBER=3641_PSO,,
GEN=25_MEMBER=4945_PSO,GEN=24_MEMBER=4869_PSO,,
GEN=25_MEMBER=4947_PSO,GEN=22_MEMBER=4401_PSO,,
GEN=25_MEMBER=4949_PSO,GEN=23_MEMBER=4585_PSO,,
GEN=25_MEMBER=4951_PSO,GEN=22_MEMBER=4445_PSO,,
GEN=25_MEMBER=4953_PSO,GEN=14_MEMBER=2811_PSO,,
GEN=25_MEMBER=4955_PSO,GEN=21_MEMBER=4261_PSO,,
GEN=25_MEMBER=4957_PSO,GEN=24_MEMBER=4759_PSO,,
GEN=25_MEMBER=4959_PSO,GEN=21_MEMBER=4217_PSO,,
GEN=25_MEMBER=4961_PSO,GEN=24_MEMBER=4843_PSO,,
GEN=25_MEMBER=4963_PSO,GEN=24_MEMBER=4845_PSO,,
GEN=25_MEMBER=4965_PSO,GEN=20_MEMBER=4053_PSO,,
GEN=25_MEMBER=4967_PSO,GEN=24_MEMBER=4809_PSO,,
GEN=25_MEMBER=4969_PSO,GEN=24_MEMBER=4763_PSO,,
GEN=25_MEMBER=4971_PSO,GEN=19_MEMBER=3841_PSO,,
GEN=25_MEMBER=4973_PSO,GEN=24_MEMBER=4803_PSO,,
GEN=25_MEMBER=4975_PSO,GEN=19_MEMBER=3869_PSO,,
GEN=25_MEMBER=4977_PSO,GEN=16_MEMBER=3257_PSO,,
GEN=25_MEMBER=4979_PSO,GEN=24_MEMBER=4851_PSO,,
GEN=25_MEMBER=4981_PSO,GEN=24_MEMBER=4781_PSO,,
GEN=25_MEMBER=4983_PSO,GEN=12_MEMBER=2449_PSO,,
GEN=25_MEMBER=4985_PSO,GEN=23_MEMBER=4677_PSO,,
GEN=25_MEMBER=4987_PSO,GEN=23_MEMBER=4631_PSO,,
GEN=25_MEMBER=4989_PSO,GEN=15_MEMBER=3017_PSO,,
GEN=25_MEMBER=4991_PSO,GEN=23_MEMBER=4615_PSO,,
GEN=25_MEMBER=4993_PSO,GEN=22_MEMBER=4461_PSO,,
GEN=25_MEMBER=4995_PSO,GEN=21_MEMBER=4283_PSO,,
GEN=25_MEMBER=4997_PSO,GEN=20_MEMBER=4025_PSO,,
GEN=25_MEMBER=4999_PSO,GEN=19_MEMBER=3849_PSO,,
GEN=25_MEMBER=5001_PSO,GEN=19_MEMBER=3899_PSO,,
GEN=25_MEMBER=5003_PSO,GEN=21_MEMBER=4241_PSO,,
GEN=25_MEMBER=5005_PSO,GEN=24_MEMBER=4873_PSO,,
GEN=25_MEMBER=5007_PSO,GEN=23_MEMBER=4681_PSO,,
GEN=25_MEMBER=5009_PSO,GEN=20_MEMBER=4013_PSO,,
GEN=25_MEMBER=5011_PSO,GEN=24_MEMBER=4879_PSO,,
GEN=25_MEMBER=5013_PSO,GEN=23_MEMBER=4597_PSO,,
GEN=25_MEMBER=5015_PSO,GEN=23_MEMBER=4699_PSO,,
GEN=25_MEMBER=5017_PSO,GEN=17_MEMBER=3427_PSO,,
GEN=25_MEMBER=5019_PSO,GEN=16_MEMBER=3243_PSO,,
GEN=25_MEMBER=5021_PSO,GEN=16_MEMBER=3245_PSO,,
GEN=25_MEMBER=5023_PSO,GEN=21_MEMBER=4203_PSO,,
GEN=25_MEMBER=5025_PSO,GEN=24_MEMBER=4881_PSO,,
GEN=25_MEMBER=5027_PSO,GEN=23_MEMBER=4579_PSO,,
GEN=25_MEMBER=5029_PSO,GEN=24_MEMBER=4731_PSO,,
GEN=25_MEMBER=5031_PSO,GEN=24_MEMBER=4823_PSO,,
GEN=25_MEMBER=5033_PSO,GEN=23_MEMBER=4667_PSO,,
GEN=25_MEMBER=5035_PSO,GEN=18_MEMBER=3593_PSO,,
GEN=25_MEMBER=5037_PSO,GEN=24_MEMBER=4709_PSO,,
GEN=25_MEMBER=5039_PSO,GEN=17_MEMBER=3415_PSO,,
GEN=25_MEMBER=5041_PSO,GEN=16_MEMBER=3265_PSO,,
GEN=25_MEMBER=5043_PSO,GEN=24_MEMBER=4825_PSO,,
GEN=25_MEMBER=5045_PSO,GEN=24_MEMBER=4821_PSO,,
GEN=25_MEMBER=5047_PSO,GEN=24_MEMBER=4811_PSO,,
GEN=25_MEMBER=5049_PSO,GEN=23_MEMBER=4627_PSO,,
GEN=25_MEMBER=5051_PSO,GEN=21_MEMBER=4195_PSO,,
GEN=25_MEMBER=5053_PSO,GEN=20_MEMBER=4093_PSO,,
GEN=25_MEMBER=5055_PSO,GEN=20_MEMBER=3999_PSO,,
GEN=25_MEMBER=5057_PSO,GEN=24_MEMBER=4715_PSO,,
GEN=25_MEMBER=5059_PSO,GEN=24_MEMBER=4853_PSO,,
GEN=25_MEMBER=5061_PSO,GEN=21_MEMBER=4251_PSO,,
GEN=25_MEMBER=5063_PSO,GEN=16_MEMBER=3295_PSO,,
GEN=25_MEMBER=5065_PSO,GEN=22_MEMBER=4323_PSO,,
GEN=25_MEMBER=5067_PSO,GEN=15_MEMBER=3019_PSO,,
GEN=25_MEMBER=5069_PSO,GEN=16_MEMBER=3189_PSO,,
GEN=25_MEMBER=5071_PSO,GEN=23_MEMBER=4533_PSO,,
GEN=25_MEMBER=5073_PSO,GEN=23_MEMBER=4575_PSO,,
GEN=25_MEMBER=5075_PSO,GEN=22_MEMBER=4491_PSO,,
GEN=25_MEMBER=5077_PSO,GEN=16_MEMBER=3287_PSO,,
GEN=25_MEMBER=5079_PSO,GEN=22_MEMBER=4397_PSO,,
GEN=25_MEMBER=5081_PSO,GEN=24_MEMBER=4703_PSO,,
GEN=25_MEMBER=5083_PSO,GEN=22_MEMBER=4369_PSO,,
GEN=25_MEMBER=5085_PSO,GEN=24_MEMBER=4775_PSO,,
GEN=25_MEMBER=5087_PSO,GEN=17_MEMBER=3497_PSO,,
GEN=25_MEMBER=5089_PSO,GEN=24_MEMBER=4729_PSO,,
GEN=25_MEMBER=5091_PSO,GEN=24_MEMBER=4723_PSO,,
GEN=25_MEMBER=5093_PSO,GEN=18_MEMBER=3617_PSO,,
GEN=25_MEMBER=5095_PSO,GEN=22_MEMBER=4355_PSO,,
GEN=25_MEMBER=5097_PSO,GEN=22_MEMBER=4427_PSO,,
GEN=25_MEMBER=5099_PSO,GEN=24_MEMBER=4839_PSO,,
GEN=26_MEMBER=5101_PSO,GEN=22_MEMBER=4455_PSO,,
GEN=26_MEMBER=5103_PSO,GEN=25_MEMBER=5031_PSO,,
GEN=26_MEMBER=5105_PSO,GEN=23_MEMBER=4649_PSO,,
GEN=26_MEMBER=5107_PSO,GEN=22_MEMBER=4425_PSO,,
GEN=26_MEMBER=5109_PSO,GEN=25_MEMBER=5059_PSO,,
GEN=26_MEMBER=5111_PSO,GEN=20_MEMBER=4065_PSO,,
GEN=26_MEMBER=5113_PSO,GEN=23_MEMBER=4603_PSO,,
GEN=26_MEMBER=5115_PSO,GEN=19_MEMBER=3889_PSO,,
GEN=26_MEMBER=5117_PSO,GEN=20_MEMBER=4007_PSO,,
GEN=26_MEMBER=5119_PSO,GEN=23_MEMBER=4635_PSO,,
GEN=26_MEMBER=5121_PSO,GEN=17_MEMBER=3429_PSO,,
GEN=26_MEMBER=5123_PSO,GEN=25_MEMBER=5091_PSO,,
GEN=26_MEMBER=5125_PSO,GEN=24_MEMBER=4829_PSO,,
GEN=26_MEMBER=5127_PSO,GEN=25_MEMBER=5005_PSO,,
GEN=26_MEMBER=5129_PSO,GEN=19_MEMBER=3821_PSO,,
GEN=26_MEMBER=5131_PSO,GEN=25_MEMBER=5011_PSO,,
GEN=26_MEMBER=5133_PSO,GEN=25_MEMBER=5081_PSO,,
GEN=26_MEMBER=5135_PSO,GEN=13_MEMBER=2595_PSO,,
GEN=26_MEMBER=5137_PSO,GEN=22_MEMBER=4447_PSO,,
GEN=26_MEMBER=5139_PSO,GEN=18_MEMBER=3639_PSO,,
GEN=26_MEMBER=5141_PSO,GEN=24_MEMBER=4815_PSO,,
GEN=26_MEMBER=5143_PSO,GEN=24_MEMBER=4887_PSO,,
GEN=26_MEMBER=5145_PSO,GEN=21_MEMBER=4265_PSO,,
GEN=26_MEMBER=5147_PSO,GEN=23_MEMBER=4691_PSO,,
GEN=26_MEMBER=5149_PSO,GEN=25_MEMBER=5099_PSO,,
GEN=26_MEMBER=5151_PSO,GEN=23_MEMBER=4595_PSO,,
GEN=26_MEMBER=5153_PSO,GEN=25_MEMBER=5065_PSO,,
GEN=26_MEMBER=5155_PSO,GEN=24_MEMBER=4891_PSO,,
GEN=26_MEMBER=5157_PSO,GEN=24_MEMBER=4893_PSO,,
GEN=26_MEMBER=5159_PSO,GEN=18_MEMBER=3641_PSO,,
GEN=26_MEMBER=5161_PSO,GEN=24_MEMBER=4869_PSO,,
GEN=26_MEMBER=5163_PSO,GEN=22_MEMBER=4401_PSO,,
GEN=26_MEMBER=5165_PSO,GEN=23_MEMBER=4585_PSO,,
GEN=26_MEMBER=5167_PSO,GEN=22_MEMBER=4445_PSO,,
GEN=26_MEMBER=5169_PSO,GEN=14_MEMBER=2811_PSO,,
GEN=26_MEMBER=5171_PSO,GEN=21_MEMBER=4261_PSO,,
GEN=26_MEMBER=5173_PSO,GEN=25_MEMBER=4981_PSO,,
GEN=26_MEMBER=5175_PSO,GEN=24_MEMBER=4759_PSO,,
GEN=26_MEMBER=5177_PSO,GEN=25_MEMBER=4937_PSO,,
GEN=26_MEMBER=5179_PSO,GEN=21_MEMBER=4217_PSO,,
GEN=26_MEMBER=5181_PSO,GEN=25_MEMBER=5095_PSO,,
GEN=26_MEMBER=5183_PSO,GEN=24_MEMBER=4843_PSO,,
GEN=26_MEMBER=5185_PSO,GEN=24_MEMBER=4845_PSO,,
GEN=26_MEMBER=5187_PSO,GEN=25_MEMBER=5079_PSO,,
GEN=26_MEMBER=5189_PSO,GEN=20_MEMBER=4053_PSO,,
GEN=26_MEMBER=5191_PSO,GEN=24_MEMBER=4809_PSO,,
GEN=26_MEMBER=5193_PSO,GEN=24_MEMBER=4763_PSO,,
GEN=26_MEMBER=5195_PSO,GEN=19_MEMBER=3841_PSO,,
GEN=26_MEMBER=5197_PSO,GEN=24_MEMBER=4803_PSO,,
GEN=26_MEMBER=5199_PSO,GEN=19_MEMBER=3869_PSO,,
GEN=26_MEMBER=5201_PSO,GEN=16_MEMBER=3257_PSO,,
GEN=26_MEMBER=5203_PSO,GEN=24_MEMBER=4851_PSO,,
GEN=26_MEMBER=5205_PSO,GEN=24_MEMBER=4781_PSO,,
GEN=26_MEMBER=5207_PSO,GEN=12_MEMBER=2449_PSO,,
GEN=26_MEMBER=5209_PSO,GEN=23_MEMBER=4677_PSO,,
GEN=26_MEMBER=5211_PSO,GEN=23_MEMBER=4631_PSO,,
GEN=26_MEMBER=5213_PSO,GEN=15_MEMBER=3017_PSO,,
GEN=26_MEMBER=5215_PSO,GEN=23_MEMBER=4615_PSO,,
GEN=26_MEMBER=5217_PSO,GEN=22_MEMBER=4461_PSO,,
GEN=26_MEMBER=5219_PSO,GEN=21_MEMBER=4283_PSO,,
GEN=26_MEMBER=5221_PSO,GEN=20_MEMBER=4025_PSO,,
GEN=26_MEMBER=5223_PSO,GEN=25_MEMBER=4929_PSO,,
GEN=26_MEMBER=5225_PSO,GEN=19_MEMBER=3849_PSO,,
GEN=26_MEMBER=5227_PSO,GEN=19_MEMBER=3899_PSO,,
GEN=26_MEMBER=5229_PSO,GEN=25_MEMBER=4967_PSO,,
GEN=26_MEMBER=5231_PSO,GEN=21_MEMBER=4241_PSO,,
GEN=26_MEMBER=5233_PSO,GEN=24_MEMBER=4873_PSO,,
GEN=26_MEMBER=5235_PSO,GEN=25_MEMBER=5073_PSO,,
GEN=26_MEMBER=5237_PSO,GEN=23_MEMBER=4681_PSO,,
GEN=26_MEMBER=5239_PSO,GEN=25_MEMBER=5061_PSO,,
GEN=26_MEMBER=5241_PSO,GEN=25_MEMBER=5029_PSO,,
GEN=26_MEMBER=5243_PSO,GEN=20_MEMBER=4013_PSO,,
GEN=26_MEMBER=5245_PSO,GEN=24_MEMBER=4879_PSO,,
GEN=26_MEMBER=5247_PSO,GEN=23_MEMBER=4597_PSO,,
GEN=26_MEMBER=5249_PSO,GEN=23_MEMBER=4699_PSO,,
GEN=26_MEMBER=5251_PSO,GEN=17_MEMBER=3427_PSO,,
GEN=26_MEMBER=5253_PSO,GEN=25_MEMBER=4919_PSO,,
GEN=26_MEMBER=5255_PSO,GEN=16_MEMBER=3243_PSO,,
GEN=26_MEMBER=5257_PSO,GEN=16_MEMBER=3245_PSO,,
GEN=26_MEMBER=5259_PSO,GEN=21_MEMBER=4203_PSO,,
GEN=26_MEMBER=5261_PSO,GEN=24_MEMBER=4881_PSO,,
GEN=26_MEMBER=5263_PSO,GEN=25_MEMBER=4961_PSO,,
GEN=26_MEMBER=5265_PSO,GEN=23_MEMBER=4579_PSO,,
GEN=26_MEMBER=5267_PSO,GEN=25_MEMBER=4957_PSO,,
GEN=26_MEMBER=5269_PSO,GEN=25_MEMBER=4949_PSO,,
GEN=26_MEMBER=5271_PSO,GEN=24_MEMBER=4731_PSO,,
GEN=26_MEMBER=5273_PSO,GEN=25_MEMBER=5015_PSO,,
GEN=26_MEMBER=5275_PSO,GEN=24_MEMBER=4823_PSO,,
GEN=26_MEMBER=5277_PSO,GEN=25_MEMBER=4909_PSO,,
GEN=26_MEMBER=5279_PSO,GEN=25_MEMBER=4979_PSO,,
GEN=26_MEMBER=5281_PSO,GEN=23_MEMBER=4667_PSO,,
GEN=26_MEMBER=5283_PSO,GEN=18_MEMBER=3593_PSO,,
GEN=26_MEMBER=5285_PSO,GEN=25_MEMBER=5037_PSO,,
GEN=26_MEMBER=5287_PSO,GEN=25_MEMBER=4991_PSO,,
GEN=26_MEMBER=5289_PSO,GEN=25_MEMBER=4969_PSO,,
GEN=26_MEMBER=5291_PSO,GEN=24_MEMBER=4709_PSO,,
GEN=26_MEMBER=5293_PSO,GEN=17_MEMBER=3415_PSO,,
GEN=26_MEMBER=5295_PSO,GEN=25_MEMBER=5013_PSO,,
GEN=26_MEMBER=5297_PSO,GEN=16_MEMBER=3265_PSO,,
GEN=26_MEMBER=5299_PSO,GEN=25_MEMBER=5027_PSO,,
GEN=27_MEMBER=5301_PSO,GEN=22_MEMBER=4455_PSO,,
GEN=27_MEMBER=5303_PSO,GEN=25_MEMBER=5031_PSO,,
GEN=27_MEMBER=5305_PSO,GEN=23_MEMBER=4649_PSO,,
GEN=27_MEMBER=5307_PSO,GEN=22_MEMBER=4425_PSO,,
GEN=27_MEMBER=5309_PSO,GEN=25_MEMBER=5059_PSO,,
GEN=27_MEMBER=5311_PSO,GEN=20_MEMBER=4065_PSO,,
GEN=27_MEMBER=5313_PSO,GEN=23_MEMBER=4603_PSO,,
GEN=27_MEMBER=5315_PSO,GEN=19_MEMBER=3889_PSO,,
GEN=27_MEMBER=5317_PSO,GEN=20_MEMBER=4007_PSO,,
GEN=27_MEMBER=5319_PSO,GEN=23_MEMBER=4635_PSO,,
GEN=27_MEMBER=5321_PSO,GEN=17_MEMBER=3429_PSO,,
GEN=27_MEMBER=5323_PSO,GEN=25_MEMBER=5091_PSO,,
GEN=27_MEMBER=5325_PSO,GEN=26_MEMBER=5235_PSO,,
GEN=27_MEMBER=5327_PSO,GEN=24_MEMBER=4829_PSO,,
GEN=27_MEMBER=5329_PSO,GEN=26_MEMBER=5299_PSO,,
GEN=27_MEMBER=5331_PSO,GEN=25_MEMBER=5005_PSO,,
GEN=27_MEMBER=5333_PSO,GEN=19_MEMBER=3821_PSO,,
GEN=27_MEMBER=5335_PSO,GEN=25_MEMBER=5011_PSO,,
GEN=27_MEMBER=5337_PSO,GEN=25_MEMBER=5081_PSO,,
GEN=27_MEMBER=5339_PSO,GEN=26_MEMBER=5229_PSO,,
GEN=27_MEMBER=5341_PSO,GEN=13_MEMBER=2595_PSO,,
GEN=27_MEMBER=5343_PSO,GEN=26_MEMBER=5245_PSO,,
GEN=27_MEMBER=5345_PSO,GEN=22_MEMBER=4447_PSO,,
GEN=27_MEMBER=5347_PSO,GEN=18_MEMBER=3639_PSO,,
GEN=27_MEMBER=5349_PSO,GEN=24_MEMBER=4815_PSO,,
GEN=27_MEMBER=5351_PSO,GEN=24_MEMBER=4887_PSO,,
GEN=27_MEMBER=5353_PSO,GEN=21_MEMBER=4265_PSO,,
GEN=27_MEMBER=5355_PSO,GEN=23_MEMBER=4691_PSO,,
GEN=27_MEMBER=5357_PSO,GEN=26_MEMBER=5185_PSO,,
GEN=27_MEMBER=5359_PSO,GEN=26_MEMBER=5267_PSO,,
GEN=27_MEMBER=5361_PSO,GEN=26_MEMBER=5173_PSO,,
GEN=27_MEMBER=5363_PSO,GEN=26_MEMBER=5183_PSO,,
GEN=27_MEMBER=5365_PSO,GEN=26_MEMBER=5193_PSO,,
GEN=27_MEMBER=5367_PSO,GEN=25_MEMBER=5099_PSO,,
GEN=27_MEMBER=5369_PSO,GEN=23_MEMBER=4595_PSO,,
GEN=27_MEMBER=5371_PSO,GEN=25_MEMBER=5065_PSO,,
GEN=27_MEMBER=5373_PSO,GEN=26_MEMBER=5253_PSO,,
GEN=27_MEMBER=5375_PSO,GEN=26_MEMBER=5277_PSO,,
GEN=27_MEMBER=5377_PSO,GEN=24_MEMBER=4891_PSO,,
GEN=27_MEMBER=5379_PSO,GEN=24_MEMBER=4893_PSO,,
GEN=27_MEMBER=5381_PSO,GEN=26_MEMBER=5273_PSO,,
GEN=27_MEMBER=5383_PSO,GEN=18_MEMBER=3641_PSO,,
GEN=27_MEMBER=5385_PSO,GEN=24_MEMBER=4869_PSO,,
GEN=27_MEMBER=5387_PSO,GEN=22_MEMBER=4401_PSO,,
GEN=27_MEMBER=5389_PSO,GEN=26_MEMBER=5223_PSO,,
GEN=27_MEMBER=5391_PSO,GEN=26_MEMBER=5275_PSO,,
GEN=27_MEMBER=5393_PSO,GEN=26_MEMBER=5127_PSO,,
GEN=27_MEMBER=5395_PSO,GEN=23_MEMBER=4585_PSO,,
GEN=27_MEMBER=5397_PSO,GEN=22_MEMBER=4445_PSO,,
GEN=27_MEMBER=5399_PSO,GEN=26_MEMBER=5279_PSO,,
GEN=27_MEMBER=5401_PSO,GEN=14_MEMBER=2811_PSO,,
GEN=27_MEMBER=5403_PSO,GEN=21_MEMBER=4261_PSO,,
GEN=27_MEMBER=5405_PSO,GEN=25_MEMBER=4981_PSO,,
GEN=27_MEMBER=5407_PSO,GEN=24_MEMBER=4759_PSO,,
GEN=27_MEMBER=5409_PSO,GEN=25_MEMBER=4937_PSO,,
GEN=27_MEMBER=5411_PSO,GEN=26_MEMBER=5153_PSO,,
GEN=27_MEMBER=5413_PSO,GEN=21_MEMBER=4217_PSO,,
GEN=27_MEMBER=5415_PSO,GEN=25_MEMBER=5095_PSO,,
GEN=27_MEMBER=5417_PSO,GEN=24_MEMBER=4843_PSO,,
GEN=27_MEMBER=5419_PSO,GEN=24_MEMBER=4845_PSO,,
GEN=27_MEMBER=5421_PSO,GEN=25_MEMBER=5079_PSO,,
GEN=27_MEMBER=5423_PSO,GEN=26_MEMBER=5289_PSO,,
GEN=27_MEMBER=5425_PSO,GEN=20_MEMBER=4053_PSO,,
GEN=27_MEMBER=5427_PSO,GEN=24_MEMBER=4809_PSO,,
GEN=27_MEMBER=5429_PSO,GEN=24_MEMBER=4763_PSO,,
GEN=27_MEMBER=5431_PSO,GEN=19_MEMBER=3841_PSO,,
GEN=27_MEMBER=5433_PSO,GEN=24_MEMBER=4803_PSO,,
GEN=27_MEMBER=5435_PSO,GEN=19_MEMBER=3869_PSO,,
GEN=27_MEMBER=5437_PSO,GEN=16_MEMBER=3257_PSO,,
GEN=27_MEMBER=5439_PSO,GEN=24_MEMBER=4851_PSO,,
GEN=27_MEMBER=5441_PSO,GEN=24_MEMBER=4781_PSO,,
GEN=27_MEMBER=5443_PSO,GEN=12_MEMBER=2449_PSO,,
GEN=27_MEMBER=5445_PSO,GEN=23_MEMBER=4677_PSO,,
GEN=27_MEMBER=5447_PSO,GEN=23_MEMBER=4631_PSO,,
GEN=27_MEMBER=5449_PSO,GEN=15_MEMBER=3017_PSO,,
GEN=27_MEMBER=5451_PSO,GEN=23_MEMBER=4615_PSO,,
GEN=27_MEMBER=5453_PSO,GEN=22_MEMBER=4461_PSO,,
GEN=27_MEMBER=5455_PSO,GEN=26_MEMBER=5103_PSO,,
GEN=27_MEMBER=5457_PSO,GEN=26_MEMBER=5131_PSO,,
GEN=27_MEMBER=5459_PSO,GEN=21_MEMBER=4283_PSO,,
GEN=27_MEMBER=5461_PSO,GEN=26_MEMBER=5177_PSO,,
GEN=27_MEMBER=5463_PSO,GEN=20_MEMBER=4025_PSO,,
GEN=27_MEMBER=5465_PSO,GEN=25_MEMBER=4929_PSO,,
GEN=27_MEMBER=5467_PSO,GEN=26_MEMBER=5291_PSO,,
GEN=27_MEMBER=5469_PSO,GEN=26_MEMBER=5133_PSO,,
GEN=27_MEMBER=5471_PSO,GEN=19_MEMBER=3849_PSO,,
GEN=27_MEMBER=5473_PSO,GEN=19_MEMBER=3899_PSO,,
GEN=27_MEMBER=5475_PSO,GEN=25_MEMBER=4967_PSO,,
GEN=27_MEMBER=5477_PSO,GEN=21_MEMBER=4241_PSO,,
GEN=27_MEMBER=5479_PSO,GEN=26_MEMBER=5205_PSO,,
GEN=27_MEMBER=5481_PSO,GEN=26_MEMBER=5141_PSO,,
GEN=27_MEMBER=5483_PSO,GEN=24_MEMBER=4873_PSO,,
GEN=27_MEMBER=5485_PSO,GEN=25_MEMBER=5073_PSO,,
GEN=27_MEMBER=5487_PSO,GEN=26_MEMBER=5109_PSO,,
GEN=27_MEMBER=5489_PSO,GEN=26_MEMBER=5125_PSO,,
GEN=27_MEMBER=5491_PSO,GEN=23_MEMBER=4681_PSO,,
GEN=27_MEMBER=5493_PSO,GEN=25_MEMBER=5061_PSO,,
GEN=27_MEMBER=5495_PSO,GEN=25_MEMBER=5029_PSO,,
GEN=27_MEMBER=5497_PSO,GEN=20_MEMBER=4013_PSO,,
GEN=27_MEMBER=5499_PSO,GEN=24_MEMBER=4879_PSO,,
GEN=28_MEMBER=5501_PSO,GEN=22_MEMBER=4455_PSO,,
GEN=28_MEMBER=5503_PSO,GEN=25_MEMBER=5031_PSO,,
GEN=28_MEMBER=5505_PSO,GEN=23_MEMBER=4649_PSO,,
GEN=28_MEMBER=5507_PSO,GEN=22_MEMBER=4425_PSO,,
GEN=28_MEMBER=5509_PSO,GEN=27_MEMBER=5393_PSO,,
GEN=28_MEMBER=5511_PSO,GEN=25_MEMBER=5059_PSO,,
GEN=28_MEMBER=5513_PSO,GEN=20_MEMBER=4065_PSO,,
GEN=28_MEMBER=5515_PSO,GEN=27_MEMBER=5469_PSO,,
GEN=28_MEMBER=5517_PSO,GEN=23_MEMBER=4603_PSO,,
GEN=28_MEMBER=5519_PSO,GEN=19_MEMBER=3889_PSO,,
GEN=28_MEMBER=5521_PSO,GEN=20_MEMBER=4007_PSO,,
GEN=28_MEMBER=5523_PSO,GEN=23_MEMBER=4635_PSO,,
GEN=28_MEMBER=5525_PSO,GEN=17_MEMBER=3429_PSO,,
GEN=28_MEMBER=5527_PSO,GEN=25_MEMBER=5091_PSO,,
GEN=28_MEMBER=5529_PSO,GEN=27_MEMBER=5365_PSO,,
GEN=28_MEMBER=5531_PSO,GEN=26_MEMBER=5235_PSO,,
GEN=28_MEMBER=5533_PSO,GEN=24_MEMBER=4829_PSO,,
GEN=28_MEMBER=5535_PSO,GEN=27_MEMBER=5487_PSO,,
GEN=28_MEMBER=5537_PSO,GEN=27_MEMBER=5411_PSO,,
GEN=28_MEMBER=5539_PSO,GEN=27_MEMBER=5475_PSO,,
GEN=28_MEMBER=5541_PSO,GEN=26_MEMBER=5299_PSO,,
GEN=28_MEMBER=5543_PSO,GEN=27_MEMBER=5389_PSO,,
GEN=28_MEMBER=5545_PSO,GEN=25_MEMBER=5005_PSO,,
GEN=28_MEMBER=5547_PSO,GEN=19_MEMBER=3821_PSO,,
GEN=28_MEMBER=5549_PSO,GEN=25_MEMBER=5011_PSO,,
GEN=28_MEMBER=5551_PSO,GEN=25_MEMBER=5081_PSO,,
GEN=28_MEMBER=5553_PSO,GEN=27_MEMBER=5481_PSO,,
GEN=28_MEMBER=5555_PSO,GEN=26_MEMBER=5229_PSO,,
GEN=28_MEMBER=5557_PSO,GEN=13_MEMBER=2595_PSO,,
GEN=28_MEMBER=5559_PSO,GEN=26_MEMBER=5245_PSO,,
GEN=28_MEMBER=5561_PSO,GEN=27_MEMBER=5447_PSO,,
GEN=28_MEMBER=5563_PSO,GEN=22_MEMBER=4447_PSO,,
GEN=28_MEMBER=5565_PSO,GEN=18_MEMBER=3639_PSO,,
GEN=28_MEMBER=5567_PSO,GEN=27_MEMBER=5373_PSO,,
GEN=28_MEMBER=5569_PSO,GEN=24_MEMBER=4815_PSO,,
GEN=28_MEMBER=5571_PSO,GEN=24_MEMBER=4887_PSO,,
GEN=28_MEMBER=5573_PSO,GEN=27_MEMBER=5483_PSO,,
GEN=28_MEMBER=5575_PSO,GEN=21_MEMBER=4265_PSO,,
GEN=28_MEMBER=5577_PSO,GEN=23_MEMBER=4691_PSO,,
GEN=28_MEMBER=5579_PSO,GEN=27_MEMBER=5399_PSO,,
GEN=28_MEMBER=5581_PSO,GEN=26_MEMBER=5185_PSO,,
GEN=28_MEMBER=5583_PSO,GEN=26_MEMBER=5267_PSO,,
GEN=28_MEMBER=5585_PSO,GEN=26_MEMBER=5173_PSO,,
GEN=28_MEMBER=5587_PSO,GEN=26_MEMBER=5183_PSO,,
GEN=28_MEMBER=5589_PSO,GEN=26_MEMBER=5193_PSO,,
GEN=28_MEMBER=5591_PSO,GEN=25_MEMBER=5099_PSO,,
GEN=28_MEMBER=5593_PSO,GEN=23_MEMBER=4595_PSO,,
GEN=28_MEMBER=5595_PSO,GEN=25_MEMBER=5065_PSO,,
GEN=28_MEMBER=5597_PSO,GEN=26_MEMBER=5253_PSO,,
GEN=28_MEMBER=5599_PSO,GEN=27_MEMBER=5361_PSO,,
GEN=28_MEMBER=5601_PSO,GEN=27_MEMBER=5419_PSO,,
GEN=28_MEMBER=5603_PSO,GEN=26_MEMBER=5277_PSO,,
GEN=28_MEMBER=5605_PSO,GEN=27_MEMBER=5331_PSO,,
GEN=28_MEMBER=5607_PSO,GEN=24_MEMBER=4891_PSO,,
GEN=28_MEMBER=5609_PSO,GEN=24_MEMBER=4893_PSO,,
GEN=28_MEMBER=5611_PSO,GEN=26_MEMBER=5273_PSO,,
GEN=28_MEMBER=5613_PSO,GEN=18_MEMBER=3641_PSO,,
GEN=28_MEMBER=5615_PSO,GEN=24_MEMBER=4869_PSO,,
GEN=28_MEMBER=5617_PSO,GEN=27_MEMBER=5455_PSO,,
GEN=28_MEMBER=5619_PSO,GEN=27_MEMBER=5357_PSO,,
GEN=28_MEMBER=5621_PSO,GEN=22_MEMBER=4401_PSO,,
GEN=28_MEMBER=5623_PSO,GEN=26_MEMBER=5223_PSO,,
GEN=28_MEMBER=5625_PSO,GEN=26_MEMBER=5275_PSO,,
GEN=28_MEMBER=5627_PSO,GEN=26_MEMBER=5127_PSO,,
GEN=28_MEMBER=5629_PSO,GEN=23_MEMBER=4585_PSO,,
GEN=28_MEMBER=5631_PSO,GEN=22_MEMBER=4445_PSO,,
GEN=28_MEMBER=5633_PSO,GEN=26_MEMBER=5279_PSO,,
GEN=28_MEMBER=5635_PSO,GEN=27_MEMBER=5417_PSO,,
GEN=28_MEMBER=5637_PSO,GEN=14_MEMBER=2811_PSO,,
GEN=28_MEMBER=5639_PSO,GEN=27_MEMBER=5405_PSO,,
GEN=28_MEMBER=5641_PSO,GEN=27_MEMBER=5409_PSO,,
GEN=28_MEMBER=5643_PSO,GEN=21_MEMBER=4261_PSO,,
GEN=28_MEMBER=5645_PSO,GEN=27_MEMBER=5349_PSO,,
GEN=28_MEMBER=5647_PSO,GEN=27_MEMBER=5465_PSO,,
GEN=28_MEMBER=5649_PSO,GEN=25_MEMBER=4981_PSO,,
GEN=28_MEMBER=5651_PSO,GEN=24_MEMBER=4759_PSO,,
GEN=28_MEMBER=5653_PSO,GEN=25_MEMBER=4937_PSO,,
GEN=28_MEMBER=5655_PSO,GEN=26_MEMBER=5153_PSO,,
GEN=28_MEMBER=5657_PSO,GEN=21_MEMBER=4217_PSO,,
GEN=28_MEMBER=5659_PSO,GEN=25_MEMBER=5095_PSO,,
GEN=28_MEMBER=5661_PSO,GEN=24_MEMBER=4843_PSO,,
GEN=28_MEMBER=5663_PSO,GEN=24_MEMBER=4845_PSO,,
GEN=28_MEMBER=5665_PSO,GEN=27_MEMBER=5499_PSO,,
GEN=28_MEMBER=5667_PSO,GEN=25_MEMBER=5079_PSO,,
GEN=28_MEMBER=5669_PSO,GEN=27_MEMBER=5325_PSO,,
GEN=28_MEMBER=5671_PSO,GEN=26_MEMBER=5289_PSO,,
GEN=28_MEMBER=5673_PSO,GEN=27_MEMBER=5339_PSO,,
GEN=28_MEMBER=5675_PSO,GEN=20_MEMBER=4053_PSO,,
GEN=28_MEMBER=5677_PSO,GEN=27_MEMBER=5343_PSO,,
GEN=28_MEMBER=5679_PSO,GEN=24_MEMBER=4809_PSO,,
GEN=28_MEMBER=5681_PSO,GEN=24_MEMBER=4763_PSO,,
GEN=28_MEMBER=5683_PSO,GEN=19_MEMBER=3841_PSO,,
GEN=28_MEMBER=5685_PSO,GEN=24_MEMBER=4803_PSO,,
GEN=28_MEMBER=5687_PSO,GEN=19_MEMBER=3869_PSO,,
GEN=28_MEMBER=5689_PSO,GEN=16_MEMBER=3257_PSO,,
GEN=28_MEMBER=5691_PSO,GEN=24_MEMBER=4851_PSO,,
GEN=28_MEMBER=5693_PSO,GEN=24_MEMBER=4781_PSO,,
GEN=28_MEMBER=5695_PSO,GEN=12_MEMBER=2449_PSO,,
GEN=28_MEMBER=5697_PSO,GEN=27_MEMBER=5371_PSO,,
GEN=28_MEMBER=5699_PSO,GEN=23_MEMBER=4677_PSO,,
GEN=29_MEMBER=5701_PSO,GEN=22_MEMBER=4455_PSO,,
GEN=29_MEMBER=5703_PSO,GEN=25_MEMBER=5031_PSO,,
GEN=29_MEMBER=5705_PSO,GEN=23_MEMBER=4649_PSO,,
GEN=29_MEMBER=5707_PSO,GEN=22_MEMBER=4425_PSO,,
GEN=29_MEMBER=5709_PSO,GEN=27_MEMBER=5393_PSO,,
GEN=29_MEMBER=5711_PSO,GEN=25_MEMBER=5059_PSO,,
GEN=29_MEMBER=5713_PSO,GEN=20_MEMBER=4065_PSO,,
GEN=29_MEMBER=5715_PSO,GEN=27_MEMBER=5469_PSO,,
GEN=29_MEMBER=5717_PSO,GEN=28_MEMBER=5623_PSO,,
GEN=29_MEMBER=5719_PSO,GEN=28_MEMBER=5633_PSO,,
GEN=29_MEMBER=5721_PSO,GEN=23_MEMBER=4603_PSO,,
GEN=29_MEMBER=5723_PSO,GEN=19_MEMBER=3889_PSO,,
GEN=29_MEMBER=5725_PSO,GEN=28_MEMBER=5647_PSO,,
GEN=29_MEMBER=5727_PSO,GEN=20_MEMBER=4007_PSO,,
GEN=29_MEMBER=5729_PSO,GEN=28_MEMBER=5641_PSO,,
GEN=29_MEMBER=5731_PSO,GEN=23_MEMBER=4635_PSO,,
GEN=29_MEMBER=5733_PSO,GEN=17_MEMBER=3429_PSO,,
GEN=29_MEMBER=5735_PSO,GEN=25_MEMBER=5091_PSO,,
GEN=29_MEMBER=5737_PSO,GEN=27_MEMBER=5365_PSO,,
GEN=29_MEMBER=5739_PSO,GEN=26_MEMBER=5235_PSO,,
GEN=29_MEMBER=5741_PSO,GEN=24_MEMBER=4829_PSO,,
GEN=29_MEMBER=5743_PSO,GEN=27_MEMBER=5487_PSO,,
GEN=29_MEMBER=5745_PSO,GEN=27_MEMBER=5411_PSO,,
GEN=29_MEMBER=5747_PSO,GEN=27_MEMBER=5475_PSO,,
GEN=29_MEMBER=5749_PSO,GEN=26_MEMBER=5299_PSO,,
GEN=29_MEMBER=5751_PSO,GEN=28_MEMBER=5619_PSO,,
GEN=29_MEMBER=5753_PSO,GEN=27_MEMBER=5389_PSO,,
GEN=29_MEMBER=5755_PSO,GEN=25_MEMBER=5005_PSO,,
GEN=29_MEMBER=5757_PSO,GEN=28_MEMBER=5677_PSO,,
GEN=29_MEMBER=5759_PSO,GEN=19_MEMBER=3821_PSO,,
GEN=29_MEMBER=5761_PSO,GEN=28_MEMBER=5567_PSO,,
GEN=29_MEMBER=5763_PSO,GEN=25_MEMBER=5011_PSO,,
GEN=29_MEMBER=5765_PSO,GEN=25_MEMBER=5081_PSO,,
GEN=29_MEMBER=5767_PSO,GEN=27_MEMBER=5481_PSO,,
GEN=29_MEMBER=5769_PSO,GEN=28_MEMBER=5649_PSO,,
GEN=29_MEMBER=5771_PSO,GEN=26_MEMBER=5229_PSO,,
GEN=29_MEMBER=5773_PSO,GEN=13_MEMBER=2595_PSO,,
GEN=29_MEMBER=5775_PSO,GEN=26_MEMBER=5245_PSO,,
GEN=29_MEMBER=5777_PSO,GEN=27_MEMBER=5447_PSO,,
GEN=29_MEMBER=5779_PSO,GEN=28_MEMBER=5627_PSO,,
GEN=29_MEMBER=5781_PSO,GEN=22_MEMBER=4447_PSO,,
GEN=29_MEMBER=5783_PSO,GEN=18_MEMBER=3639_PSO,,
GEN=29_MEMBER=5785_PSO,GEN=27_MEMBER=5373_PSO,,
GEN=29_MEMBER=5787_PSO,GEN=28_MEMBER=5529_PSO,,
GEN=29_MEMBER=5789_PSO,GEN=24_MEMBER=4815_PSO,,
GEN=29_MEMBER=5791_PSO,GEN=24_MEMBER=4887_PSO,,
GEN=29_MEMBER=5793_PSO,GEN=27_MEMBER=5483_PSO,,
GEN=29_MEMBER=5795_PSO,GEN=21_MEMBER=4265_PSO,,
GEN=29_MEMBER=5797_PSO,GEN=23_MEMBER=4691_PSO,,
GEN=29_MEMBER=5799_PSO,GEN=27_MEMBER=5399_PSO,,
GEN=29_MEMBER=5801_PSO,GEN=28_MEMBER=5599_PSO,,
GEN=29_MEMBER=5803_PSO,GEN=26_MEMBER=5185_PSO,,
GEN=29_MEMBER=5805_PSO,GEN=26_MEMBER=5267_PSO,,
GEN=29_MEMBER=5807_PSO,GEN=26_MEMBER=5173_PSO,,
GEN=29_MEMBER=5809_PSO,GEN=26_MEMBER=5183_PSO,,
GEN=29_MEMBER=5811_PSO,GEN=28_MEMBER=5691_PSO,,
GEN=29_MEMBER=5813_PSO,GEN=28_MEMBER=5543_PSO,,
GEN=29_MEMBER=5815_PSO,GEN=26_MEMBER=5193_PSO,,
GEN=29_MEMBER=5817_PSO,GEN=25_MEMBER=5099_PSO,,
GEN=29_MEMBER=5819_PSO,GEN=23_MEMBER=4595_PSO,,
GEN=29_MEMBER=5821_PSO,GEN=28_MEMBER=5509_PSO,,
GEN=29_MEMBER=5823_PSO,GEN=25_MEMBER=5065_PSO,,
GEN=29_MEMBER=5825_PSO,GEN=26_MEMBER=5253_PSO,,
GEN=29_MEMBER=5827_PSO,GEN=28_MEMBER=5537_PSO,,
GEN=29_MEMBER=5829_PSO,GEN=27_MEMBER=5361_PSO,,
GEN=29_MEMBER=5831_PSO,GEN=28_MEMBER=5605_PSO,,
GEN=29_MEMBER=5833_PSO,GEN=27_MEMBER=5419_PSO,,
GEN=29_MEMBER=5835_PSO,GEN=26_MEMBER=5277_PSO,,
GEN=29_MEMBER=5837_PSO,GEN=27_MEMBER=5331_PSO,,
GEN=29_MEMBER=5839_PSO,GEN=24_MEMBER=4891_PSO,,
GEN=29_MEMBER=5841_PSO,GEN=24_MEMBER=4893_PSO,,
GEN=29_MEMBER=5843_PSO,GEN=26_MEMBER=5273_PSO,,
GEN=29_MEMBER=5845_PSO,GEN=18_MEMBER=3641_PSO,,
GEN=29_MEMBER=5847_PSO,GEN=24_MEMBER=4869_PSO,,
GEN=29_MEMBER=5849_PSO,GEN=27_MEMBER=5455_PSO,,
GEN=29_MEMBER=5851_PSO,GEN=27_MEMBER=5357_PSO,,
GEN=29_MEMBER=5853_PSO,GEN=22_MEMBER=4401_PSO,,
GEN=29_MEMBER=5855_PSO,GEN=26_MEMBER=5223_PSO,,
GEN=29_MEMBER=5857_PSO,GEN=26_MEMBER=5275_PSO,,
GEN=29_MEMBER=5859_PSO,GEN=26_MEMBER=5127_PSO,,
GEN=29_MEMBER=5861_PSO,GEN=23_MEMBER=4585_PSO,,
GEN=29_MEMBER=5863_PSO,GEN=22_MEMBER=4445_PSO,,
GEN=29_MEMBER=5865_PSO,GEN=26_MEMBER=5279_PSO,,
GEN=29_MEMBER=5867_PSO,GEN=27_MEMBER=5417_PSO,,
GEN=29_MEMBER=5869_PSO,GEN=28_MEMBER=5597_PSO,,
GEN=29_MEMBER=5871_PSO,GEN=28_MEMBER=5595_PSO,,
GEN=29_MEMBER=5873_PSO,GEN=14_MEMBER=2811_PSO,,
GEN=29_MEMBER=5875_PSO,GEN=27_MEMBER=5405_PSO,,
GEN=29_MEMBER=5877_PSO,GEN=28_MEMBER=5569_PSO,,
GEN=29_MEMBER=5879_PSO,GEN=28_MEMBER=5681_PSO,,
GEN=29_MEMBER=5881_PSO,GEN=27_MEMBER=5409_PSO,,
GEN=29_MEMBER=5883_PSO,GEN=21_MEMBER=4261_PSO,,
GEN=29_MEMBER=5885_PSO,GEN=27_MEMBER=5349_PSO,,
GEN=29_MEMBER=5887_PSO,GEN=27_MEMBER=5465_PSO,,
GEN=29_MEMBER=5889_PSO,GEN=25_MEMBER=4981_PSO,,
GEN=29_MEMBER=5891_PSO,GEN=24_MEMBER=4759_PSO,,
GEN=29_MEMBER=5893_PSO,GEN=28_MEMBER=5617_PSO,,
GEN=29_MEMBER=5895_PSO,GEN=25_MEMBER=4937_PSO,,
GEN=29_MEMBER=5897_PSO,GEN=26_MEMBER=5153_PSO,,
GEN=29_MEMBER=5899_PSO,GEN=28_MEMBER=5589_PSO,,
GEN=30_MEMBER=5901_PSO,GEN=22_MEMBER=4455_PSO,,
GEN=30_MEMBER=5903_PSO,GEN=29_MEMBER=5827_PSO,,
GEN=30_MEMBER=5905_PSO,GEN=25_MEMBER=5031_PSO,,
GEN=30_MEMBER=5907_PSO,GEN=23_MEMBER=4649_PSO,,
GEN=30_MEMBER=5909_PSO,GEN=22_MEMBER=4425_PSO,,
GEN=30_MEMBER=5911_PSO,GEN=27_MEMBER=5393_PSO,,
GEN=30_MEMBER=5913_PSO,GEN=25_MEMBER=5059_PSO,,
GEN=30_MEMBER=5915_PSO,GEN=20_MEMBER=4065_PSO,,
GEN=30_MEMBER=5917_PSO,GEN=27_MEMBER=5469_PSO,,
GEN=30_MEMBER=5919_PSO,GEN=28_MEMBER=5623_PSO,,
GEN=30_MEMBER=5921_PSO,GEN=28_MEMBER=5633_PSO,,
GEN=30_MEMBER=5923_PSO,GEN=23_MEMBER=4603_PSO,,
GEN=30_MEMBER=5925_PSO,GEN=19_MEMBER=3889_PSO,,
GEN=30_MEMBER=5927_PSO,GEN=28_MEMBER=5647_PSO,,
GEN=30_MEMBER=5929_PSO,GEN=20_MEMBER=4007_PSO,,
GEN=30_MEMBER=5931_PSO,GEN=29_MEMBER=5881_PSO,,
GEN=30_MEMBER=5933_PSO,GEN=29_MEMBER=5831_PSO,,
GEN=30_MEMBER=5935_PSO,GEN=29_MEMBER=5887_PSO,,
GEN=30_MEMBER=5937_PSO,GEN=28_MEMBER=5641_PSO,,
GEN=30_MEMBER=5939_PSO,GEN=29_MEMBER=5851_PSO,,
GEN=30_MEMBER=5941_PSO,GEN=23_MEMBER=4635_PSO,,
GEN=30_MEMBER=5943_PSO,GEN=17_MEMBER=3429_PSO,,
GEN=30_MEMBER=5945_PSO,GEN=25_MEMBER=5091_PSO,,
GEN=30_MEMBER=5947_PSO,GEN=29_MEMBER=5869_PSO,,
GEN=30_MEMBER=5949_PSO,GEN=27_MEMBER=5365_PSO,,
GEN=30_MEMBER=5951_PSO,GEN=26_MEMBER=5235_PSO,,
GEN=30_MEMBER=5953_PSO,GEN=24_MEMBER=4829_PSO,,
GEN=30_MEMBER=5955_PSO,GEN=27_MEMBER=5487_PSO,,
GEN=30_MEMBER=5957_PSO,GEN=27_MEMBER=5411_PSO,,
GEN=30_MEMBER=5959_PSO,GEN=27_MEMBER=5475_PSO,,
GEN=30_MEMBER=5961_PSO,GEN=26_MEMBER=5299_PSO,,
GEN=30_MEMBER=5963_PSO,GEN=28_MEMBER=5619_PSO,,
GEN=30_MEMBER=5965_PSO,GEN=29_MEMBER=5801_PSO,,
GEN=30_MEMBER=5967_PSO,GEN=27_MEMBER=5389_PSO,,
GEN=30_MEMBER=5969_PSO,GEN=25_MEMBER=5005_PSO,,
GEN=30_MEMBER=5971_PSO,GEN=28_MEMBER=5677_PSO,,
GEN=30_MEMBER=5973_PSO,GEN=29_MEMBER=5753_PSO,,
GEN=30_MEMBER=5975_PSO,GEN=29_MEMBER=5813_PSO,,
GEN=30_MEMBER=5977_PSO,GEN=19_MEMBER=3821_PSO,,
GEN=30_MEMBER=5979_PSO,GEN=28_MEMBER=5567_PSO,,
GEN=30_MEMBER=5981_PSO,GEN=25_MEMBER=5011_PSO,,
GEN=30_MEMBER=5983_PSO,GEN=25_MEMBER=5081_PSO,,
GEN=30_MEMBER=5985_PSO,GEN=27_MEMBER=5481_PSO,,
GEN=30_MEMBER=5987_PSO,GEN=29_MEMBER=5821_PSO,,
GEN=30_MEMBER=5989_PSO,GEN=29_MEMBER=5745_PSO,,
GEN=30_MEMBER=5991_PSO,GEN=29_MEMBER=5879_PSO,,
GEN=30_MEMBER=5993_PSO,GEN=28_MEMBER=5649_PSO,,
GEN=30_MEMBER=5995_PSO,GEN=26_MEMBER=5229_PSO,,
GEN=30_MEMBER=5997_PSO,GEN=13_MEMBER=2595_PSO,,
GEN=30_MEMBER=5999_PSO,GEN=29_MEMBER=5761_PSO,,
GEN=30_MEMBER=6001_PSO,GEN=29_MEMBER=5787_PSO,,
GEN=30_MEMBER=6003_PSO,GEN=29_MEMBER=5737_PSO,,
GEN=30_MEMBER=6005_PSO,GEN=26_MEMBER=5245_PSO,,
GEN=30_MEMBER=6007_PSO,GEN=29_MEMBER=5889_PSO,,
GEN=30_MEMBER=6009_PSO,GEN=27_MEMBER=5447_PSO,,
GEN=30_MEMBER=6011_PSO,GEN=29_MEMBER=5729_PSO,,
GEN=30_MEMBER=6013_PSO,GEN=28_MEMBER=5627_PSO,,
GEN=30_MEMBER=6015_PSO,GEN=22_MEMBER=4447_PSO,,
GEN=30_MEMBER=6017_PSO,GEN=29_MEMBER=5717_PSO,,
GEN=30_MEMBER=6019_PSO,GEN=18_MEMBER=3639_PSO,,
GEN=30_MEMBER=6021_PSO,GEN=29_MEMBER=5837_PSO,,
GEN=30_MEMBER=6023_PSO,GEN=27_MEMBER=5373_PSO,,
GEN=30_MEMBER=6025_PSO,GEN=28_MEMBER=5529_PSO,,
GEN=30_MEMBER=6027_PSO,GEN=29_MEMBER=5779_PSO,,
GEN=30_MEMBER=6029_PSO,GEN=29_MEMBER=5825_PSO,,
GEN=30_MEMBER=6031_PSO,GEN=24_MEMBER=4815_PSO,,
GEN=30_MEMBER=6033_PSO,GEN=24_MEMBER=4887_PSO,,
GEN=30_MEMBER=6035_PSO,GEN=27_MEMBER=5483_PSO,,
GEN=30_MEMBER=6037_PSO,GEN=21_MEMBER=4265_PSO,,
GEN=30_MEMBER=6039_PSO,GEN=23_MEMBER=4691_PSO,,
GEN=30_MEMBER=6041_PSO,GEN=27_MEMBER=5399_PSO,,
GEN=30_MEMBER=6043_PSO,GEN=28_MEMBER=5599_PSO,,
GEN=30_MEMBER=6045_PSO,GEN=26_MEMBER=5185_PSO,,
GEN=30_MEMBER=6047_PSO,GEN=26_MEMBER=5267_PSO,,
GEN=30_MEMBER=6049_PSO,GEN=29_MEMBER=5855_PSO,,
GEN=30_MEMBER=6051_PSO,GEN=26_MEMBER=5173_PSO,,
GEN=30_MEMBER=6053_PSO,GEN=26_MEMBER=5183_PSO,,
GEN=30_MEMBER=6055_PSO,GEN=28_MEMBER=5691_PSO,,
GEN=30_MEMBER=6057_PSO,GEN=28_MEMBER=5543_PSO,,
GEN=30_MEMBER=6059_PSO,GEN=26_MEMBER=5193_PSO,,
GEN=30_MEMBER=6061_PSO,GEN=25_MEMBER=5099_PSO,,
GEN=30_MEMBER=6063_PSO,GEN=23_MEMBER=4595_PSO,,
GEN=30_MEMBER=6065_PSO,GEN=29_MEMBER=5829_PSO,,
GEN=30_MEMBER=6067_PSO,GEN=28_MEMBER=5509_PSO,,
GEN=30_MEMBER=6069_PSO,GEN=25_MEMBER=5065_PSO,,
GEN=30_MEMBER=6071_PSO,GEN=26_MEMBER=5253_PSO,,
GEN=30_MEMBER=6073_PSO,GEN=28_MEMBER=5537_PSO,,
GEN=30_MEMBER=6075_PSO,GEN=27_MEMBER=5361_PSO,,
GEN=30_MEMBER=6077_PSO,GEN=28_MEMBER=5605_PSO,,
GEN=30_MEMBER=6079_PSO,GEN=29_MEMBER=5751_PSO,,
GEN=30_MEMBER=6081_PSO,GEN=29_MEMBER=5709_PSO,,
GEN=30_MEMBER=6083_PSO,GEN=27_MEMBER=5419_PSO,,
GEN=30_MEMBER=6085_PSO,GEN=29_MEMBER=5897_PSO,,
GEN=30_MEMBER=6087_PSO,GEN=29_MEMBER=5719_PSO,,
GEN=30_MEMBER=6089_PSO,GEN=26_MEMBER=5277_PSO,,
GEN=30_MEMBER=6091_PSO,GEN=29_MEMBER=5803_PSO,,
GEN=30_MEMBER=6093_PSO,GEN=27_MEMBER=5331_PSO,,
GEN=30_MEMBER=6095_PSO,GEN=29_MEMBER=5815_PSO,,
GEN=30_MEMBER=6097_PSO,GEN=24_MEMBER=4891_PSO,,
GEN=30_MEMBER=6099_PSO,GEN=29_MEMBER=5725_PSO,,
GEN=31_MEMBER=6101_PSO,GEN=22_MEMBER=4455_PSO,,
GEN=31_MEMBER=6103_PSO,GEN=29_MEMBER=5827_PSO,,
GEN=31_MEMBER=6105_PSO,GEN=25_MEMBER=5031_PSO,,
GEN=31_MEMBER=6107_PSO,GEN=30_MEMBER=6087_PSO,,
GEN=31_MEMBER=6109_PSO,GEN=30_MEMBER=6001_PSO,,
GEN=31_MEMBER=6111_PSO,GEN=23_MEMBER=4649_PSO,,
GEN=31_MEMBER=6113_PSO,GEN=22_MEMBER=4425_PSO,,
GEN=31_MEMBER=6115_PSO,GEN=27_MEMBER=5393_PSO,,
GEN=31_MEMBER=6117_PSO,GEN=25_MEMBER=5059_PSO,,
GEN=31_MEMBER=6119_PSO,GEN=20_MEMBER=4065_PSO,,
GEN=31_MEMBER=6121_PSO,GEN=27_MEMBER=5469_PSO,,
GEN=31_MEMBER=6123_PSO,GEN=30_MEMBER=6075_PSO,,
GEN=31_MEMBER=6125_PSO,GEN=30_MEMBER=6003_PSO,,
GEN=31_MEMBER=6127_PSO,GEN=28_MEMBER=5623_PSO,,
GEN=31_MEMBER=6129_PSO,GEN=28_MEMBER=5633_PSO,,
GEN=31_MEMBER=6131_PSO,GEN=30_MEMBER=5993_PSO,,
GEN=31_MEMBER=6133_PSO,GEN=23_MEMBER=4603_PSO,,
GEN=31_MEMBER=6135_PSO,GEN=19_MEMBER=3889_PSO,,
GEN=31_MEMBER=6137_PSO,GEN=28_MEMBER=5647_PSO,,
GEN=31_MEMBER=6139_PSO,GEN=20_MEMBER=4007_PSO,,
GEN=31_MEMBER=6141_PSO,GEN=30_MEMBER=6077_PSO,,
GEN=31_MEMBER=6143_PSO,GEN=29_MEMBER=5881_PSO,,
GEN=31_MEMBER=6145_PSO,GEN=30_MEMBER=6079_PSO,,
GEN=31_MEMBER=6147_PSO,GEN=30_MEMBER=6021_PSO,,
GEN=31_MEMBER=6149_PSO,GEN=29_MEMBER=5831_PSO,,
GEN=31_MEMBER=6151_PSO,GEN=29_MEMBER=5887_PSO,,
GEN=31_MEMBER=6153_PSO,GEN=28_MEMBER=5641_PSO,,
GEN=31_MEMBER=6155_PSO,GEN=29_MEMBER=5851_PSO,,
GEN=31_MEMBER=6157_PSO,GEN=23_MEMBER=4635_PSO,,
GEN=31_MEMBER=6159_PSO,GEN=30_MEMBER=5967_PSO,,
GEN=31_MEMBER=6161_PSO,GEN=17_MEMBER=3429_PSO,,
GEN=31_MEMBER=6163_PSO,GEN=30_MEMBER=6027_PSO,,
GEN=31_MEMBER=6165_PSO,GEN=25_MEMBER=5091_PSO,,
GEN=31_MEMBER=6167_PSO,GEN=29_MEMBER=5869_PSO,,
GEN=31_MEMBER=6169_PSO,GEN=30_MEMBER=5999_PSO,,
GEN=31_MEMBER=6171_PSO,GEN=27_MEMBER=5365_PSO,,
GEN=31_MEMBER=6173_PSO,GEN=26_MEMBER=5235_PSO,,
GEN=31_MEMBER=6175_PSO,GEN=30_MEMBER=5979_PSO,,
GEN=31_MEMBER=6177_PSO,GEN=24_MEMBER=4829_PSO,,
GEN=31_MEMBER=6179_PSO,GEN=30_MEMBER=6011_PSO,,
GEN=31_MEMBER=6181_PSO,GEN=30_MEMBER=6081_PSO,,
GEN=31_MEMBER=6183_PSO,GEN=30_MEMBER=6013_PSO,,
GEN=31_MEMBER=6185_PSO,GEN=27_MEMBER=5487_PSO,,
GEN=31_MEMBER=6187_PSO,GEN=27_MEMBER=5411_PSO,,
GEN=31_MEMBER=6189_PSO,GEN=27_MEMBER=5475_PSO,,
GEN=31_MEMBER=6191_PSO,GEN=26_MEMBER=5299_PSO,,
GEN=31_MEMBER=6193_PSO,GEN=28_MEMBER=5619_PSO,,
GEN=31_MEMBER=6195_PSO,GEN=30_MEMBER=6025_PSO,,
GEN=31_MEMBER=6197_PSO,GEN=29_MEMBER=5801_PSO,,
GEN=31_MEMBER=6199_PSO,GEN=27_MEMBER=5389_PSO,,
GEN=31_MEMBER=6201_PSO,GEN=25_MEMBER=5005_PSO,,
GEN=31_MEMBER=6203_PSO,GEN=30_MEMBER=6017_PSO,,
GEN=31_MEMBER=6205_PSO,GEN=30_MEMBER=5947_PSO,,
GEN=31_MEMBER=6207_PSO,GEN=28_MEMBER=5677_PSO,,
GEN=31_MEMBER=6209_PSO,GEN=29_MEMBER=5753_PSO,,
GEN=31_MEMBER=6211_PSO,GEN=29_MEMBER=5813_PSO,,
GEN=31_MEMBER=6213_PSO,GEN=19_MEMBER=3821_PSO,,
GEN=31_MEMBER=6215_PSO,GEN=28_MEMBER=5567_PSO,,
GEN=31_MEMBER=6217_PSO,GEN=25_MEMBER=5011_PSO,,
GEN=31_MEMBER=6219_PSO,GEN=30_MEMBER=6085_PSO,,
GEN=31_MEMBER=6221_PSO,GEN=25_MEMBER=5081_PSO,,
GEN=31_MEMBER=6223_PSO,GEN=30_MEMBER=6029_PSO,,
GEN=31_MEMBER=6225_PSO,GEN=27_MEMBER=5481_PSO,,
GEN=31_MEMBER=6227_PSO,GEN=29_MEMBER=5821_PSO,,
GEN=31_MEMBER=6229_PSO,GEN=29_MEMBER=5745_PSO,,
GEN=31_MEMBER=6231_PSO,GEN=29_MEMBER=5879_PSO,,
GEN=31_MEMBER=6233_PSO,GEN=28_MEMBER=5649_PSO,,
GEN=31_MEMBER=6235_PSO,GEN=26_MEMBER=5229_PSO,,
GEN=31_MEMBER=6237_PSO,GEN=30_MEMBER=6091_PSO,,
GEN=31_MEMBER=6239_PSO,GEN=13_MEMBER=2595_PSO,,
GEN=31_MEMBER=6241_PSO,GEN=29_MEMBER=5761_PSO,,
GEN=31_MEMBER=6243_PSO,GEN=29_MEMBER=5787_PSO,,
GEN=31_MEMBER=6245_PSO,GEN=29_MEMBER=5737_PSO,,
GEN=31_MEMBER=6247_PSO,GEN=30_MEMBER=5973_PSO,,
GEN=31_MEMBER=6249_PSO,GEN=26_MEMBER=5245_PSO,,
GEN=31_MEMBER=6251_PSO,GEN=30_MEMBER=5965_PSO,,
GEN=31_MEMBER=6253_PSO,GEN=30_MEMBER=5937_PSO,,
GEN=31_MEMBER=6255_PSO,GEN=29_MEMBER=5889_PSO,,
GEN=31_MEMBER=6257_PSO,GEN=30_MEMBER=5903_PSO,,
GEN=31_MEMBER=6259_PSO,GEN=27_MEMBER=5447_PSO,,
GEN=31_MEMBER=6261_PSO,GEN=29_MEMBER=5729_PSO,,
GEN=31_MEMBER=6263_PSO,GEN=30_MEMBER=5957_PSO,,
GEN=31_MEMBER=6265_PSO,GEN=28_MEMBER=5627_PSO,,
GEN=31_MEMBER=6267_PSO,GEN=22_MEMBER=4447_PSO,,
GEN=31_MEMBER=6269_PSO,GEN=29_MEMBER=5717_PSO,,
GEN=31_MEMBER=6271_PSO,GEN=18_MEMBER=3639_PSO,,
GEN=31_MEMBER=6273_PSO,GEN=29_MEMBER=5837_PSO,,
GEN=31_MEMBER=6275_PSO,GEN=27_MEMBER=5373_PSO,,
GEN=31_MEMBER=6277_PSO,GEN=30_MEMBER=5949_PSO,,
GEN=31_MEMBER=6279_PSO,GEN=28_MEMBER=5529_PSO,,
GEN=31_MEMBER=6281_PSO,GEN=30_MEMBER=5919_PSO,,
GEN=31_MEMBER=6283_PSO,GEN=29_MEMBER=5779_PSO,,
GEN=31_MEMBER=6285_PSO,GEN=29_MEMBER=5825_PSO,,
GEN=31_MEMBER=6287_PSO,GEN=24_MEMBER=4815_PSO,,
GEN=31_MEMBER=6289_PSO,GEN=30_MEMBER=6059_PSO,,
GEN=31_MEMBER=6291_PSO,GEN=24_MEMBER=4887_PSO,,
GEN=31_MEMBER=6293_PSO,GEN=27_MEMBER=5483_PSO,,
GEN=31_MEMBER=6295_PSO,GEN=21_MEMBER=4265_PSO,,
GEN=31_MEMBER=6297_PSO,GEN=23_MEMBER=4691_PSO,,
GEN=31_MEMBER=6299_PSO,GEN=30_MEMBER=5939_PSO,,
GEN=32_MEMBER=6301_PSO,GEN=31_MEMBER=6215_PSO,,
GEN=32_MEMBER=6303_PSO,GEN=29_MEMBER=5827_PSO,,
GEN=32_MEMBER=6305_PSO,GEN=31_MEMBER=6175_PSO,,
GEN=32_MEMBER=6307_PSO,GEN=31_MEMBER=6223_PSO,,
GEN=32_MEMBER=6309_PSO,GEN=25_MEMBER=5031_PSO,,
GEN=32_MEMBER=6311_PSO,GEN=31_MEMBER=6299_PSO,,
GEN=32_MEMBER=6313_PSO,GEN=30_MEMBER=6001_PSO,,
GEN=32_MEMBER=6315_PSO,GEN=23_MEMBER=4649_PSO,,
GEN=32_MEMBER=6317_PSO,GEN=22_MEMBER=4425_PSO,,
GEN=32_MEMBER=6319_PSO,GEN=27_MEMBER=5393_PSO,,
GEN=32_MEMBER=6321_PSO,GEN=25_MEMBER=5059_PSO,,
GEN=32_MEMBER=6323_PSO,GEN=20_MEMBER=4065_PSO,,
GEN=32_MEMBER=6325_PSO,GEN=27_MEMBER=5469_PSO,,
GEN=32_MEMBER=6327_PSO,GEN=30_MEMBER=6075_PSO,,
GEN=32_MEMBER=6329_PSO,GEN=30_MEMBER=6003_PSO,,
GEN=32_MEMBER=6331_PSO,GEN=28_MEMBER=5623_PSO,,
GEN=32_MEMBER=6333_PSO,GEN=31_MEMBER=6245_PSO,,
GEN=32_MEMBER=6335_PSO,GEN=28_MEMBER=5633_PSO,,
GEN=32_MEMBER=6337_PSO,GEN=30_MEMBER=5993_PSO,,
GEN=32_MEMBER=6339_PSO,GEN=23_MEMBER=4603_PSO,,
GEN=32_MEMBER=6341_PSO,GEN=31_MEMBER=6179_PSO,,
GEN=32_MEMBER=6343_PSO,GEN=19_MEMBER=3889_PSO,,
GEN=32_MEMBER=6345_PSO,GEN=31_MEMBER=6237_PSO,,
GEN=32_MEMBER=6347_PSO,GEN=31_MEMBER=6281_PSO,,
GEN=32_MEMBER=6349_PSO,GEN=28_MEMBER=5647_PSO,,
GEN=32_MEMBER=6351_PSO,GEN=20_MEMBER=4007_PSO,,
GEN=32_MEMBER=6353_PSO,GEN=30_MEMBER=6077_PSO,,
GEN=32_MEMBER=6355_PSO,GEN=29_MEMBER=5881_PSO,,
GEN=32_MEMBER=6357_PSO,GEN=31_MEMBER=6233_PSO,,
GEN=32_MEMBER=6359_PSO,GEN=30_MEMBER=6079_PSO,,
GEN=32_MEMBER=6361_PSO,GEN=30_MEMBER=6021_PSO,,
GEN=32_MEMBER=6363_PSO,GEN=29_MEMBER=5831_PSO,,
GEN=32_MEMBER=6365_PSO,GEN=29_MEMBER=5887_PSO,,
GEN=32_MEMBER=6367_PSO,GEN=28_MEMBER=5641_PSO,,
GEN=32_MEMBER=6369_PSO,GEN=29_MEMBER=5851_PSO,,
GEN=32_MEMBER=6371_PSO,GEN=23_MEMBER=4635_PSO,,
GEN=32_MEMBER=6373_PSO,GEN=30_MEMBER=5967_PSO,,
GEN=32_MEMBER=6375_PSO,GEN=17_MEMBER=3429_PSO,,
GEN=32_MEMBER=6377_PSO,GEN=30_MEMBER=6027_PSO,,
GEN=32_MEMBER=6379_PSO,GEN=25_MEMBER=5091_PSO,,
GEN=32_MEMBER=6381_PSO,GEN=29_MEMBER=5869_PSO,,
GEN=32_MEMBER=6383_PSO,GEN=30_MEMBER=5999_PSO,,
GEN=32_MEMBER=6385_PSO,GEN=27_MEMBER=5365_PSO,,
GEN=32_MEMBER=6387_PSO,GEN=26_MEMBER=5235_PSO,,
GEN=32_MEMBER=6389_PSO,GEN=30_MEMBER=5979_PSO,,
GEN=32_MEMBER=6391_PSO,GEN=24_MEMBER=4829_PSO,,
GEN=32_MEMBER=6393_PSO,GEN=30_MEMBER=6011_PSO,,
GEN=32_MEMBER=6395_PSO,GEN=31_MEMBER=6203_PSO,,
GEN=32_MEMBER=6397_PSO,GEN=31_MEMBER=6247_PSO,,
GEN=32_MEMBER=6399_PSO,GEN=30_MEMBER=6081_PSO,,
GEN=32_MEMBER=6401_PSO,GEN=30_MEMBER=6013_PSO,,
GEN=32_MEMBER=6403_PSO,GEN=27_MEMBER=5487_PSO,,
GEN=32_MEMBER=6405_PSO,GEN=31_MEMBER=6273_PSO,,
GEN=32_MEMBER=6407_PSO,GEN=27_MEMBER=5411_PSO,,
GEN=32_MEMBER=6409_PSO,GEN=27_MEMBER=5475_PSO,,
GEN=32_MEMBER=6411_PSO,GEN=26_MEMBER=5299_PSO,,
GEN=32_MEMBER=6413_PSO,GEN=31_MEMBER=6243_PSO,,
GEN=32_MEMBER=6415_PSO,GEN=28_MEMBER=5619_PSO,,
GEN=32_MEMBER=6417_PSO,GEN=30_MEMBER=6025_PSO,,
GEN=32_MEMBER=6419_PSO,GEN=31_MEMBER=6205_PSO,,
GEN=32_MEMBER=6421_PSO,GEN=31_MEMBER=6169_PSO,,
GEN=32_MEMBER=6423_PSO,GEN=31_MEMBER=6283_PSO,,
GEN=32_MEMBER=6425_PSO,GEN=29_MEMBER=5801_PSO,,
GEN=32_MEMBER=6427_PSO,GEN=31_MEMBER=6167_PSO,,
GEN=32_MEMBER=6429_PSO,GEN=31_MEMBER=6109_PSO,,
GEN=32_MEMBER=6431_PSO,GEN=27_MEMBER=5389_PSO,,
GEN=32_MEMBER=6433_PSO,GEN=25_MEMBER=5005_PSO,,
GEN=32_MEMBER=6435_PSO,GEN=30_MEMBER=6017_PSO,,
GEN=32_MEMBER=6437_PSO,GEN=30_MEMBER=5947_PSO,,
GEN=32_MEMBER=6439_PSO,GEN=28_MEMBER=5677_PSO,,
GEN=32_MEMBER=6441_PSO,GEN=29_MEMBER=5753_PSO,,
GEN=32_MEMBER=6443_PSO,GEN=31_MEMBER=6263_PSO,,
GEN=32_MEMBER=6445_PSO,GEN=29_MEMBER=5813_PSO,,
GEN=32_MEMBER=6447_PSO,GEN=19_MEMBER=3821_PSO,,
GEN=32_MEMBER=6449_PSO,GEN=28_MEMBER=5567_PSO,,
GEN=32_MEMBER=6451_PSO,GEN=25_MEMBER=5011_PSO,,
GEN=32_MEMBER=6453_PSO,GEN=30_MEMBER=6085_PSO,,
GEN=32_MEMBER=6455_PSO,GEN=25_MEMBER=5081_PSO,,
GEN=32_MEMBER=6457_PSO,GEN=31_MEMBER=6125_PSO,,
GEN=32_MEMBER=6459_PSO,GEN=30_MEMBER=6029_PSO,,
GEN=32_MEMBER=6461_PSO,GEN=27_MEMBER=5481_PSO,,
GEN=32_MEMBER=6463_PSO,GEN=31_MEMBER=6257_PSO,,
GEN=32_MEMBER=6465_PSO,GEN=31_MEMBER=6209_PSO,,
GEN=32_MEMBER=6467_PSO,GEN=31_MEMBER=6163_PSO,,
GEN=32_MEMBER=6469_PSO,GEN=29_MEMBER=5821_PSO,,
GEN=32_MEMBER=6471_PSO,GEN=31_MEMBER=6269_PSO,,
GEN=32_MEMBER=6473_PSO,GEN=31_MEMBER=6277_PSO,,
GEN=32_MEMBER=6475_PSO,GEN=29_MEMBER=5745_PSO,,
GEN=32_MEMBER=6477_PSO,GEN=29_MEMBER=5879_PSO,,
GEN=32_MEMBER=6479_PSO,GEN=28_MEMBER=5649_PSO,,
GEN=32_MEMBER=6481_PSO,GEN=31_MEMBER=6131_PSO,,
GEN=32_MEMBER=6483_PSO,GEN=26_MEMBER=5229_PSO,,
GEN=32_MEMBER=6485_PSO,GEN=31_MEMBER=6197_PSO,,
GEN=32_MEMBER=6487_PSO,GEN=30_MEMBER=6091_PSO,,
GEN=32_MEMBER=6489_PSO,GEN=13_MEMBER=2595_PSO,,
GEN=32_MEMBER=6491_PSO,GEN=31_MEMBER=6123_PSO,,
GEN=32_MEMBER=6493_PSO,GEN=29_MEMBER=5761_PSO,,
GEN=32_MEMBER=6495_PSO,GEN=31_MEMBER=6211_PSO,,
GEN=32_MEMBER=6497_PSO,GEN=29_MEMBER=5787_PSO,,
GEN=32_MEMBER=6499_PSO,GEN=29_MEMBER=5737_PSO,,
GEN=33_MEMBER=6501_PSO,GEN=31_MEMBER=6215_PSO,,
GEN=33_MEMBER=6503_PSO,GEN=29_MEMBER=5827_PSO,,
GEN=33_MEMBER=6505_PSO,GEN=31_MEMBER=6175_PSO,,
GEN=33_MEMBER=6507_PSO,GEN=32_MEMBER=6481_PSO,,
GEN=33_MEMBER=6509_PSO,GEN=31_MEMBER=6223_PSO,,
GEN=33_MEMBER=6511_PSO,GEN=32_MEMBER=6423_PSO,,
GEN=33_MEMBER=6513_PSO,GEN=25_MEMBER=5031_PSO,,
GEN=33_MEMBER=6515_PSO,GEN=31_MEMBER=6299_PSO,,
GEN=33_MEMBER=6517_PSO,GEN=32_MEMBER=6465_PSO,,
GEN=33_MEMBER=6519_PSO,GEN=23_MEMBER=4649_PSO,,
GEN=33_MEMBER=6521_PSO,GEN=22_MEMBER=4425_PSO,,
GEN=33_MEMBER=6523_PSO,GEN=27_MEMBER=5393_PSO,,
GEN=33_MEMBER=6525_PSO,GEN=25_MEMBER=5059_PSO,,
GEN=33_MEMBER=6527_PSO,GEN=20_MEMBER=4065_PSO,,
GEN=33_MEMBER=6529_PSO,GEN=32_MEMBER=6457_PSO,,
GEN=33_MEMBER=6531_PSO,GEN=27_MEMBER=5469_PSO,,
GEN=33_MEMBER=6533_PSO,GEN=30_MEMBER=6075_PSO,,
GEN=33_MEMBER=6535_PSO,GEN=30_MEMBER=6003_PSO,,
GEN=33_MEMBER=6537_PSO,GEN=28_MEMBER=5623_PSO,,
GEN=33_MEMBER=6539_PSO,GEN=31_MEMBER=6245_PSO,,
GEN=33_MEMBER=6541_PSO,GEN=28_MEMBER=5633_PSO,,
GEN=33_MEMBER=6543_PSO,GEN=30_MEMBER=5993_PSO,,
GEN=33_MEMBER=6545_PSO,GEN=23_MEMBER=4603_PSO,,
GEN=33_MEMBER=6547_PSO,GEN=32_MEMBER=6471_PSO,,
GEN=33_MEMBER=6549_PSO,GEN=31_MEMBER=6179_PSO,,
GEN=33_MEMBER=6551_PSO,GEN=19_MEMBER=3889_PSO,,
GEN=33_MEMBER=6553_PSO,GEN=31_MEMBER=6237_PSO,,
GEN=33_MEMBER=6555_PSO,GEN=31_MEMBER=6281_PSO,,
GEN=33_MEMBER=6557_PSO,GEN=28_MEMBER=5647_PSO,,
GEN=33_MEMBER=6559_PSO,GEN=20_MEMBER=4007_PSO,,
GEN=33_MEMBER=6561_PSO,GEN=32_MEMBER=6499_PSO,,
GEN=33_MEMBER=6563_PSO,GEN=29_MEMBER=5881_PSO,,
GEN=33_MEMBER=6565_PSO,GEN=31_MEMBER=6233_PSO,,
GEN=33_MEMBER=6567_PSO,GEN=32_MEMBER=6437_PSO,,
GEN=33_MEMBER=6569_PSO,GEN=30_MEMBER=6021_PSO,,
GEN=33_MEMBER=6571_PSO,GEN=29_MEMBER=5831_PSO,,
GEN=33_MEMBER=6573_PSO,GEN=29_MEMBER=5887_PSO,,
GEN=33_MEMBER=6575_PSO,GEN=28_MEMBER=5641_PSO,,
GEN=33_MEMBER=6577_PSO,GEN=32_MEMBER=6405_PSO,,
GEN=33_MEMBER=6579_PSO,GEN=29_MEMBER=5851_PSO,,
GEN=33_MEMBER=6581_PSO,GEN=32_MEMBER=6449_PSO,,
GEN=33_MEMBER=6583_PSO,GEN=32_MEMBER=6341_PSO,,
GEN=33_MEMBER=6585_PSO,GEN=32_MEMBER=6305_PSO,,
GEN=33_MEMBER=6587_PSO,GEN=23_MEMBER=4635_PSO,,
GEN=33_MEMBER=6589_PSO,GEN=32_MEMBER=6345_PSO,,
GEN=33_MEMBER=6591_PSO,GEN=30_MEMBER=5967_PSO,,
GEN=33_MEMBER=6593_PSO,GEN=32_MEMBER=6487_PSO,,
GEN=33_MEMBER=6595_PSO,GEN=32_MEMBER=6395_PSO,,
GEN=33_MEMBER=6597_PSO,GEN=17_MEMBER=3429_PSO,,
GEN=33_MEMBER=6599_PSO,GEN=32_MEMBER=6431_PSO,,
GEN=33_MEMBER=6601_PSO,GEN=30_MEMBER=6027_PSO,,
GEN=33_MEMBER=6603_PSO,GEN=25_MEMBER=5091_PSO,,
GEN=33_MEMBER=6605_PSO,GEN=29_MEMBER=5869_PSO,,
GEN=33_MEMBER=6607_PSO,GEN=32_MEMBER=6425_PSO,,
GEN=33_MEMBER=6609_PSO,GEN=30_MEMBER=5999_PSO,,
GEN=33_MEMBER=6611_PSO,GEN=32_MEMBER=6429_PSO,,
GEN=33_MEMBER=6613_PSO,GEN=27_MEMBER=5365_PSO,,
GEN=33_MEMBER=6615_PSO,GEN=26_MEMBER=5235_PSO,,
GEN=33_MEMBER=6617_PSO,GEN=30_MEMBER=5979_PSO,,
GEN=33_MEMBER=6619_PSO,GEN=24_MEMBER=4829_PSO,,
GEN=33_MEMBER=6621_PSO,GEN=30_MEMBER=6011_PSO,,
GEN=33_MEMBER=6623_PSO,GEN=31_MEMBER=6203_PSO,,
GEN=33_MEMBER=6625_PSO,GEN=31_MEMBER=6247_PSO,,
GEN=33_MEMBER=6627_PSO,GEN=30_MEMBER=6081_PSO,,
GEN=33_MEMBER=6629_PSO,GEN=32_MEMBER=6495_PSO,,
GEN=33_MEMBER=6631_PSO,GEN=30_MEMBER=6013_PSO,,
GEN=33_MEMBER=6633_PSO,GEN=27_MEMBER=5487_PSO,,
GEN=33_MEMBER=6635_PSO,GEN=32_MEMBER=6441_PSO,,
GEN=33_MEMBER=6637_PSO,GEN=32_MEMBER=6307_PSO,,
GEN=33_MEMBER=6639_PSO,GEN=31_MEMBER=6273_PSO,,
GEN=33_MEMBER=6641_PSO,GEN=32_MEMBER=6389_PSO,,
GEN=33_MEMBER=6643_PSO,GEN=27_MEMBER=5411_PSO,,
GEN=33_MEMBER=6645_PSO,GEN=32_MEMBER=6301_PSO,,
GEN=33_MEMBER=6647_PSO,GEN=27_MEMBER=5475_PSO,,
GEN=33_MEMBER=6649_PSO,GEN=26_MEMBER=5299_PSO,,
GEN=33_MEMBER=6651_PSO,GEN=32_MEMBER=6373_PSO,,
GEN=33_MEMBER=6653_PSO,GEN=31_MEMBER=6243_PSO,,
GEN=33_MEMBER=6655_PSO,GEN=28_MEMBER=5619_PSO,,
GEN=33_MEMBER=6657_PSO,GEN=32_MEMBER=6459_PSO,,
GEN=33_MEMBER=6659_PSO,GEN=32_MEMBER=6467_PSO,,
GEN=33_MEMBER=6661_PSO,GEN=30_MEMBER=6025_PSO,,
GEN=33_MEMBER=6663_PSO,GEN=31_MEMBER=6205_PSO,,
GEN=33_MEMBER=6665_PSO,GEN=32_MEMBER=6313_PSO,,
GEN=33_MEMBER=6667_PSO,GEN=31_MEMBER=6169_PSO,,
GEN=33_MEMBER=6669_PSO,GEN=31_MEMBER=6283_PSO,,
GEN=33_MEMBER=6671_PSO,GEN=32_MEMBER=6413_PSO,,
GEN=33_MEMBER=6673_PSO,GEN=32_MEMBER=6357_PSO,,
GEN=33_MEMBER=6675_PSO,GEN=32_MEMBER=6337_PSO,,
GEN=33_MEMBER=6677_PSO,GEN=29_MEMBER=5801_PSO,,
GEN=33_MEMBER=6679_PSO,GEN=31_MEMBER=6167_PSO,,
GEN=33_MEMBER=6681_PSO,GEN=31_MEMBER=6109_PSO,,
GEN=33_MEMBER=6683_PSO,GEN=27_MEMBER=5389_PSO,,
GEN=33_MEMBER=6685_PSO,GEN=25_MEMBER=5005_PSO,,
GEN=33_MEMBER=6687_PSO,GEN=30_MEMBER=6017_PSO,,
GEN=33_MEMBER=6689_PSO,GEN=30_MEMBER=5947_PSO,,
GEN=33_MEMBER=6691_PSO,GEN=32_MEMBER=6435_PSO,,
GEN=33_MEMBER=6693_PSO,GEN=32_MEMBER=6463_PSO,,
GEN=33_MEMBER=6695_PSO,GEN=28_MEMBER=5677_PSO,,
GEN=33_MEMBER=6697_PSO,GEN=29_MEMBER=5753_PSO,,
GEN=33_MEMBER=6699_PSO,GEN=31_MEMBER=6263_PSO,,
GEN=34_MEMBER=6701_PSO,GEN=33_MEMBER=6583_PSO,,
GEN=34_MEMBER=6703_PSO,GEN=29_MEMBER=5827_PSO,,
GEN=34_MEMBER=6705_PSO,GEN=31_MEMBER=6175_PSO,,
GEN=34_MEMBER=6707_PSO,GEN=32_MEMBER=6481_PSO,,
GEN=34_MEMBER=6709_PSO,GEN=31_MEMBER=6223_PSO,,
GEN=34_MEMBER=6711_PSO,GEN=33_MEMBER=6585_PSO,,
GEN=34_MEMBER=6713_PSO,GEN=33_MEMBER=6681_PSO,,
GEN=34_MEMBER=6715_PSO,GEN=32_MEMBER=6423_PSO,,
GEN=34_MEMBER=6717_PSO,GEN=25_MEMBER=5031_PSO,,
GEN=34_MEMBER=6719_PSO,GEN=31_MEMBER=6299_PSO,,
GEN=34_MEMBER=6721_PSO,GEN=32_MEMBER=6465_PSO,,
GEN=34_MEMBER=6723_PSO,GEN=33_MEMBER=6593_PSO,,
GEN=34_MEMBER=6725_PSO,GEN=23_MEMBER=4649_PSO,,
GEN=34_MEMBER=6727_PSO,GEN=22_MEMBER=4425_PSO,,
GEN=34_MEMBER=6729_PSO,GEN=33_MEMBER=6617_PSO,,
GEN=34_MEMBER=6731_PSO,GEN=33_MEMBER=6621_PSO,,
GEN=34_MEMBER=6733_PSO,GEN=27_MEMBER=5393_PSO,,
GEN=34_MEMBER=6735_PSO,GEN=25_MEMBER=5059_PSO,,
GEN=34_MEMBER=6737_PSO,GEN=20_MEMBER=4065_PSO,,
GEN=34_MEMBER=6739_PSO,GEN=32_MEMBER=6457_PSO,,
GEN=34_MEMBER=6741_PSO,GEN=33_MEMBER=6669_PSO,,
GEN=34_MEMBER=6743_PSO,GEN=27_MEMBER=5469_PSO,,
GEN=34_MEMBER=6745_PSO,GEN=33_MEMBER=6595_PSO,,
GEN=34_MEMBER=6747_PSO,GEN=30_MEMBER=6003_PSO,,
GEN=34_MEMBER=6749_PSO,GEN=28_MEMBER=5623_PSO,,
GEN=34_MEMBER=6751_PSO,GEN=31_MEMBER=6245_PSO,,
GEN=34_MEMBER=6753_PSO,GEN=33_MEMBER=6589_PSO,,
GEN=34_MEMBER=6755_PSO,GEN=28_MEMBER=5633_PSO,,
GEN=34_MEMBER=6757_PSO,GEN=33_MEMBER=6635_PSO,,
GEN=34_MEMBER=6759_PSO,GEN=30_MEMBER=5993_PSO,,
GEN=34_MEMBER=6761_PSO,GEN=33_MEMBER=6689_PSO,,
GEN=34_MEMBER=6763_PSO,GEN=33_MEMBER=6675_PSO,,
GEN=34_MEMBER=6765_PSO,GEN=23_MEMBER=4603_PSO,,
GEN=34_MEMBER=6767_PSO,GEN=32_MEMBER=6471_PSO,,
GEN=34_MEMBER=6769_PSO,GEN=33_MEMBER=6673_PSO,,
GEN=34_MEMBER=6771_PSO,GEN=31_MEMBER=6179_PSO,,
GEN=34_MEMBER=6773_PSO,GEN=19_MEMBER=3889_PSO,,
GEN=34_MEMBER=6775_PSO,GEN=33_MEMBER=6637_PSO,,
GEN=34_MEMBER=6777_PSO,GEN=31_MEMBER=6237_PSO,,
GEN=34_MEMBER=6779_PSO,GEN=31_MEMBER=6281_PSO,,
GEN=34_MEMBER=6781_PSO,GEN=28_MEMBER=5647_PSO,,
GEN=34_MEMBER=6783_PSO,GEN=20_MEMBER=4007_PSO,,
GEN=34_MEMBER=6785_PSO,GEN=32_MEMBER=6499_PSO,,
GEN=34_MEMBER=6787_PSO,GEN=29_MEMBER=5881_PSO,,
GEN=34_MEMBER=6789_PSO,GEN=31_MEMBER=6233_PSO,,
GEN=34_MEMBER=6791_PSO,GEN=32_MEMBER=6437_PSO,,
GEN=34_MEMBER=6793_PSO,GEN=30_MEMBER=6021_PSO,,
GEN=34_MEMBER=6795_PSO,GEN=33_MEMBER=6567_PSO,,
GEN=34_MEMBER=6797_PSO,GEN=33_MEMBER=6581_PSO,,
GEN=34_MEMBER=6799_PSO,GEN=29_MEMBER=5831_PSO,,
GEN=34_MEMBER=6801_PSO,GEN=33_MEMBER=6549_PSO,,
GEN=34_MEMBER=6803_PSO,GEN=29_MEMBER=5887_PSO,,
GEN=34_MEMBER=6805_PSO,GEN=28_MEMBER=5641_PSO,,
GEN=34_MEMBER=6807_PSO,GEN=32_MEMBER=6405_PSO,,
GEN=34_MEMBER=6809_PSO,GEN=29_MEMBER=5851_PSO,,
GEN=34_MEMBER=6811_PSO,GEN=32_MEMBER=6449_PSO,,
GEN=34_MEMBER=6813_PSO,GEN=32_MEMBER=6341_PSO,,
GEN=34_MEMBER=6815_PSO,GEN=32_MEMBER=6305_PSO,,
GEN=34_MEMBER=6817_PSO,GEN=23_MEMBER=4635_PSO,,
GEN=34_MEMBER=6819_PSO,GEN=33_MEMBER=6505_PSO,,
GEN=34_MEMBER=6821_PSO,GEN=32_MEMBER=6345_PSO,,
GEN=34_MEMBER=6823_PSO,GEN=33_MEMBER=6639_PSO,,
GEN=34_MEMBER=6825_PSO,GEN=33_MEMBER=6691_PSO,,
GEN=34_MEMBER=6827_PSO,GEN=30_MEMBER=5967_PSO,,
GEN=34_MEMBER=6829_PSO,GEN=32_MEMBER=6487_PSO,,
GEN=34_MEMBER=6831_PSO,GEN=33_MEMBER=6693_PSO,,
GEN=34_MEMBER=6833_PSO,GEN=33_MEMBER=6667_PSO,,
GEN=34_MEMBER=6835_PSO,GEN=32_MEMBER=6395_PSO,,
GEN=34_MEMBER=6837_PSO,GEN=33_MEMBER=6659_PSO,,
GEN=34_MEMBER=6839_PSO,GEN=17_MEMBER=3429_PSO,,
GEN=34_MEMBER=6841_PSO,GEN=32_MEMBER=6431_PSO,,
GEN=34_MEMBER=6843_PSO,GEN=33_MEMBER=6671_PSO,,
GEN=34_MEMBER=6845_PSO,GEN=30_MEMBER=6027_PSO,,
GEN=34_MEMBER=6847_PSO,GEN=25_MEMBER=5091_PSO,,
GEN=34_MEMBER=6849_PSO,GEN=29_MEMBER=5869_PSO,,
GEN=34_MEMBER=6851_PSO,GEN=32_MEMBER=6425_PSO,,
GEN=34_MEMBER=6853_PSO,GEN=33_MEMBER=6665_PSO,,
GEN=34_MEMBER=6855_PSO,GEN=30_MEMBER=5999_PSO,,
GEN=34_MEMBER=6857_PSO,GEN=32_MEMBER=6429_PSO,,
GEN=34_MEMBER=6859_PSO,GEN=27_MEMBER=5365_PSO,,
GEN=34_MEMBER=6861_PSO,GEN=26_MEMBER=5235_PSO,,
GEN=34_MEMBER=6863_PSO,GEN=30_MEMBER=5979_PSO,,
GEN=34_MEMBER=6865_PSO,GEN=33_MEMBER=6529_PSO,,
GEN=34_MEMBER=6867_PSO,GEN=33_MEMBER=6511_PSO,,
GEN=34_MEMBER=6869_PSO,GEN=30_MEMBER=6011_PSO,,
GEN=34_MEMBER=6871_PSO,GEN=31_MEMBER=6203_PSO,,
GEN=34_MEMBER=6873_PSO,GEN=31_MEMBER=6247_PSO,,
GEN=34_MEMBER=6875_PSO,GEN=30_MEMBER=6081_PSO,,
GEN=34_MEMBER=6877_PSO,GEN=32_MEMBER=6495_PSO,,
GEN=34_MEMBER=6879_PSO,GEN=30_MEMBER=6013_PSO,,
GEN=34_MEMBER=6881_PSO,GEN=33_MEMBER=6629_PSO,,
GEN=34_MEMBER=6883_PSO,GEN=27_MEMBER=5487_PSO,,
GEN=34_MEMBER=6885_PSO,GEN=32_MEMBER=6441_PSO,,
GEN=34_MEMBER=6887_PSO,GEN=33_MEMBER=6509_PSO,,
GEN=34_MEMBER=6889_PSO,GEN=32_MEMBER=6307_PSO,,
GEN=34_MEMBER=6891_PSO,GEN=31_MEMBER=6273_PSO,,
GEN=34_MEMBER=6893_PSO,GEN=32_MEMBER=6389_PSO,,
GEN=34_MEMBER=6895_PSO,GEN=27_MEMBER=5411_PSO,,
GEN=34_MEMBER=6897_PSO,GEN=33_MEMBER=6501_PSO,,
GEN=34_MEMBER=6899_PSO,GEN=33_MEMBER=6651_PSO,,
GEN=35_MEMBER=6901_PSO,GEN=33_MEMBER=6583_PSO,,
GEN=35_MEMBER=6903_PSO,GEN=29_MEMBER=5827_PSO,,
GEN=35_MEMBER=6905_PSO,GEN=34_MEMBER=6889_PSO,,
GEN=35_MEMBER=6907_PSO,GEN=32_MEMBER=6481_PSO,,
GEN=35_MEMBER=6909_PSO,GEN=31_MEMBER=6223_PSO,,
GEN=35_MEMBER=6911_PSO,GEN=33_MEMBER=6585_PSO,,
GEN=35_MEMBER=6913_PSO,GEN=33_MEMBER=6681_PSO,,
GEN=35_MEMBER=6915_PSO,GEN=32_MEMBER=6423_PSO,,
GEN=35_MEMBER=6917_PSO,GEN=34_MEMBER=6867_PSO,,
GEN=35_MEMBER=6919_PSO,GEN=31_MEMBER=6299_PSO,,
GEN=35_MEMBER=6921_PSO,GEN=34_MEMBER=6745_PSO,,
GEN=35_MEMBER=6923_PSO,GEN=33_MEMBER=6593_PSO,,
GEN=35_MEMBER=6925_PSO,GEN=23_MEMBER=4649_PSO,,
GEN=35_MEMBER=6927_PSO,GEN=22_MEMBER=4425_PSO,,
GEN=35_MEMBER=6929_PSO,GEN=33_MEMBER=6617_PSO,,
GEN=35_MEMBER=6931_PSO,GEN=33_MEMBER=6621_PSO,,
GEN=35_MEMBER=6933_PSO,GEN=27_MEMBER=5393_PSO,,
GEN=35_MEMBER=6935_PSO,GEN=25_MEMBER=5059_PSO,,
GEN=35_MEMBER=6937_PSO,GEN=20_MEMBER=4065_PSO,,
GEN=35_MEMBER=6939_PSO,GEN=32_MEMBER=6457_PSO,,
GEN=35_MEMBER=6941_PSO,GEN=33_MEMBER=6669_PSO,,
GEN=35_MEMBER=6943_PSO,GEN=27_MEMBER=5469_PSO,,
GEN=35_MEMBER=6945_PSO,GEN=33_MEMBER=6595_PSO,,
GEN=35_MEMBER=6947_PSO,GEN=30_MEMBER=6003_PSO,,
GEN=35_MEMBER=6949_PSO,GEN=28_MEMBER=5623_PSO,,
GEN=35_MEMBER=6951_PSO,GEN=34_MEMBER=6815_PSO,,
GEN=35_MEMBER=6953_PSO,GEN=31_MEMBER=6245_PSO,,
GEN=35_MEMBER=6955_PSO,GEN=34_MEMBER=6753_PSO,,
GEN=35_MEMBER=6957_PSO,GEN=33_MEMBER=6589_PSO,,
GEN=35_MEMBER=6959_PSO,GEN=34_MEMBER=6791_PSO,,
GEN=35_MEMBER=6961_PSO,GEN=28_MEMBER=5633_PSO,,
GEN=35_MEMBER=6963_PSO,GEN=33_MEMBER=6635_PSO,,
GEN=35_MEMBER=6965_PSO,GEN=34_MEMBER=6865_PSO,,
GEN=35_MEMBER=6967_PSO,GEN=30_MEMBER=5993_PSO,,
GEN=35_MEMBER=6969_PSO,GEN=33_MEMBER=6689_PSO,,
GEN=35_MEMBER=6971_PSO,GEN=33_MEMBER=6675_PSO,,
GEN=35_MEMBER=6973_PSO,GEN=23_MEMBER=4603_PSO,,
GEN=35_MEMBER=6975_PSO,GEN=34_MEMBER=6853_PSO,,
GEN=35_MEMBER=6977_PSO,GEN=32_MEMBER=6471_PSO,,
GEN=35_MEMBER=6979_PSO,GEN=33_MEMBER=6673_PSO,,
GEN=35_MEMBER=6981_PSO,GEN=34_MEMBER=6869_PSO,,
GEN=35_MEMBER=6983_PSO,GEN=31_MEMBER=6179_PSO,,
GEN=35_MEMBER=6985_PSO,GEN=34_MEMBER=6891_PSO,,
GEN=35_MEMBER=6987_PSO,GEN=33_MEMBER=6637_PSO,,
GEN=35_MEMBER=6989_PSO,GEN=34_MEMBER=6835_PSO,,
GEN=35_MEMBER=6991_PSO,GEN=31_MEMBER=6237_PSO,,
GEN=35_MEMBER=6993_PSO,GEN=34_MEMBER=6863_PSO,,
GEN=35_MEMBER=6995_PSO,GEN=31_MEMBER=6281_PSO,,
GEN=35_MEMBER=6997_PSO,GEN=34_MEMBER=6711_PSO,,
GEN=35_MEMBER=6999_PSO,GEN=28_MEMBER=5647_PSO,,
GEN=35_MEMBER=7001_PSO,GEN=20_MEMBER=4007_PSO,,
GEN=35_MEMBER=7003_PSO,GEN=32_MEMBER=6499_PSO,,
GEN=35_MEMBER=7005_PSO,GEN=29_MEMBER=5881_PSO,,
GEN=35_MEMBER=7007_PSO,GEN=31_MEMBER=6233_PSO,,
GEN=35_MEMBER=7009_PSO,GEN=32_MEMBER=6437_PSO,,
GEN=35_MEMBER=7011_PSO,GEN=34_MEMBER=6723_PSO,,
GEN=35_MEMBER=7013_PSO,GEN=34_MEMBER=6761_PSO,,
GEN=35_MEMBER=7015_PSO,GEN=33_MEMBER=6567_PSO,,
GEN=35_MEMBER=7017_PSO,GEN=34_MEMBER=6819_PSO,,
GEN=35_MEMBER=7019_PSO,GEN=33_MEMBER=6581_PSO,,
GEN=35_MEMBER=7021_PSO,GEN=29_MEMBER=5831_PSO,,
GEN=35_MEMBER=7023_PSO,GEN=33_MEMBER=6549_PSO,,
GEN=35_MEMBER=7025_PSO,GEN=29_MEMBER=5887_PSO,,
GEN=35_MEMBER=7027_PSO,GEN=28_MEMBER=5641_PSO,,
GEN=35_MEMBER=7029_PSO,GEN=32_MEMBER=6405_PSO,,
GEN=35_MEMBER=7031_PSO,GEN=34_MEMBER=6763_PSO,,
GEN=35_MEMBER=7033_PSO,GEN=29_MEMBER=5851_PSO,,
GEN=35_MEMBER=7035_PSO,GEN=32_MEMBER=6449_PSO,,
GEN=35_MEMBER=7037_PSO,GEN=32_MEMBER=6341_PSO,,
GEN=35_MEMBER=7039_PSO,GEN=32_MEMBER=6305_PSO,,
GEN=35_MEMBER=7041_PSO,GEN=23_MEMBER=4635_PSO,,
GEN=35_MEMBER=7043_PSO,GEN=34_MEMBER=6705_PSO,,
GEN=35_MEMBER=7045_PSO,GEN=33_MEMBER=6505_PSO,,
GEN=35_MEMBER=7047_PSO,GEN=32_MEMBER=6345_PSO,,
GEN=35_MEMBER=7049_PSO,GEN=33_MEMBER=6639_PSO,,
GEN=35_MEMBER=7051_PSO,GEN=33_MEMBER=6691_PSO,,
GEN=35_MEMBER=7053_PSO,GEN=34_MEMBER=6897_PSO,,
GEN=35_MEMBER=7055_PSO,GEN=30_MEMBER=5967_PSO,,
GEN=35_MEMBER=7057_PSO,GEN=32_MEMBER=6487_PSO,,
GEN=35_MEMBER=7059_PSO,GEN=33_MEMBER=6693_PSO,,
GEN=35_MEMBER=7061_PSO,GEN=33_MEMBER=6667_PSO,,
GEN=35_MEMBER=7063_PSO,GEN=32_MEMBER=6395_PSO,,
GEN=35_MEMBER=7065_PSO,GEN=34_MEMBER=6825_PSO,,
GEN=35_MEMBER=7067_PSO,GEN=33_MEMBER=6659_PSO,,
GEN=35_MEMBER=7069_PSO,GEN=34_MEMBER=6757_PSO,,
GEN=35_MEMBER=7071_PSO,GEN=17_MEMBER=3429_PSO,,
GEN=35_MEMBER=7073_PSO,GEN=32_MEMBER=6431_PSO,,
GEN=35_MEMBER=7075_PSO,GEN=33_MEMBER=6671_PSO,,
GEN=35_MEMBER=7077_PSO,GEN=30_MEMBER=6027_PSO,,
GEN=35_MEMBER=7079_PSO,GEN=25_MEMBER=5091_PSO,,
GEN=35_MEMBER=7081_PSO,GEN=34_MEMBER=6775_PSO,,
GEN=35_MEMBER=7083_PSO,GEN=29_MEMBER=5869_PSO,,
GEN=35_MEMBER=7085_PSO,GEN=32_MEMBER=6425_PSO,,
GEN=35_MEMBER=7087_PSO,GEN=33_MEMBER=6665_PSO,,
GEN=35_MEMBER=7089_PSO,GEN=30_MEMBER=5999_PSO,,
GEN=35_MEMBER=7091_PSO,GEN=34_MEMBER=6771_PSO,,
GEN=35_MEMBER=7093_PSO,GEN=32_MEMBER=6429_PSO,,
GEN=35_MEMBER=7095_PSO,GEN=27_MEMBER=5365_PSO,,
GEN=35_MEMBER=7097_PSO,GEN=26_MEMBER=5235_PSO,,
GEN=35_MEMBER=7099_PSO,GEN=30_MEMBER=5979_PSO,,
GEN=36_MEMBER=7101_PSO,GEN=33_MEMBER=6583_PSO,,
GEN=36_MEMBER=7103_PSO,GEN=29_MEMBER=5827_PSO,,
GEN=36_MEMBER=7105_PSO,GEN=34_MEMBER=6889_PSO,,
GEN=36_MEMBER=7107_PSO,GEN=32_MEMBER=6481_PSO,,
GEN=36_MEMBER=7109_PSO,GEN=31_MEMBER=6223_PSO,,
GEN=36_MEMBER=7111_PSO,GEN=35_MEMBER=7051_PSO,,
GEN=36_MEMBER=7113_PSO,GEN=35_MEMBER=6989_PSO,,
GEN=36_MEMBER=7115_PSO,GEN=32_MEMBER=6423_PSO,,
GEN=36_MEMBER=7117_PSO,GEN=34_MEMBER=6867_PSO,,
GEN=36_MEMBER=7119_PSO,GEN=31_MEMBER=6299_PSO,,
GEN=36_MEMBER=7121_PSO,GEN=34_MEMBER=6745_PSO,,
GEN=36_MEMBER=7123_PSO,GEN=35_MEMBER=7091_PSO,,
GEN=36_MEMBER=7125_PSO,GEN=35_MEMBER=6957_PSO,,
GEN=36_MEMBER=7127_PSO,GEN=35_MEMBER=7053_PSO,,
GEN=36_MEMBER=7129_PSO,GEN=33_MEMBER=6593_PSO,,
GEN=36_MEMBER=7131_PSO,GEN=23_MEMBER=4649_PSO,,
GEN=36_MEMBER=7133_PSO,GEN=22_MEMBER=4425_PSO,,
GEN=36_MEMBER=7135_PSO,GEN=33_MEMBER=6617_PSO,,
GEN=36_MEMBER=7137_PSO,GEN=35_MEMBER=6921_PSO,,
GEN=36_MEMBER=7139_PSO,GEN=33_MEMBER=6621_PSO,,
GEN=36_MEMBER=7141_PSO,GEN=27_MEMBER=5393_PSO,,
GEN=36_MEMBER=7143_PSO,GEN=25_MEMBER=5059_PSO,,
GEN=36_MEMBER=7145_PSO,GEN=20_MEMBER=4065_PSO,,
GEN=36_MEMBER=7147_PSO,GEN=35_MEMBER=6975_PSO,,
GEN=36_MEMBER=7149_PSO,GEN=32_MEMBER=6457_PSO,,
GEN=36_MEMBER=7151_PSO,GEN=33_MEMBER=6669_PSO,,
GEN=36_MEMBER=7153_PSO,GEN=27_MEMBER=5469_PSO,,
GEN=36_MEMBER=7155_PSO,GEN=33_MEMBER=6595_PSO,,
GEN=36_MEMBER=7157_PSO,GEN=30_MEMBER=6003_PSO,,
GEN=36_MEMBER=7159_PSO,GEN=35_MEMBER=7059_PSO,,
GEN=36_MEMBER=7161_PSO,GEN=28_MEMBER=5623_PSO,,
GEN=36_MEMBER=7163_PSO,GEN=34_MEMBER=6815_PSO,,
GEN=36_MEMBER=7165_PSO,GEN=31_MEMBER=6245_PSO,,
GEN=36_MEMBER=7167_PSO,GEN=34_MEMBER=6753_PSO,,
GEN=36_MEMBER=7169_PSO,GEN=33_MEMBER=6589_PSO,,
GEN=36_MEMBER=7171_PSO,GEN=34_MEMBER=6791_PSO,,
GEN=36_MEMBER=7173_PSO,GEN=28_MEMBER=5633_PSO,,
GEN=36_MEMBER=7175_PSO,GEN=33_MEMBER=6635_PSO,,
GEN=36_MEMBER=7177_PSO,GEN=35_MEMBER=6951_PSO,,
GEN=36_MEMBER=7179_PSO,GEN=35_MEMBER=7099_PSO,,
GEN=36_MEMBER=7181_PSO,GEN=34_MEMBER=6865_PSO,,
GEN=36_MEMBER=7183_PSO,GEN=30_MEMBER=5993_PSO,,
GEN=36_MEMBER=7185_PSO,GEN=33_MEMBER=6689_PSO,,
GEN=36_MEMBER=7187_PSO,GEN=35_MEMBER=6945_PSO,,
GEN=36_MEMBER=7189_PSO,GEN=35_MEMBER=7031_PSO,,
GEN=36_MEMBER=7191_PSO,GEN=35_MEMBER=7019_PSO,,
GEN=36_MEMBER=7193_PSO,GEN=35_MEMBER=7037_PSO,,
GEN=36_MEMBER=7195_PSO,GEN=35_MEMBER=7035_PSO,,
GEN=36_MEMBER=7197_PSO,GEN=34_MEMBER=6853_PSO,,
GEN=36_MEMBER=7199_PSO,GEN=32_MEMBER=6471_PSO,,
GEN=36_MEMBER=7201_PSO,GEN=33_MEMBER=6673_PSO,,
GEN=36_MEMBER=7203_PSO,GEN=35_MEMBER=7043_PSO,,
GEN=36_MEMBER=7205_PSO,GEN=34_MEMBER=6869_PSO,,
GEN=36_MEMBER=7207_PSO,GEN=35_MEMBER=6911_PSO,,
GEN=36_MEMBER=7209_PSO,GEN=31_MEMBER=6179_PSO,,
GEN=36_MEMBER=7211_PSO,GEN=34_MEMBER=6891_PSO,,
GEN=36_MEMBER=7213_PSO,GEN=33_MEMBER=6637_PSO,,
GEN=36_MEMBER=7215_PSO,GEN=34_MEMBER=6835_PSO,,
GEN=36_MEMBER=7217_PSO,GEN=35_MEMBER=6971_PSO,,
GEN=36_MEMBER=7219_PSO,GEN=35_MEMBER=7015_PSO,,
GEN=36_MEMBER=7221_PSO,GEN=35_MEMBER=6901_PSO,,
GEN=36_MEMBER=7223_PSO,GEN=35_MEMBER=7063_PSO,,
GEN=36_MEMBER=7225_PSO,GEN=34_MEMBER=6711_PSO,,
GEN=36_MEMBER=7227_PSO,GEN=28_MEMBER=5647_PSO,,
GEN=36_MEMBER=7229_PSO,GEN=35_MEMBER=6955_PSO,,
GEN=36_MEMBER=7231_PSO,GEN=35_MEMBER=6997_PSO,,
GEN=36_MEMBER=7233_PSO,GEN=20_MEMBER=4007_PSO,,
GEN=36_MEMBER=7235_PSO,GEN=35_MEMBER=6993_PSO,,
GEN=36_MEMBER=7237_PSO,GEN=32_MEMBER=6499_PSO,,
GEN=36_MEMBER=7239_PSO,GEN=35_MEMBER=7011_PSO,,
GEN=36_MEMBER=7241_PSO,GEN=29_MEMBER=5881_PSO,,
GEN=36_MEMBER=7243_PSO,GEN=35_MEMBER=7013_PSO,,
GEN=36_MEMBER=7245_PSO,GEN=31_MEMBER=6233_PSO,,
GEN=36_MEMBER=7247_PSO,GEN=32_MEMBER=6437_PSO,,
GEN=36_MEMBER=7249_PSO,GEN=34_MEMBER=6723_PSO,,
GEN=36_MEMBER=7251_PSO,GEN=34_MEMBER=6761_PSO,,
GEN=36_MEMBER=7253_PSO,GEN=33_MEMBER=6567_PSO,,
GEN=36_MEMBER=7255_PSO,GEN=35_MEMBER=6965_PSO,,
GEN=36_MEMBER=7257_PSO,GEN=34_MEMBER=6819_PSO,,
GEN=36_MEMBER=7259_PSO,GEN=33_MEMBER=6581_PSO,,
GEN=36_MEMBER=7261_PSO,GEN=29_MEMBER=5831_PSO,,
GEN=36_MEMBER=7263_PSO,GEN=35_MEMBER=6985_PSO,,
GEN=36_MEMBER=7265_PSO,GEN=33_MEMBER=6549_PSO,,
GEN=36_MEMBER=7267_PSO,GEN=29_MEMBER=5887_PSO,,
GEN=36_MEMBER=7269_PSO,GEN=28_MEMBER=5641_PSO,,
GEN=36_MEMBER=7271_PSO,GEN=35_MEMBER=6931_PSO,,
GEN=36_MEMBER=7273_PSO,GEN=32_MEMBER=6405_PSO,,
GEN=36_MEMBER=7275_PSO,GEN=34_MEMBER=6763_PSO,,
GEN=36_MEMBER=7277_PSO,GEN=29_MEMBER=5851_PSO,,
GEN=36_MEMBER=7279_PSO,GEN=32_MEMBER=6449_PSO,,
GEN=36_MEMBER=7281_PSO,GEN=32_MEMBER=6341_PSO,,
GEN=36_MEMBER=7283_PSO,GEN=35_MEMBER=6959_PSO,,
GEN=36_MEMBER=7285_PSO,GEN=32_MEMBER=6305_PSO,,
GEN=36_MEMBER=7287_PSO,GEN=35_MEMBER=7045_PSO,,
GEN=36_MEMBER=7289_PSO,GEN=23_MEMBER=4635_PSO,,
GEN=36_MEMBER=7291_PSO,GEN=35_MEMBER=6905_PSO,,
GEN=36_MEMBER=7293_PSO,GEN=35_MEMBER=7061_PSO,,
GEN=36_MEMBER=7295_PSO,GEN=34_MEMBER=6705_PSO,,
GEN=36_MEMBER=7297_PSO,GEN=33_MEMBER=6505_PSO,,
GEN=36_MEMBER=7299_PSO,GEN=32_MEMBER=6345_PSO,,
GEN=37_MEMBER=7301_PSO,GEN=33_MEMBER=6583_PSO,,
GEN=37_MEMBER=7303_PSO,GEN=36_MEMBER=7281_PSO,,
GEN=37_MEMBER=7305_PSO,GEN=36_MEMBER=7293_PSO,,
GEN=37_MEMBER=7307_PSO,GEN=36_MEMBER=7191_PSO,,
GEN=37_MEMBER=7309_PSO,GEN=31_MEMBER=6223_PSO,,
GEN=37_MEMBER=7311_PSO,GEN=36_MEMBER=7283_PSO,,
GEN=37_MEMBER=7313_PSO,GEN=35_MEMBER=6989_PSO,,
GEN=37_MEMBER=7315_PSO,GEN=32_MEMBER=6423_PSO,,
GEN=37_MEMBER=7317_PSO,GEN=34_MEMBER=6867_PSO,,
GEN=37_MEMBER=7319_PSO,GEN=31_MEMBER=6299_PSO,,
GEN=37_MEMBER=7321_PSO,GEN=34_MEMBER=6745_PSO,,
GEN=37_MEMBER=7323_PSO,GEN=36_MEMBER=7249_PSO,,
GEN=37_MEMBER=7325_PSO,GEN=35_MEMBER=7091_PSO,,
GEN=37_MEMBER=7327_PSO,GEN=36_MEMBER=7295_PSO,,
GEN=37_MEMBER=7329_PSO,GEN=35_MEMBER=7053_PSO,,
GEN=37_MEMBER=7331_PSO,GEN=36_MEMBER=7137_PSO,,
GEN=37_MEMBER=7333_PSO,GEN=36_MEMBER=7197_PSO,,
GEN=37_MEMBER=7335_PSO,GEN=33_MEMBER=6593_PSO,,
GEN=37_MEMBER=7337_PSO,GEN=36_MEMBER=7263_PSO,,
GEN=37_MEMBER=7339_PSO,GEN=22_MEMBER=4425_PSO,,
GEN=37_MEMBER=7341_PSO,GEN=33_MEMBER=6617_PSO,,
GEN=37_MEMBER=7343_PSO,GEN=35_MEMBER=6921_PSO,,
GEN=37_MEMBER=7345_PSO,GEN=33_MEMBER=6621_PSO,,
GEN=37_MEMBER=7347_PSO,GEN=27_MEMBER=5393_PSO,,
GEN=37_MEMBER=7349_PSO,GEN=25_MEMBER=5059_PSO,,
GEN=37_MEMBER=7351_PSO,GEN=20_MEMBER=4065_PSO,,
GEN=37_MEMBER=7353_PSO,GEN=36_MEMBER=7125_PSO,,
GEN=37_MEMBER=7355_PSO,GEN=32_MEMBER=6457_PSO,,
GEN=37_MEMBER=7357_PSO,GEN=33_MEMBER=6669_PSO,,
GEN=37_MEMBER=7359_PSO,GEN=27_MEMBER=5469_PSO,,
GEN=37_MEMBER=7361_PSO,GEN=33_MEMBER=6595_PSO,,
GEN=37_MEMBER=7363_PSO,GEN=36_MEMBER=7219_PSO,,
GEN=37_MEMBER=7365_PSO,GEN=30_MEMBER=6003_PSO,,
GEN=37_MEMBER=7367_PSO,GEN=35_MEMBER=7059_PSO,,
GEN=37_MEMBER=7369_PSO,GEN=36_MEMBER=7239_PSO,,
GEN=37_MEMBER=7371_PSO,GEN=28_MEMBER=5623_PSO,,
GEN=37_MEMBER=7373_PSO,GEN=34_MEMBER=6815_PSO,,
GEN=37_MEMBER=7375_PSO,GEN=31_MEMBER=6245_PSO,,
GEN=37_MEMBER=7377_PSO,GEN=34_MEMBER=6753_PSO,,
GEN=37_MEMBER=7379_PSO,GEN=33_MEMBER=6589_PSO,,
GEN=37_MEMBER=7381_PSO,GEN=34_MEMBER=6791_PSO,,
GEN=37_MEMBER=7383_PSO,GEN=28_MEMBER=5633_PSO,,
GEN=37_MEMBER=7385_PSO,GEN=33_MEMBER=6635_PSO,,
GEN=37_MEMBER=7387_PSO,GEN=35_MEMBER=6951_PSO,,
GEN=37_MEMBER=7389_PSO,GEN=35_MEMBER=7099_PSO,,
GEN=37_MEMBER=7391_PSO,GEN=34_MEMBER=6865_PSO,,
GEN=37_MEMBER=7393_PSO,GEN=36_MEMBER=7275_PSO,,
GEN=37_MEMBER=7395_PSO,GEN=36_MEMBER=7147_PSO,,
GEN=37_MEMBER=7397_PSO,GEN=30_MEMBER=5993_PSO,,
GEN=37_MEMBER=7399_PSO,GEN=36_MEMBER=7181_PSO,,
GEN=37_MEMBER=7401_PSO,GEN=33_MEMBER=6689_PSO,,
GEN=37_MEMBER=7403_PSO,GEN=35_MEMBER=6945_PSO,,
GEN=37_MEMBER=7405_PSO,GEN=35_MEMBER=7031_PSO,,
GEN=37_MEMBER=7407_PSO,GEN=35_MEMBER=7019_PSO,,
GEN=37_MEMBER=7409_PSO,GEN=36_MEMBER=7113_PSO,,
GEN=37_MEMBER=7411_PSO,GEN=35_MEMBER=7037_PSO,,
GEN=37_MEMBER=7413_PSO,GEN=35_MEMBER=7035_PSO,,
GEN=37_MEMBER=7415_PSO,GEN=34_MEMBER=6853_PSO,,
GEN=37_MEMBER=7417_PSO,GEN=32_MEMBER=6471_PSO,,
GEN=37_MEMBER=7419_PSO,GEN=36_MEMBER=7243_PSO,,
GEN=37_MEMBER=7421_PSO,GEN=33_MEMBER=6673_PSO,,
GEN=37_MEMBER=7423_PSO,GEN=36_MEMBER=7121_PSO,,
GEN=37_MEMBER=7425_PSO,GEN=34_MEMBER=6869_PSO,,
GEN=37_MEMBER=7427_PSO,GEN=35_MEMBER=6911_PSO,,
GEN=37_MEMBER=7429_PSO,GEN=31_MEMBER=6179_PSO,,
GEN=37_MEMBER=7431_PSO,GEN=34_MEMBER=6891_PSO,,
GEN=37_MEMBER=7433_PSO,GEN=33_MEMBER=6637_PSO,,
GEN=37_MEMBER=7435_PSO,GEN=34_MEMBER=6835_PSO,,
GEN=37_MEMBER=7437_PSO,GEN=36_MEMBER=7127_PSO,,
GEN=37_MEMBER=7439_PSO,GEN=35_MEMBER=6971_PSO,,
GEN=37_MEMBER=7441_PSO,GEN=35_MEMBER=7015_PSO,,
GEN=37_MEMBER=7443_PSO,GEN=36_MEMBER=7171_PSO,,
GEN=37_MEMBER=7445_PSO,GEN=36_MEMBER=7101_PSO,,
GEN=37_MEMBER=7447_PSO,GEN=35_MEMBER=7063_PSO,,
GEN=37_MEMBER=7449_PSO,GEN=34_MEMBER=6711_PSO,,
GEN=37_MEMBER=7451_PSO,GEN=36_MEMBER=7299_PSO,,
GEN=37_MEMBER=7453_PSO,GEN=28_MEMBER=5647_PSO,,
GEN=37_MEMBER=7455_PSO,GEN=35_MEMBER=6955_PSO,,
GEN=37_MEMBER=7457_PSO,GEN=36_MEMBER=7297_PSO,,
GEN=37_MEMBER=7459_PSO,GEN=36_MEMBER=7291_PSO,,
GEN=37_MEMBER=7461_PSO,GEN=36_MEMBER=7287_PSO,,
GEN=37_MEMBER=7463_PSO,GEN=36_MEMBER=7163_PSO,,
GEN=37_MEMBER=7465_PSO,GEN=20_MEMBER=4007_PSO,,
GEN=37_MEMBER=7467_PSO,GEN=36_MEMBER=7251_PSO,,
GEN=37_MEMBER=7469_PSO,GEN=35_MEMBER=6993_PSO,,
GEN=37_MEMBER=7471_PSO,GEN=32_MEMBER=6499_PSO,,
GEN=37_MEMBER=7473_PSO,GEN=35_MEMBER=7011_PSO,,
GEN=37_MEMBER=7475_PSO,GEN=29_MEMBER=5881_PSO,,
GEN=37_MEMBER=7477_PSO,GEN=35_MEMBER=7013_PSO,,
GEN=37_MEMBER=7479_PSO,GEN=36_MEMBER=7159_PSO,,
GEN=37_MEMBER=7481_PSO,GEN=31_MEMBER=6233_PSO,,
GEN=37_MEMBER=7483_PSO,GEN=32_MEMBER=6437_PSO,,
GEN=37_MEMBER=7485_PSO,GEN=34_MEMBER=6723_PSO,,
GEN=37_MEMBER=7487_PSO,GEN=36_MEMBER=7111_PSO,,
GEN=37_MEMBER=7489_PSO,GEN=34_MEMBER=6761_PSO,,
GEN=37_MEMBER=7491_PSO,GEN=33_MEMBER=6567_PSO,,
GEN=37_MEMBER=7493_PSO,GEN=35_MEMBER=6965_PSO,,
GEN=37_MEMBER=7495_PSO,GEN=34_MEMBER=6819_PSO,,
GEN=37_MEMBER=7497_PSO,GEN=33_MEMBER=6581_PSO,,
GEN=37_MEMBER=7499_PSO,GEN=36_MEMBER=7189_PSO,,
GEN=38_MEMBER=7501_PSO,GEN=33_MEMBER=6583_PSO,,
GEN=38_MEMBER=7503_PSO,GEN=37_MEMBER=7423_PSO,,
GEN=38_MEMBER=7505_PSO,GEN=37_MEMBER=7461_PSO,,
GEN=38_MEMBER=7507_PSO,GEN=36_MEMBER=7191_PSO,,
GEN=38_MEMBER=7509_PSO,GEN=31_MEMBER=6223_PSO,,
GEN=38_MEMBER=7511_PSO,GEN=36_MEMBER=7283_PSO,,
GEN=38_MEMBER=7513_PSO,GEN=35_MEMBER=6989_PSO,,
GEN=38_MEMBER=7515_PSO,GEN=32_MEMBER=6423_PSO,,
GEN=38_MEMBER=7517_PSO,GEN=34_MEMBER=6867_PSO,,
GEN=38_MEMBER=7519_PSO,GEN=37_MEMBER=7343_PSO,,
GEN=38_MEMBER=7521_PSO,GEN=31_MEMBER=6299_PSO,,
GEN=38_MEMBER=7523_PSO,GEN=37_MEMBER=7435_PSO,,
GEN=38_MEMBER=7525_PSO,GEN=34_MEMBER=6745_PSO,,
GEN=38_MEMBER=7527_PSO,GEN=36_MEMBER=7249_PSO,,
GEN=38_MEMBER=7529_PSO,GEN=35_MEMBER=7091_PSO,,
GEN=38_MEMBER=7531_PSO,GEN=37_MEMBER=7441_PSO,,
GEN=38_MEMBER=7533_PSO,GEN=37_MEMBER=7361_PSO,,
GEN=38_MEMBER=7535_PSO,GEN=37_MEMBER=7409_PSO,,
GEN=38_MEMBER=7537_PSO,GEN=37_MEMBER=7477_PSO,,
GEN=38_MEMBER=7539_PSO,GEN=35_MEMBER=7053_PSO,,
GEN=38_MEMBER=7541_PSO,GEN=36_MEMBER=7137_PSO,,
GEN=38_MEMBER=7543_PSO,GEN=37_MEMBER=7407_PSO,,
GEN=38_MEMBER=7545_PSO,GEN=37_MEMBER=7463_PSO,,
GEN=38_MEMBER=7547_PSO,GEN=37_MEMBER=7321_PSO,,
GEN=38_MEMBER=7549_PSO,GEN=33_MEMBER=6593_PSO,,
GEN=38_MEMBER=7551_PSO,GEN=36_MEMBER=7263_PSO,,
GEN=38_MEMBER=7553_PSO,GEN=22_MEMBER=4425_PSO,,
GEN=38_MEMBER=7555_PSO,GEN=33_MEMBER=6617_PSO,,
GEN=38_MEMBER=7557_PSO,GEN=37_MEMBER=7457_PSO,,
GEN=38_MEMBER=7559_PSO,GEN=37_MEMBER=7353_PSO,,
GEN=38_MEMBER=7561_PSO,GEN=37_MEMBER=7363_PSO,,
GEN=38_MEMBER=7563_PSO,GEN=37_MEMBER=7473_PSO,,
GEN=38_MEMBER=7565_PSO,GEN=37_MEMBER=7307_PSO,,
GEN=38_MEMBER=7567_PSO,GEN=27_MEMBER=5393_PSO,,
GEN=38_MEMBER=7569_PSO,GEN=37_MEMBER=7387_PSO,,
GEN=38_MEMBER=7571_PSO,GEN=25_MEMBER=5059_PSO,,
GEN=38_MEMBER=7573_PSO,GEN=20_MEMBER=4065_PSO,,
GEN=38_MEMBER=7575_PSO,GEN=36_MEMBER=7125_PSO,,
GEN=38_MEMBER=7577_PSO,GEN=37_MEMBER=7499_PSO,,
GEN=38_MEMBER=7579_PSO,GEN=37_MEMBER=7483_PSO,,
GEN=38_MEMBER=7581_PSO,GEN=32_MEMBER=6457_PSO,,
GEN=38_MEMBER=7583_PSO,GEN=33_MEMBER=6669_PSO,,
GEN=38_MEMBER=7585_PSO,GEN=37_MEMBER=7445_PSO,,
GEN=38_MEMBER=7587_PSO,GEN=33_MEMBER=6595_PSO,,
GEN=38_MEMBER=7589_PSO,GEN=36_MEMBER=7219_PSO,,
GEN=38_MEMBER=7591_PSO,GEN=37_MEMBER=7395_PSO,,
GEN=38_MEMBER=7593_PSO,GEN=30_MEMBER=6003_PSO,,
GEN=38_MEMBER=7595_PSO,GEN=35_MEMBER=7059_PSO,,
GEN=38_MEMBER=7597_PSO,GEN=36_MEMBER=7239_PSO,,
GEN=38_MEMBER=7599_PSO,GEN=28_MEMBER=5623_PSO,,
GEN=38_MEMBER=7601_PSO,GEN=34_MEMBER=6815_PSO,,
GEN=38_MEMBER=7603_PSO,GEN=31_MEMBER=6245_PSO,,
GEN=38_MEMBER=7605_PSO,GEN=37_MEMBER=7377_PSO,,
GEN=38_MEMBER=7607_PSO,GEN=33_MEMBER=6589_PSO,,
GEN=38_MEMBER=7609_PSO,GEN=37_MEMBER=7331_PSO,,
GEN=38_MEMBER=7611_PSO,GEN=34_MEMBER=6791_PSO,,
GEN=38_MEMBER=7613_PSO,GEN=28_MEMBER=5633_PSO,,
GEN=38_MEMBER=7615_PSO,GEN=33_MEMBER=6635_PSO,,
GEN=38_MEMBER=7617_PSO,GEN=35_MEMBER=6951_PSO,,
GEN=38_MEMBER=7619_PSO,GEN=37_MEMBER=7479_PSO,,
GEN=38_MEMBER=7621_PSO,GEN=34_MEMBER=6865_PSO,,
GEN=38_MEMBER=7623_PSO,GEN=36_MEMBER=7275_PSO,,
GEN=38_MEMBER=7625_PSO,GEN=36_MEMBER=7147_PSO,,
GEN=38_MEMBER=7627_PSO,GEN=37_MEMBER=7367_PSO,,
GEN=38_MEMBER=7629_PSO,GEN=30_MEMBER=5993_PSO,,
GEN=38_MEMBER=7631_PSO,GEN=36_MEMBER=7181_PSO,,
GEN=38_MEMBER=7633_PSO,GEN=37_MEMBER=7455_PSO,,
GEN=38_MEMBER=7635_PSO,GEN=35_MEMBER=6945_PSO,,
GEN=38_MEMBER=7637_PSO,GEN=35_MEMBER=7031_PSO,,
GEN=38_MEMBER=7639_PSO,GEN=35_MEMBER=7019_PSO,,
GEN=38_MEMBER=7641_PSO,GEN=36_MEMBER=7113_PSO,,
GEN=38_MEMBER=7643_PSO,GEN=35_MEMBER=7037_PSO,,
GEN=38_MEMBER=7645_PSO,GEN=35_MEMBER=7035_PSO,,
GEN=38_MEMBER=7647_PSO,GEN=37_MEMBER=7337_PSO,,
GEN=38_MEMBER=7649_PSO,GEN=34_MEMBER=6853_PSO,,
GEN=38_MEMBER=7651_PSO,GEN=32_MEMBER=6471_PSO,,
GEN=38_MEMBER=7653_PSO,GEN=36_MEMBER=7243_PSO,,
GEN=38_MEMBER=7655_PSO,GEN=37_MEMBER=7313_PSO,,
GEN=38_MEMBER=7657_PSO,GEN=33_MEMBER=6673_PSO,,
GEN=38_MEMBER=7659_PSO,GEN=36_MEMBER=7121_PSO,,
GEN=38_MEMBER=7661_PSO,GEN=34_MEMBER=6869_PSO,,
GEN=38_MEMBER=7663_PSO,GEN=37_MEMBER=7443_PSO,,
GEN=38_MEMBER=7665_PSO,GEN=37_MEMBER=7391_PSO,,
GEN=38_MEMBER=7667_PSO,GEN=31_MEMBER=6179_PSO,,
GEN=38_MEMBER=7669_PSO,GEN=34_MEMBER=6891_PSO,,
GEN=38_MEMBER=7671_PSO,GEN=33_MEMBER=6637_PSO,,
GEN=38_MEMBER=7673_PSO,GEN=34_MEMBER=6835_PSO,,
GEN=38_MEMBER=7675_PSO,GEN=37_MEMBER=7393_PSO,,
GEN=38_MEMBER=7677_PSO,GEN=36_MEMBER=7127_PSO,,
GEN=38_MEMBER=7679_PSO,GEN=35_MEMBER=6971_PSO,,
GEN=38_MEMBER=7681_PSO,GEN=37_MEMBER=7373_PSO,,
GEN=38_MEMBER=7683_PSO,GEN=35_MEMBER=7015_PSO,,
GEN=38_MEMBER=7685_PSO,GEN=37_MEMBER=7333_PSO,,
GEN=38_MEMBER=7687_PSO,GEN=37_MEMBER=7301_PSO,,
GEN=38_MEMBER=7689_PSO,GEN=35_MEMBER=7063_PSO,,
GEN=38_MEMBER=7691_PSO,GEN=34_MEMBER=6711_PSO,,
GEN=38_MEMBER=7693_PSO,GEN=37_MEMBER=7303_PSO,,
GEN=38_MEMBER=7695_PSO,GEN=37_MEMBER=7419_PSO,,
GEN=38_MEMBER=7697_PSO,GEN=37_MEMBER=7305_PSO,,
GEN=38_MEMBER=7699_PSO,GEN=36_MEMBER=7299_PSO,,
GEN=39_MEMBER=7701_PSO,GEN=38_MEMBER=7627_PSO,,
GEN=39_MEMBER=7703_PSO,GEN=37_MEMBER=7423_PSO,,
GEN=39_MEMBER=7705_PSO,GEN=38_MEMBER=7687_PSO,,
GEN=39_MEMBER=7707_PSO,GEN=36_MEMBER=7191_PSO,,
GEN=39_MEMBER=7709_PSO,GEN=31_MEMBER=6223_PSO,,
GEN=39_MEMBER=7711_PSO,GEN=38_MEMBER=7649_PSO,,
GEN=39_MEMBER=7713_PSO,GEN=38_MEMBER=7693_PSO,,
GEN=39_MEMBER=7715_PSO,GEN=38_MEMBER=7619_PSO,,
GEN=39_MEMBER=7717_PSO,GEN=38_MEMBER=7547_PSO,,
GEN=39_MEMBER=7719_PSO,GEN=34_MEMBER=6867_PSO,,
GEN=39_MEMBER=7721_PSO,GEN=37_MEMBER=7343_PSO,,
GEN=39_MEMBER=7723_PSO,GEN=38_MEMBER=7575_PSO,,
GEN=39_MEMBER=7725_PSO,GEN=38_MEMBER=7605_PSO,,
GEN=39_MEMBER=7727_PSO,GEN=31_MEMBER=6299_PSO,,
GEN=39_MEMBER=7729_PSO,GEN=37_MEMBER=7435_PSO,,
GEN=39_MEMBER=7731_PSO,GEN=38_MEMBER=7519_PSO,,
GEN=39_MEMBER=7733_PSO,GEN=36_MEMBER=7249_PSO,,
GEN=39_MEMBER=7735_PSO,GEN=38_MEMBER=7601_PSO,,
GEN=39_MEMBER=7737_PSO,GEN=38_MEMBER=7685_PSO,,
GEN=39_MEMBER=7739_PSO,GEN=38_MEMBER=7551_PSO,,
GEN=39_MEMBER=7741_PSO,GEN=38_MEMBER=7595_PSO,,
GEN=39_MEMBER=7743_PSO,GEN=38_MEMBER=7587_PSO,,
GEN=39_MEMBER=7745_PSO,GEN=38_MEMBER=7565_PSO,,
GEN=39_MEMBER=7747_PSO,GEN=38_MEMBER=7659_PSO,,
GEN=39_MEMBER=7749_PSO,GEN=37_MEMBER=7441_PSO,,
GEN=39_MEMBER=7751_PSO,GEN=38_MEMBER=7561_PSO,,
GEN=39_MEMBER=7753_PSO,GEN=38_MEMBER=7607_PSO,,
GEN=39_MEMBER=7755_PSO,GEN=38_MEMBER=7525_PSO,,
GEN=39_MEMBER=7757_PSO,GEN=35_MEMBER=7053_PSO,,
GEN=39_MEMBER=7759_PSO,GEN=36_MEMBER=7137_PSO,,
GEN=39_MEMBER=7761_PSO,GEN=38_MEMBER=7655_PSO,,
GEN=39_MEMBER=7763_PSO,GEN=37_MEMBER=7407_PSO,,
GEN=39_MEMBER=7765_PSO,GEN=37_MEMBER=7463_PSO,,
GEN=39_MEMBER=7767_PSO,GEN=38_MEMBER=7541_PSO,,
GEN=39_MEMBER=7769_PSO,GEN=38_MEMBER=7527_PSO,,
GEN=39_MEMBER=7771_PSO,GEN=33_MEMBER=6593_PSO,,
GEN=39_MEMBER=7773_PSO,GEN=36_MEMBER=7263_PSO,,
GEN=39_MEMBER=7775_PSO,GEN=22_MEMBER=4425_PSO,,
GEN=39_MEMBER=7777_PSO,GEN=33_MEMBER=6617_PSO,,
GEN=39_MEMBER=7779_PSO,GEN=37_MEMBER=7457_PSO,,
GEN=39_MEMBER=7781_PSO,GEN=38_MEMBER=7623_PSO,,
GEN=39_MEMBER=7783_PSO,GEN=37_MEMBER=7363_PSO,,
GEN=39_MEMBER=7785_PSO,GEN=37_MEMBER=7473_PSO,,
GEN=39_MEMBER=7787_PSO,GEN=37_MEMBER=7307_PSO,,
GEN=39_MEMBER=7789_PSO,GEN=27_MEMBER=5393_PSO,,
GEN=39_MEMBER=7791_PSO,GEN=38_MEMBER=7537_PSO,,
GEN=39_MEMBER=7793_PSO,GEN=38_MEMBER=7683_PSO,,
GEN=39_MEMBER=7795_PSO,GEN=25_MEMBER=5059_PSO,,
GEN=39_MEMBER=7797_PSO,GEN=20_MEMBER=4065_PSO,,
GEN=39_MEMBER=7799_PSO,GEN=36_MEMBER=7125_PSO,,
GEN=39_MEMBER=7801_PSO,GEN=38_MEMBER=7625_PSO,,
GEN=39_MEMBER=7803_PSO,GEN=38_MEMBER=7507_PSO,,
GEN=39_MEMBER=7805_PSO,GEN=37_MEMBER=7483_PSO,,
GEN=39_MEMBER=7807_PSO,GEN=32_MEMBER=6457_PSO,,
GEN=39_MEMBER=7809_PSO,GEN=33_MEMBER=6669_PSO,,
GEN=39_MEMBER=7811_PSO,GEN=38_MEMBER=7663_PSO,,
GEN=39_MEMBER=7813_PSO,GEN=37_MEMBER=7445_PSO,,
GEN=39_MEMBER=7815_PSO,GEN=33_MEMBER=6595_PSO,,
GEN=39_MEMBER=7817_PSO,GEN=36_MEMBER=7219_PSO,,
GEN=39_MEMBER=7819_PSO,GEN=37_MEMBER=7395_PSO,,
GEN=39_MEMBER=7821_PSO,GEN=30_MEMBER=6003_PSO,,
GEN=39_MEMBER=7823_PSO,GEN=38_MEMBER=7569_PSO,,
GEN=39_MEMBER=7825_PSO,GEN=38_MEMBER=7633_PSO,,
GEN=39_MEMBER=7827_PSO,GEN=38_MEMBER=7505_PSO,,
GEN=39_MEMBER=7829_PSO,GEN=38_MEMBER=7673_PSO,,
GEN=39_MEMBER=7831_PSO,GEN=38_MEMBER=7647_PSO,,
GEN=39_MEMBER=7833_PSO,GEN=34_MEMBER=6815_PSO,,
GEN=39_MEMBER=7835_PSO,GEN=31_MEMBER=6245_PSO,,
GEN=39_MEMBER=7837_PSO,GEN=37_MEMBER=7377_PSO,,
GEN=39_MEMBER=7839_PSO,GEN=33_MEMBER=6589_PSO,,
GEN=39_MEMBER=7841_PSO,GEN=37_MEMBER=7331_PSO,,
GEN=39_MEMBER=7843_PSO,GEN=38_MEMBER=7697_PSO,,
GEN=39_MEMBER=7845_PSO,GEN=28_MEMBER=5633_PSO,,
GEN=39_MEMBER=7847_PSO,GEN=38_MEMBER=7609_PSO,,
GEN=39_MEMBER=7849_PSO,GEN=35_MEMBER=6951_PSO,,
GEN=39_MEMBER=7851_PSO,GEN=38_MEMBER=7513_PSO,,
GEN=39_MEMBER=7853_PSO,GEN=34_MEMBER=6865_PSO,,
GEN=39_MEMBER=7855_PSO,GEN=36_MEMBER=7275_PSO,,
GEN=39_MEMBER=7857_PSO,GEN=36_MEMBER=7147_PSO,,
GEN=39_MEMBER=7859_PSO,GEN=37_MEMBER=7367_PSO,,
GEN=39_MEMBER=7861_PSO,GEN=30_MEMBER=5993_PSO,,
GEN=39_MEMBER=7863_PSO,GEN=38_MEMBER=7691_PSO,,
GEN=39_MEMBER=7865_PSO,GEN=38_MEMBER=7699_PSO,,
GEN=39_MEMBER=7867_PSO,GEN=37_MEMBER=7455_PSO,,
GEN=39_MEMBER=7869_PSO,GEN=35_MEMBER=6945_PSO,,
GEN=39_MEMBER=7871_PSO,GEN=35_MEMBER=7031_PSO,,
GEN=39_MEMBER=7873_PSO,GEN=35_MEMBER=7019_PSO,,
GEN=39_MEMBER=7875_PSO,GEN=36_MEMBER=7113_PSO,,
GEN=39_MEMBER=7877_PSO,GEN=35_MEMBER=7037_PSO,,
GEN=39_MEMBER=7879_PSO,GEN=35_MEMBER=7035_PSO,,
GEN=39_MEMBER=7881_PSO,GEN=38_MEMBER=7639_PSO,,
GEN=39_MEMBER=7883_PSO,GEN=38_MEMBER=7579_PSO,,
GEN=39_MEMBER=7885_PSO,GEN=38_MEMBER=7531_PSO,,
GEN=39_MEMBER=7887_PSO,GEN=37_MEMBER=7337_PSO,,
GEN=39_MEMBER=7889_PSO,GEN=38_MEMBER=7677_PSO,,
GEN=39_MEMBER=7891_PSO,GEN=34_MEMBER=6853_PSO,,
GEN=39_MEMBER=7893_PSO,GEN=32_MEMBER=6471_PSO,,
GEN=39_MEMBER=7895_PSO,GEN=36_MEMBER=7243_PSO,,
GEN=39_MEMBER=7897_PSO,GEN=37_MEMBER=7313_PSO,,
GEN=39_MEMBER=7899_PSO,GEN=38_MEMBER=7557_PSO,,
GEN=40_MEMBER=7901_PSO,GEN=39_MEMBER=7841_PSO,,
GEN=40_MEMBER=7903_PSO,GEN=39_MEMBER=7867_PSO,,
GEN=40_MEMBER=7905_PSO,GEN=39_MEMBER=7725_PSO,,
GEN=40_MEMBER=7907_PSO,GEN=39_MEMBER=7833_PSO,,
GEN=40_MEMBER=7909_PSO,GEN=31_MEMBER=6223_PSO,,
GEN=40_MEMBER=7911_PSO,GEN=39_MEMBER=7889_PSO,,
GEN=40_MEMBER=7913_PSO,GEN=38_MEMBER=7693_PSO,,
GEN=40_MEMBER=7915_PSO,GEN=38_MEMBER=7619_PSO,,
GEN=40_MEMBER=7917_PSO,GEN=39_MEMBER=7731_PSO,,
GEN=40_MEMBER=7919_PSO,GEN=34_MEMBER=6867_PSO,,
GEN=40_MEMBER=7921_PSO,GEN=39_MEMBER=7831_PSO,,
GEN=40_MEMBER=7923_PSO,GEN=39_MEMBER=7897_PSO,,
GEN=40_MEMBER=7925_PSO,GEN=38_MEMBER=7575_PSO,,
GEN=40_MEMBER=7927_PSO,GEN=38_MEMBER=7605_PSO,,
GEN=40_MEMBER=7929_PSO,GEN=39_MEMBER=7851_PSO,,
GEN=40_MEMBER=7931_PSO,GEN=37_MEMBER=7435_PSO,,
GEN=40_MEMBER=7933_PSO,GEN=39_MEMBER=7739_PSO,,
GEN=40_MEMBER=7935_PSO,GEN=36_MEMBER=7249_PSO,,
GEN=40_MEMBER=7937_PSO,GEN=39_MEMBER=7855_PSO,,
GEN=40_MEMBER=7939_PSO,GEN=38_MEMBER=7685_PSO,,
GEN=40_MEMBER=7941_PSO,GEN=39_MEMBER=7883_PSO,,
GEN=40_MEMBER=7943_PSO,GEN=39_MEMBER=7887_PSO,,
GEN=40_MEMBER=7945_PSO,GEN=39_MEMBER=7815_PSO,,
GEN=40_MEMBER=7947_PSO,GEN=38_MEMBER=7565_PSO,,
GEN=40_MEMBER=7949_PSO,GEN=38_MEMBER=7659_PSO,,
GEN=40_MEMBER=7951_PSO,GEN=37_MEMBER=7441_PSO,,
GEN=40_MEMBER=7953_PSO,GEN=38_MEMBER=7561_PSO,,
GEN=40_MEMBER=7955_PSO,GEN=38_MEMBER=7607_PSO,,
GEN=40_MEMBER=7957_PSO,GEN=38_MEMBER=7525_PSO,,
GEN=40_MEMBER=7959_PSO,GEN=35_MEMBER=7053_PSO,,
GEN=40_MEMBER=7961_PSO,GEN=36_MEMBER=7137_PSO,,
GEN=40_MEMBER=7963_PSO,GEN=38_MEMBER=7655_PSO,,
GEN=40_MEMBER=7965_PSO,GEN=39_MEMBER=7779_PSO,,
GEN=40_MEMBER=7967_PSO,GEN=39_MEMBER=7793_PSO,,
GEN=40_MEMBER=7969_PSO,GEN=37_MEMBER=7463_PSO,,
GEN=40_MEMBER=7971_PSO,GEN=38_MEMBER=7541_PSO,,
GEN=40_MEMBER=7973_PSO,GEN=39_MEMBER=7799_PSO,,
GEN=40_MEMBER=7975_PSO,GEN=39_MEMBER=7761_PSO,,
GEN=40_MEMBER=7977_PSO,GEN=39_MEMBER=7781_PSO,,
GEN=40_MEMBER=7979_PSO,GEN=33_MEMBER=6593_PSO,,
GEN=40_MEMBER=7981_PSO,GEN=36_MEMBER=7263_PSO,,
GEN=40_MEMBER=7983_PSO,GEN=22_MEMBER=4425_PSO,,
GEN=40_MEMBER=7985_PSO,GEN=39_MEMBER=7701_PSO,,
GEN=40_MEMBER=7987_PSO,GEN=33_MEMBER=6617_PSO,,
GEN=40_MEMBER=7989_PSO,GEN=39_MEMBER=7713_PSO,,
GEN=40_MEMBER=7991_PSO,GEN=37_MEMBER=7457_PSO,,
GEN=40_MEMBER=7993_PSO,GEN=39_MEMBER=7801_PSO,,
GEN=40_MEMBER=7995_PSO,GEN=37_MEMBER=7363_PSO,,
GEN=40_MEMBER=7997_PSO,GEN=37_MEMBER=7473_PSO,,
GEN=40_MEMBER=7999_PSO,GEN=37_MEMBER=7307_PSO,,
GEN=40_MEMBER=8001_PSO,GEN=27_MEMBER=5393_PSO,,
GEN=40_MEMBER=8003_PSO,GEN=38_MEMBER=7537_PSO,,
GEN=40_MEMBER=8005_PSO,GEN=38_MEMBER=7683_PSO,,
GEN=40_MEMBER=8007_PSO,GEN=25_MEMBER=5059_PSO,,
GEN=40_MEMBER=8009_PSO,GEN=20_MEMBER=4065_PSO,,
GEN=40_MEMBER=8011_PSO,GEN=39_MEMBER=7837_PSO,,
GEN=40_MEMBER=8013_PSO,GEN=39_MEMBER=7711_PSO,,
GEN=40_MEMBER=8015_PSO,GEN=38_MEMBER=7507_PSO,,
GEN=40_MEMBER=8017_PSO,GEN=37_MEMBER=7483_PSO,,
GEN=40_MEMBER=8019_PSO,GEN=32_MEMBER=6457_PSO,,
GEN=40_MEMBER=8021_PSO,GEN=33_MEMBER=6669_PSO,,
GEN=40_MEMBER=8023_PSO,GEN=38_MEMBER=7663_PSO,,
GEN=40_MEMBER=8025_PSO,GEN=39_MEMBER=7857_PSO,,
GEN=40_MEMBER=8027_PSO,GEN=39_MEMBER=7741_PSO,,
GEN=40_MEMBER=8029_PSO,GEN=39_MEMBER=7839_PSO,,
GEN=40_MEMBER=8031_PSO,GEN=36_MEMBER=7219_PSO,,
GEN=40_MEMBER=8033_PSO,GEN=37_MEMBER=7395_PSO,,
GEN=40_MEMBER=8035_PSO,GEN=39_MEMBER=7729_PSO,,
GEN=40_MEMBER=8037_PSO,GEN=38_MEMBER=7569_PSO,,
GEN=40_MEMBER=8039_PSO,GEN=39_MEMBER=7707_PSO,,
GEN=40_MEMBER=8041_PSO,GEN=38_MEMBER=7633_PSO,,
GEN=40_MEMBER=8043_PSO,GEN=39_MEMBER=7759_PSO,,
GEN=40_MEMBER=8045_PSO,GEN=38_MEMBER=7505_PSO,,
GEN=40_MEMBER=8047_PSO,GEN=39_MEMBER=7819_PSO,,
GEN=40_MEMBER=8049_PSO,GEN=38_MEMBER=7647_PSO,,
GEN=40_MEMBER=8051_PSO,GEN=34_MEMBER=6815_PSO,,
GEN=40_MEMBER=8053_PSO,GEN=31_MEMBER=6245_PSO,,
GEN=40_MEMBER=8055_PSO,GEN=37_MEMBER=7377_PSO,,
GEN=40_MEMBER=8057_PSO,GEN=39_MEMBER=7899_PSO,,
GEN=40_MEMBER=8059_PSO,GEN=33_MEMBER=6589_PSO,,
GEN=40_MEMBER=8061_PSO,GEN=37_MEMBER=7331_PSO,,
GEN=40_MEMBER=8063_PSO,GEN=39_MEMBER=7703_PSO,,
GEN=40_MEMBER=8065_PSO,GEN=38_MEMBER=7697_PSO,,
GEN=40_MEMBER=8067_PSO,GEN=39_MEMBER=7785_PSO,,
GEN=40_MEMBER=8069_PSO,GEN=38_MEMBER=7609_PSO,,
GEN=40_MEMBER=8071_PSO,GEN=35_MEMBER=6951_PSO,,
GEN=40_MEMBER=8073_PSO,GEN=38_MEMBER=7513_PSO,,
GEN=40_MEMBER=8075_PSO,GEN=34_MEMBER=6865_PSO,,
GEN=40_MEMBER=8077_PSO,GEN=36_MEMBER=7275_PSO,,
GEN=40_MEMBER=8079_PSO,GEN=39_MEMBER=7829_PSO,,
GEN=40_MEMBER=8081_PSO,GEN=39_MEMBER=7743_PSO,,
GEN=40_MEMBER=8083_PSO,GEN=39_MEMBER=7769_PSO,,
GEN=40_MEMBER=8085_PSO,GEN=37_MEMBER=7367_PSO,,
GEN=40_MEMBER=8087_PSO,GEN=30_MEMBER=5993_PSO,,
GEN=40_MEMBER=8089_PSO,GEN=39_MEMBER=7853_PSO,,
GEN=40_MEMBER=8091_PSO,GEN=39_MEMBER=7733_PSO,,
GEN=40_MEMBER=8093_PSO,GEN=38_MEMBER=7691_PSO,,
GEN=40_MEMBER=8095_PSO,GEN=38_MEMBER=7699_PSO,,
GEN=40_MEMBER=8097_PSO,GEN=37_MEMBER=7455_PSO,,
GEN=40_MEMBER=8099_PSO,GEN=35_MEMBER=6945_PSO,,
GEN=41_MEMBER=8101_PSO,GEN=40_MEMBER=8049_PSO,,
GEN=41_MEMBER=8103_PSO,GEN=40_MEMBER=8031_PSO,,
GEN=41_MEMBER=8105_PSO,GEN=40_MEMBER=7991_PSO,,
GEN=41_MEMBER=8107_PSO,GEN=40_MEMBER=8061_PSO,,
GEN=41_MEMBER=8109_PSO,GEN=40_MEMBER=8089_PSO,,
GEN=41_MEMBER=8111_PSO,GEN=40_MEMBER=8039_PSO,,
GEN=41_MEMBER=8113_PSO,GEN=40_MEMBER=8027_PSO,,
GEN=41_MEMBER=8115_PSO,GEN=40_MEMBER=8013_PSO,,
GEN=41_MEMBER=8117_PSO,GEN=40_MEMBER=8025_PSO,,
GEN=41_MEMBER=8119_PSO,GEN=39_MEMBER=7731_PSO,,
GEN=41_MEMBER=8121_PSO,GEN=34_MEMBER=6867_PSO,,
GEN=41_MEMBER=8123_PSO,GEN=40_MEMBER=8067_PSO,,
GEN=41_MEMBER=8125_PSO,GEN=40_MEMBER=7943_PSO,,
GEN=41_MEMBER=8127_PSO,GEN=40_MEMBER=7941_PSO,,
GEN=41_MEMBER=8129_PSO,GEN=40_MEMBER=7927_PSO,,
GEN=41_MEMBER=8131_PSO,GEN=39_MEMBER=7851_PSO,,
GEN=41_MEMBER=8133_PSO,GEN=37_MEMBER=7435_PSO,,
GEN=41_MEMBER=8135_PSO,GEN=40_MEMBER=8083_PSO,,
GEN=41_MEMBER=8137_PSO,GEN=40_MEMBER=8055_PSO,,
GEN=41_MEMBER=8139_PSO,GEN=40_MEMBER=7931_PSO,,
GEN=41_MEMBER=8141_PSO,GEN=38_MEMBER=7685_PSO,,
GEN=41_MEMBER=8143_PSO,GEN=40_MEMBER=7999_PSO,,
GEN=41_MEMBER=8145_PSO,GEN=40_MEMBER=7977_PSO,,
GEN=41_MEMBER=8147_PSO,GEN=40_MEMBER=7905_PSO,,
GEN=41_MEMBER=8149_PSO,GEN=38_MEMBER=7565_PSO,,
GEN=41_MEMBER=8151_PSO,GEN=38_MEMBER=7659_PSO,,
GEN=41_MEMBER=8153_PSO,GEN=37_MEMBER=7441_PSO,,
GEN=41_MEMBER=8155_PSO,GEN=40_MEMBER=7955_PSO,,
GEN=41_MEMBER=8157_PSO,GEN=40_MEMBER=8011_PSO,,
GEN=41_MEMBER=8159_PSO,GEN=40_MEMBER=7973_PSO,,
GEN=41_MEMBER=8161_PSO,GEN=40_MEMBER=7949_PSO,,
GEN=41_MEMBER=8163_PSO,GEN=36_MEMBER=7137_PSO,,
GEN=41_MEMBER=8165_PSO,GEN=40_MEMBER=7915_PSO,,
GEN=41_MEMBER=8167_PSO,GEN=39_MEMBER=7779_PSO,,
GEN=41_MEMBER=8169_PSO,GEN=39_MEMBER=7793_PSO,,
GEN=41_MEMBER=8171_PSO,GEN=37_MEMBER=7463_PSO,,
GEN=41_MEMBER=8173_PSO,GEN=38_MEMBER=7541_PSO,,
GEN=41_MEMBER=8175_PSO,GEN=40_MEMBER=8093_PSO,,
GEN=41_MEMBER=8177_PSO,GEN=39_MEMBER=7761_PSO,,
GEN=41_MEMBER=8179_PSO,GEN=39_MEMBER=7781_PSO,,
GEN=41_MEMBER=8181_PSO,GEN=40_MEMBER=8071_PSO,,
GEN=41_MEMBER=8183_PSO,GEN=36_MEMBER=7263_PSO,,
GEN=41_MEMBER=8185_PSO,GEN=40_MEMBER=7901_PSO,,
GEN=41_MEMBER=8187_PSO,GEN=39_MEMBER=7701_PSO,,
GEN=41_MEMBER=8189_PSO,GEN=33_MEMBER=6617_PSO,,
GEN=41_MEMBER=8191_PSO,GEN=39_MEMBER=7713_PSO,,
GEN=41_MEMBER=8193_PSO,GEN=40_MEMBER=8097_PSO,,
GEN=41_MEMBER=8195_PSO,GEN=39_MEMBER=7801_PSO,,
GEN=41_MEMBER=8197_PSO,GEN=37_MEMBER=7363_PSO,,
GEN=41_MEMBER=8199_PSO,GEN=40_MEMBER=7907_PSO,,
GEN=41_MEMBER=8201_PSO,GEN=37_MEMBER=7307_PSO,,
GEN=41_MEMBER=8203_PSO,GEN=27_MEMBER=5393_PSO,,
GEN=41_MEMBER=8205_PSO,GEN=38_MEMBER=7537_PSO,,
GEN=41_MEMBER=8207_PSO,GEN=40_MEMBER=8033_PSO,,
GEN=41_MEMBER=8209_PSO,GEN=40_MEMBER=8095_PSO,,
GEN=41_MEMBER=8211_PSO,GEN=40_MEMBER=7935_PSO,,
GEN=41_MEMBER=8213_PSO,GEN=40_MEMBER=7945_PSO,,
GEN=41_MEMBER=8215_PSO,GEN=40_MEMBER=7929_PSO,,
GEN=41_MEMBER=8217_PSO,GEN=39_MEMBER=7711_PSO,,
GEN=41_MEMBER=8219_PSO,GEN=40_MEMBER=8015_PSO,,
GEN=41_MEMBER=8221_PSO,GEN=37_MEMBER=7483_PSO,,
GEN=41_MEMBER=8223_PSO,GEN=32_MEMBER=6457_PSO,,
GEN=41_MEMBER=8225_PSO,GEN=40_MEMBER=7963_PSO,,
GEN=41_MEMBER=8227_PSO,GEN=33_MEMBER=6669_PSO,,
GEN=41_MEMBER=8229_PSO,GEN=40_MEMBER=8091_PSO,,
GEN=41_MEMBER=8231_PSO,GEN=39_MEMBER=7857_PSO,,
GEN=41_MEMBER=8233_PSO,GEN=40_MEMBER=8075_PSO,,
GEN=41_MEMBER=8235_PSO,GEN=40_MEMBER=7903_PSO,,
GEN=41_MEMBER=8237_PSO,GEN=36_MEMBER=7219_PSO,,
GEN=41_MEMBER=8239_PSO,GEN=40_MEMBER=7913_PSO,,
GEN=41_MEMBER=8241_PSO,GEN=37_MEMBER=7395_PSO,,
GEN=41_MEMBER=8243_PSO,GEN=39_MEMBER=7729_PSO,,
GEN=41_MEMBER=8245_PSO,GEN=38_MEMBER=7569_PSO,,
GEN=41_MEMBER=8247_PSO,GEN=39_MEMBER=7707_PSO,,
GEN=41_MEMBER=8249_PSO,GEN=38_MEMBER=7633_PSO,,
GEN=41_MEMBER=8251_PSO,GEN=39_MEMBER=7759_PSO,,
GEN=41_MEMBER=8253_PSO,GEN=38_MEMBER=7505_PSO,,
GEN=41_MEMBER=8255_PSO,GEN=39_MEMBER=7819_PSO,,
GEN=41_MEMBER=8257_PSO,GEN=38_MEMBER=7647_PSO,,
GEN=41_MEMBER=8259_PSO,GEN=34_MEMBER=6815_PSO,,
GEN=41_MEMBER=8261_PSO,GEN=31_MEMBER=6245_PSO,,
GEN=41_MEMBER=8263_PSO,GEN=40_MEMBER=7923_PSO,,
GEN=41_MEMBER=8265_PSO,GEN=37_MEMBER=7377_PSO,,
GEN=41_MEMBER=8267_PSO,GEN=39_MEMBER=7899_PSO,,
GEN=41_MEMBER=8269_PSO,GEN=33_MEMBER=6589_PSO,,
GEN=41_MEMBER=8271_PSO,GEN=37_MEMBER=7331_PSO,,
GEN=41_MEMBER=8273_PSO,GEN=39_MEMBER=7703_PSO,,
GEN=41_MEMBER=8275_PSO,GEN=38_MEMBER=7697_PSO,,
GEN=41_MEMBER=8277_PSO,GEN=39_MEMBER=7785_PSO,,
GEN=41_MEMBER=8279_PSO,GEN=38_MEMBER=7609_PSO,,
GEN=41_MEMBER=8281_PSO,GEN=40_MEMBER=7937_PSO,,
GEN=41_MEMBER=8283_PSO,GEN=40_MEMBER=8057_PSO,,
GEN=41_MEMBER=8285_PSO,GEN=40_MEMBER=7961_PSO,,
GEN=41_MEMBER=8287_PSO,GEN=34_MEMBER=6865_PSO,,
GEN=41_MEMBER=8289_PSO,GEN=36_MEMBER=7275_PSO,,
GEN=41_MEMBER=8291_PSO,GEN=40_MEMBER=7985_PSO,,
GEN=41_MEMBER=8293_PSO,GEN=39_MEMBER=7743_PSO,,
GEN=41_MEMBER=8295_PSO,GEN=39_MEMBER=7769_PSO,,
GEN=41_MEMBER=8297_PSO,GEN=37_MEMBER=7367_PSO,,
GEN=41_MEMBER=8299_PSO,GEN=30_MEMBER=5993_PSO,,
GEN=42_MEMBER=8301_PSO,GEN=41_MEMBER=8263_PSO,,
GEN=42_MEMBER=8303_PSO,GEN=41_MEMBER=8231_PSO,,
GEN=42_MEMBER=8305_PSO,GEN=41_MEMBER=8243_PSO,,
GEN=42_MEMBER=8307_PSO,GEN=41_MEMBER=8143_PSO,,
GEN=42_MEMBER=8309_PSO,GEN=41_MEMBER=8209_PSO,,
GEN=42_MEMBER=8311_PSO,GEN=41_MEMBER=8139_PSO,,
GEN=42_MEMBER=8313_PSO,GEN=40_MEMBER=8027_PSO,,
GEN=42_MEMBER=8315_PSO,GEN=41_MEMBER=8291_PSO,,
GEN=42_MEMBER=8317_PSO,GEN=41_MEMBER=8187_PSO,,
GEN=42_MEMBER=8319_PSO,GEN=41_MEMBER=8237_PSO,,
GEN=42_MEMBER=8321_PSO,GEN=41_MEMBER=8141_PSO,,
GEN=42_MEMBER=8323_PSO,GEN=41_MEMBER=8255_PSO,,
GEN=42_MEMBER=8325_PSO,GEN=41_MEMBER=8183_PSO,,
GEN=42_MEMBER=8327_PSO,GEN=40_MEMBER=7941_PSO,,
GEN=42_MEMBER=8329_PSO,GEN=40_MEMBER=7927_PSO,,
GEN=42_MEMBER=8331_PSO,GEN=41_MEMBER=8259_PSO,,
GEN=42_MEMBER=8333_PSO,GEN=41_MEMBER=8205_PSO,,
GEN=42_MEMBER=8335_PSO,GEN=41_MEMBER=8265_PSO,,
GEN=42_MEMBER=8337_PSO,GEN=41_MEMBER=8247_PSO,,
GEN=42_MEMBER=8339_PSO,GEN=41_MEMBER=8219_PSO,,
GEN=42_MEMBER=8341_PSO,GEN=38_MEMBER=7685_PSO,,
GEN=42_MEMBER=8343_PSO,GEN=40_MEMBER=7999_PSO,,
GEN=42_MEMBER=8345_PSO,GEN=40_MEMBER=7977_PSO,,
GEN=42_MEMBER=8347_PSO,GEN=41_MEMBER=8213_PSO,,
GEN=42_MEMBER=8349_PSO,GEN=41_MEMBER=8177_PSO,,
GEN=42_MEMBER=8351_PSO,GEN=38_MEMBER=7659_PSO,,
GEN=42_MEMBER=8353_PSO,GEN=41_MEMBER=8105_PSO,,
GEN=42_MEMBER=8355_PSO,GEN=41_MEMBER=8165_PSO,,
GEN=42_MEMBER=8357_PSO,GEN=40_MEMBER=7955_PSO,,
GEN=42_MEMBER=8359_PSO,GEN=41_MEMBER=8119_PSO,,
GEN=42_MEMBER=8361_PSO,GEN=40_MEMBER=7973_PSO,,
GEN=42_MEMBER=8363_PSO,GEN=41_MEMBER=8127_PSO,,
GEN=42_MEMBER=8365_PSO,GEN=36_MEMBER=7137_PSO,,
GEN=42_MEMBER=8367_PSO,GEN=41_MEMBER=8145_PSO,,
GEN=42_MEMBER=8369_PSO,GEN=39_MEMBER=7779_PSO,,
GEN=42_MEMBER=8371_PSO,GEN=41_MEMBER=8173_PSO,,
GEN=42_MEMBER=8373_PSO,GEN=37_MEMBER=7463_PSO,,
GEN=42_MEMBER=8375_PSO,GEN=38_MEMBER=7541_PSO,,
GEN=42_MEMBER=8377_PSO,GEN=40_MEMBER=8093_PSO,,
GEN=42_MEMBER=8379_PSO,GEN=41_MEMBER=8179_PSO,,
GEN=42_MEMBER=8381_PSO,GEN=41_MEMBER=8245_PSO,,
GEN=42_MEMBER=8383_PSO,GEN=40_MEMBER=8071_PSO,,
GEN=42_MEMBER=8385_PSO,GEN=36_MEMBER=7263_PSO,,
GEN=42_MEMBER=8387_PSO,GEN=41_MEMBER=8273_PSO,,
GEN=42_MEMBER=8389_PSO,GEN=39_MEMBER=7701_PSO,,
GEN=42_MEMBER=8391_PSO,GEN=41_MEMBER=8111_PSO,,
GEN=42_MEMBER=8393_PSO,GEN=39_MEMBER=7713_PSO,,
GEN=42_MEMBER=8395_PSO,GEN=41_MEMBER=8159_PSO,,
GEN=42_MEMBER=8397_PSO,GEN=39_MEMBER=7801_PSO,,
GEN=42_MEMBER=8399_PSO,GEN=37_MEMBER=7363_PSO,,
GEN=42_MEMBER=8401_PSO,GEN=40_MEMBER=7907_PSO,,
GEN=42_MEMBER=8403_PSO,GEN=41_MEMBER=8215_PSO,,
GEN=42_MEMBER=8405_PSO,GEN=27_MEMBER=5393_PSO,,
GEN=42_MEMBER=8407_PSO,GEN=38_MEMBER=7537_PSO,,
GEN=42_MEMBER=8409_PSO,GEN=41_MEMBER=8135_PSO,,
GEN=42_MEMBER=8411_PSO,GEN=41_MEMBER=8103_PSO,,
GEN=42_MEMBER=8413_PSO,GEN=40_MEMBER=7935_PSO,,
GEN=42_MEMBER=8415_PSO,GEN=41_MEMBER=8241_PSO,,
GEN=42_MEMBER=8417_PSO,GEN=41_MEMBER=8281_PSO,,
GEN=42_MEMBER=8419_PSO,GEN=40_MEMBER=7929_PSO,,
GEN=42_MEMBER=8421_PSO,GEN=41_MEMBER=8283_PSO,,
GEN=42_MEMBER=8423_PSO,GEN=39_MEMBER=7711_PSO,,
GEN=42_MEMBER=8425_PSO,GEN=40_MEMBER=8015_PSO,,
GEN=42_MEMBER=8427_PSO,GEN=37_MEMBER=7483_PSO,,
GEN=42_MEMBER=8429_PSO,GEN=41_MEMBER=8207_PSO,,
GEN=42_MEMBER=8431_PSO,GEN=40_MEMBER=7963_PSO,,
GEN=42_MEMBER=8433_PSO,GEN=33_MEMBER=6669_PSO,,
GEN=42_MEMBER=8435_PSO,GEN=40_MEMBER=8091_PSO,,
GEN=42_MEMBER=8437_PSO,GEN=41_MEMBER=8293_PSO,,
GEN=42_MEMBER=8439_PSO,GEN=41_MEMBER=8131_PSO,,
GEN=42_MEMBER=8441_PSO,GEN=40_MEMBER=8075_PSO,,
GEN=42_MEMBER=8443_PSO,GEN=41_MEMBER=8253_PSO,,
GEN=42_MEMBER=8445_PSO,GEN=41_MEMBER=8217_PSO,,
GEN=42_MEMBER=8447_PSO,GEN=40_MEMBER=7903_PSO,,
GEN=42_MEMBER=8449_PSO,GEN=36_MEMBER=7219_PSO,,
GEN=42_MEMBER=8451_PSO,GEN=41_MEMBER=8109_PSO,,
GEN=42_MEMBER=8453_PSO,GEN=41_MEMBER=8169_PSO,,
GEN=42_MEMBER=8455_PSO,GEN=37_MEMBER=7395_PSO,,
GEN=42_MEMBER=8457_PSO,GEN=39_MEMBER=7729_PSO,,
GEN=42_MEMBER=8459_PSO,GEN=38_MEMBER=7569_PSO,,
GEN=42_MEMBER=8461_PSO,GEN=39_MEMBER=7707_PSO,,
GEN=42_MEMBER=8463_PSO,GEN=38_MEMBER=7633_PSO,,
GEN=42_MEMBER=8465_PSO,GEN=39_MEMBER=7759_PSO,,
GEN=42_MEMBER=8467_PSO,GEN=38_MEMBER=7505_PSO,,
GEN=42_MEMBER=8469_PSO,GEN=39_MEMBER=7819_PSO,,
GEN=42_MEMBER=8471_PSO,GEN=38_MEMBER=7647_PSO,,
GEN=42_MEMBER=8473_PSO,GEN=34_MEMBER=6815_PSO,,
GEN=42_MEMBER=8475_PSO,GEN=31_MEMBER=6245_PSO,,
GEN=42_MEMBER=8477_PSO,GEN=40_MEMBER=7923_PSO,,
GEN=42_MEMBER=8479_PSO,GEN=41_MEMBER=8229_PSO,,
GEN=42_MEMBER=8481_PSO,GEN=41_MEMBER=8163_PSO,,
GEN=42_MEMBER=8483_PSO,GEN=33_MEMBER=6589_PSO,,
GEN=42_MEMBER=8485_PSO,GEN=37_MEMBER=7331_PSO,,
GEN=42_MEMBER=8487_PSO,GEN=41_MEMBER=8285_PSO,,
GEN=42_MEMBER=8489_PSO,GEN=38_MEMBER=7697_PSO,,
GEN=42_MEMBER=8491_PSO,GEN=41_MEMBER=8161_PSO,,
GEN=42_MEMBER=8493_PSO,GEN=38_MEMBER=7609_PSO,,
GEN=42_MEMBER=8495_PSO,GEN=40_MEMBER=7937_PSO,,
GEN=42_MEMBER=8497_PSO,GEN=40_MEMBER=8057_PSO,,
GEN=42_MEMBER=8499_PSO,GEN=40_MEMBER=7961_PSO,,
GEN=43_MEMBER=8501_PSO,GEN=42_MEMBER=8481_PSO,,
GEN=43_MEMBER=8503_PSO,GEN=42_MEMBER=8461_PSO,,
GEN=43_MEMBER=8505_PSO,GEN=42_MEMBER=8425_PSO,,
GEN=43_MEMBER=8507_PSO,GEN=42_MEMBER=8393_PSO,,
GEN=43_MEMBER=8509_PSO,GEN=42_MEMBER=8499_PSO,,
GEN=43_MEMBER=8511_PSO,GEN=42_MEMBER=8367_PSO,,
GEN=43_MEMBER=8513_PSO,GEN=42_MEMBER=8455_PSO,,
GEN=43_MEMBER=8515_PSO,GEN=42_MEMBER=8437_PSO,,
GEN=43_MEMBER=8517_PSO,GEN=42_MEMBER=8387_PSO,,
GEN=43_MEMBER=8519_PSO,GEN=42_MEMBER=8449_PSO,,
GEN=43_MEMBER=8521_PSO,GEN=42_MEMBER=8345_PSO,,
GEN=43_MEMBER=8523_PSO,GEN=42_MEMBER=8389_PSO,,
GEN=43_MEMBER=8525_PSO,GEN=41_MEMBER=8183_PSO,,
GEN=43_MEMBER=8527_PSO,GEN=42_MEMBER=8401_PSO,,
GEN=43_MEMBER=8529_PSO,GEN=40_MEMBER=7927_PSO,,
GEN=43_MEMBER=8531_PSO,GEN=41_MEMBER=8259_PSO,,
GEN=43_MEMBER=8533_PSO,GEN=42_MEMBER=8415_PSO,,
GEN=43_MEMBER=8535_PSO,GEN=41_MEMBER=8265_PSO,,
GEN=43_MEMBER=8537_PSO,GEN=41_MEMBER=8247_PSO,,
GEN=43_MEMBER=8539_PSO,GEN=42_MEMBER=8381_PSO,,
GEN=43_MEMBER=8541_PSO,GEN=42_MEMBER=8303_PSO,,
GEN=43_MEMBER=8543_PSO,GEN=42_MEMBER=8467_PSO,,
GEN=43_MEMBER=8545_PSO,GEN=42_MEMBER=8497_PSO,,
GEN=43_MEMBER=8547_PSO,GEN=42_MEMBER=8323_PSO,,
GEN=43_MEMBER=8549_PSO,GEN=42_MEMBER=8353_PSO,,
GEN=43_MEMBER=8551_PSO,GEN=42_MEMBER=8465_PSO,,
GEN=43_MEMBER=8553_PSO,GEN=42_MEMBER=8419_PSO,,
GEN=43_MEMBER=8555_PSO,GEN=41_MEMBER=8165_PSO,,
GEN=43_MEMBER=8557_PSO,GEN=42_MEMBER=8429_PSO,,
GEN=43_MEMBER=8559_PSO,GEN=42_MEMBER=8443_PSO,,
GEN=43_MEMBER=8561_PSO,GEN=42_MEMBER=8477_PSO,,
GEN=43_MEMBER=8563_PSO,GEN=41_MEMBER=8127_PSO,,
GEN=43_MEMBER=8565_PSO,GEN=42_MEMBER=8359_PSO,,
GEN=43_MEMBER=8567_PSO,GEN=42_MEMBER=8495_PSO,,
GEN=43_MEMBER=8569_PSO,GEN=42_MEMBER=8407_PSO,,
GEN=43_MEMBER=8571_PSO,GEN=42_MEMBER=8371_PSO,,
GEN=43_MEMBER=8573_PSO,GEN=42_MEMBER=8491_PSO,,
GEN=43_MEMBER=8575_PSO,GEN=38_MEMBER=7541_PSO,,
GEN=43_MEMBER=8577_PSO,GEN=40_MEMBER=8093_PSO,,
GEN=43_MEMBER=8579_PSO,GEN=41_MEMBER=8179_PSO,,
GEN=43_MEMBER=8581_PSO,GEN=42_MEMBER=8421_PSO,,
GEN=43_MEMBER=8583_PSO,GEN=42_MEMBER=8315_PSO,,
GEN=43_MEMBER=8585_PSO,GEN=42_MEMBER=8445_PSO,,
GEN=43_MEMBER=8587_PSO,GEN=41_MEMBER=8273_PSO,,
GEN=43_MEMBER=8589_PSO,GEN=39_MEMBER=7701_PSO,,
GEN=43_MEMBER=8591_PSO,GEN=42_MEMBER=8447_PSO,,
GEN=43_MEMBER=8593_PSO,GEN=39_MEMBER=7713_PSO,,
GEN=43_MEMBER=8595_PSO,GEN=42_MEMBER=8325_PSO,,
GEN=43_MEMBER=8597_PSO,GEN=39_MEMBER=7801_PSO,,
GEN=43_MEMBER=8599_PSO,GEN=37_MEMBER=7363_PSO,,
GEN=43_MEMBER=8601_PSO,GEN=40_MEMBER=7907_PSO,,
GEN=43_MEMBER=8603_PSO,GEN=41_MEMBER=8215_PSO,,
GEN=43_MEMBER=8605_PSO,GEN=27_MEMBER=5393_PSO,,
GEN=43_MEMBER=8607_PSO,GEN=42_MEMBER=8383_PSO,,
GEN=43_MEMBER=8609_PSO,GEN=41_MEMBER=8135_PSO,,
GEN=43_MEMBER=8611_PSO,GEN=41_MEMBER=8103_PSO,,
GEN=43_MEMBER=8613_PSO,GEN=40_MEMBER=7935_PSO,,
GEN=43_MEMBER=8615_PSO,GEN=42_MEMBER=8463_PSO,,
GEN=43_MEMBER=8617_PSO,GEN=42_MEMBER=8309_PSO,,
GEN=43_MEMBER=8619_PSO,GEN=41_MEMBER=8281_PSO,,
GEN=43_MEMBER=8621_PSO,GEN=40_MEMBER=7929_PSO,,
GEN=43_MEMBER=8623_PSO,GEN=42_MEMBER=8301_PSO,,
GEN=43_MEMBER=8625_PSO,GEN=39_MEMBER=7711_PSO,,
GEN=43_MEMBER=8627_PSO,GEN=40_MEMBER=8015_PSO,,
GEN=43_MEMBER=8629_PSO,GEN=42_MEMBER=8451_PSO,,
GEN=43_MEMBER=8631_PSO,GEN=41_MEMBER=8207_PSO,,
GEN=43_MEMBER=8633_PSO,GEN=40_MEMBER=7963_PSO,,
GEN=43_MEMBER=8635_PSO,GEN=33_MEMBER=6669_PSO,,
GEN=43_MEMBER=8637_PSO,GEN=40_MEMBER=8091_PSO,,
GEN=43_MEMBER=8639_PSO,GEN=41_MEMBER=8293_PSO,,
GEN=43_MEMBER=8641_PSO,GEN=41_MEMBER=8131_PSO,,
GEN=43_MEMBER=8643_PSO,GEN=40_MEMBER=8075_PSO,,
GEN=43_MEMBER=8645_PSO,GEN=41_MEMBER=8253_PSO,,
GEN=43_MEMBER=8647_PSO,GEN=42_MEMBER=8485_PSO,,
GEN=43_MEMBER=8649_PSO,GEN=40_MEMBER=7903_PSO,,
GEN=43_MEMBER=8651_PSO,GEN=36_MEMBER=7219_PSO,,
GEN=43_MEMBER=8653_PSO,GEN=42_MEMBER=8351_PSO,,
GEN=43_MEMBER=8655_PSO,GEN=42_MEMBER=8459_PSO,,
GEN=43_MEMBER=8657_PSO,GEN=37_MEMBER=7395_PSO,,
GEN=43_MEMBER=8659_PSO,GEN=39_MEMBER=7729_PSO,,
GEN=43_MEMBER=8661_PSO,GEN=38_MEMBER=7569_PSO,,
GEN=43_MEMBER=8663_PSO,GEN=39_MEMBER=7707_PSO,,
GEN=43_MEMBER=8665_PSO,GEN=38_MEMBER=7633_PSO,,
GEN=43_MEMBER=8667_PSO,GEN=39_MEMBER=7759_PSO,,
GEN=43_MEMBER=8669_PSO,GEN=38_MEMBER=7505_PSO,,
GEN=43_MEMBER=8671_PSO,GEN=39_MEMBER=7819_PSO,,
GEN=43_MEMBER=8673_PSO,GEN=38_MEMBER=7647_PSO,,
GEN=43_MEMBER=8675_PSO,GEN=34_MEMBER=6815_PSO,,
GEN=43_MEMBER=8677_PSO,GEN=42_MEMBER=8479_PSO,,
GEN=43_MEMBER=8679_PSO,GEN=40_MEMBER=7923_PSO,,
GEN=43_MEMBER=8681_PSO,GEN=41_MEMBER=8229_PSO,,
GEN=43_MEMBER=8683_PSO,GEN=41_MEMBER=8163_PSO,,
GEN=43_MEMBER=8685_PSO,GEN=33_MEMBER=6589_PSO,,
GEN=43_MEMBER=8687_PSO,GEN=37_MEMBER=7331_PSO,,
GEN=43_MEMBER=8689_PSO,GEN=42_MEMBER=8473_PSO,,
GEN=43_MEMBER=8691_PSO,GEN=42_MEMBER=8395_PSO,,
GEN=43_MEMBER=8693_PSO,GEN=41_MEMBER=8161_PSO,,
GEN=43_MEMBER=8695_PSO,GEN=38_MEMBER=7609_PSO,,
GEN=43_MEMBER=8697_PSO,GEN=40_MEMBER=7937_PSO,,
GEN=43_MEMBER=8699_PSO,GEN=40_MEMBER=8057_PSO,,
GEN=44_MEMBER=8701_PSO,GEN=43_MEMBER=8655_PSO,,
GEN=44_MEMBER=8703_PSO,GEN=43_MEMBER=8675_PSO,,
GEN=44_MEMBER=8705_PSO,GEN=43_MEMBER=8697_PSO,,
GEN=44_MEMBER=8707_PSO,GEN=43_MEMBER=8611_PSO,,
GEN=44_MEMBER=8709_PSO,GEN=43_MEMBER=8609_PSO,,
GEN=44_MEMBER=8711_PSO,GEN=43_MEMBER=8693_PSO,,
GEN=44_MEMBER=8713_PSO,GEN=42_MEMBER=8455_PSO,,
GEN=44_MEMBER=8715_PSO,GEN=43_MEMBER=8647_PSO,,
GEN=44_MEMBER=8717_PSO,GEN=43_MEMBER=8623_PSO,,
GEN=44_MEMBER=8719_PSO,GEN=43_MEMBER=8699_PSO,,
GEN=44_MEMBER=8721_PSO,GEN=43_MEMBER=8629_PSO,,
GEN=44_MEMBER=8723_PSO,GEN=42_MEMBER=8389_PSO,,
GEN=44_MEMBER=8725_PSO,GEN=41_MEMBER=8183_PSO,,
GEN=44_MEMBER=8727_PSO,GEN=43_MEMBER=8595_PSO,,
GEN=44_MEMBER=8729_PSO,GEN=43_MEMBER=8625_PSO,,
GEN=44_MEMBER=8731_PSO,GEN=43_MEMBER=8689_PSO,,
GEN=44_MEMBER=8733_PSO,GEN=42_MEMBER=8415_PSO,,
GEN=44_MEMBER=8735_PSO,GEN=41_MEMBER=8265_PSO,,
GEN=44_MEMBER=8737_PSO,GEN=41_MEMBER=8247_PSO,,
GEN=44_MEMBER=8739_PSO,GEN=42_MEMBER=8381_PSO,,
GEN=44_MEMBER=8741_PSO,GEN=43_MEMBER=8587_PSO,,
GEN=44_MEMBER=8743_PSO,GEN=43_MEMBER=8509_PSO,,
GEN=44_MEMBER=8745_PSO,GEN=43_MEMBER=8579_PSO,,
GEN=44_MEMBER=8747_PSO,GEN=43_MEMBER=8679_PSO,,
GEN=44_MEMBER=8749_PSO,GEN=43_MEMBER=8677_PSO,,
GEN=44_MEMBER=8751_PSO,GEN=43_MEMBER=8563_PSO,,
GEN=44_MEMBER=8753_PSO,GEN=43_MEMBER=8507_PSO,,
GEN=44_MEMBER=8755_PSO,GEN=41_MEMBER=8165_PSO,,
GEN=44_MEMBER=8757_PSO,GEN=43_MEMBER=8619_PSO,,
GEN=44_MEMBER=8759_PSO,GEN=42_MEMBER=8443_PSO,,
GEN=44_MEMBER=8761_PSO,GEN=42_MEMBER=8477_PSO,,
GEN=44_MEMBER=8763_PSO,GEN=43_MEMBER=8527_PSO,,
GEN=44_MEMBER=8765_PSO,GEN=43_MEMBER=8673_PSO,,
GEN=44_MEMBER=8767_PSO,GEN=42_MEMBER=8495_PSO,,
GEN=44_MEMBER=8769_PSO,GEN=42_MEMBER=8407_PSO,,
GEN=44_MEMBER=8771_PSO,GEN=42_MEMBER=8371_PSO,,
GEN=44_MEMBER=8773_PSO,GEN=43_MEMBER=8607_PSO,,
GEN=44_MEMBER=8775_PSO,GEN=43_MEMBER=8687_PSO,,
GEN=44_MEMBER=8777_PSO,GEN=40_MEMBER=8093_PSO,,
GEN=44_MEMBER=8779_PSO,GEN=41_MEMBER=8179_PSO,,
GEN=44_MEMBER=8781_PSO,GEN=42_MEMBER=8421_PSO,,
GEN=44_MEMBER=8783_PSO,GEN=42_MEMBER=8315_PSO,,
GEN=44_MEMBER=8785_PSO,GEN=43_MEMBER=8617_PSO,,
GEN=44_MEMBER=8787_PSO,GEN=43_MEMBER=8515_PSO,,
GEN=44_MEMBER=8789_PSO,GEN=39_MEMBER=7701_PSO,,
GEN=44_MEMBER=8791_PSO,GEN=43_MEMBER=8501_PSO,,
GEN=44_MEMBER=8793_PSO,GEN=43_MEMBER=8681_PSO,,
GEN=44_MEMBER=8795_PSO,GEN=42_MEMBER=8325_PSO,,
GEN=44_MEMBER=8797_PSO,GEN=43_MEMBER=8517_PSO,,
GEN=44_MEMBER=8799_PSO,GEN=37_MEMBER=7363_PSO,,
GEN=44_MEMBER=8801_PSO,GEN=40_MEMBER=7907_PSO,,
GEN=44_MEMBER=8803_PSO,GEN=43_MEMBER=8613_PSO,,
GEN=44_MEMBER=8805_PSO,GEN=43_MEMBER=8685_PSO,,
GEN=44_MEMBER=8807_PSO,GEN=42_MEMBER=8383_PSO,,
GEN=44_MEMBER=8809_PSO,GEN=43_MEMBER=8505_PSO,,
GEN=44_MEMBER=8811_PSO,GEN=43_MEMBER=8539_PSO,,
GEN=44_MEMBER=8813_PSO,GEN=40_MEMBER=7935_PSO,,
GEN=44_MEMBER=8815_PSO,GEN=42_MEMBER=8463_PSO,,
GEN=44_MEMBER=8817_PSO,GEN=43_MEMBER=8597_PSO,,
GEN=44_MEMBER=8819_PSO,GEN=43_MEMBER=8667_PSO,,
GEN=44_MEMBER=8821_PSO,GEN=43_MEMBER=8581_PSO,,
GEN=44_MEMBER=8823_PSO,GEN=42_MEMBER=8301_PSO,,
GEN=44_MEMBER=8825_PSO,GEN=39_MEMBER=7711_PSO,,
GEN=44_MEMBER=8827_PSO,GEN=40_MEMBER=8015_PSO,,
GEN=44_MEMBER=8829_PSO,GEN=43_MEMBER=8659_PSO,,
GEN=44_MEMBER=8831_PSO,GEN=41_MEMBER=8207_PSO,,
GEN=44_MEMBER=8833_PSO,GEN=40_MEMBER=7963_PSO,,
GEN=44_MEMBER=8835_PSO,GEN=33_MEMBER=6669_PSO,,
GEN=44_MEMBER=8837_PSO,GEN=40_MEMBER=8091_PSO,,
GEN=44_MEMBER=8839_PSO,GEN=43_MEMBER=8621_PSO,,
GEN=44_MEMBER=8841_PSO,GEN=41_MEMBER=8131_PSO,,
GEN=44_MEMBER=8843_PSO,GEN=43_MEMBER=8669_PSO,,
GEN=44_MEMBER=8845_PSO,GEN=41_MEMBER=8253_PSO,,
GEN=44_MEMBER=8847_PSO,GEN=42_MEMBER=8485_PSO,,
GEN=44_MEMBER=8849_PSO,GEN=43_MEMBER=8547_PSO,,
GEN=44_MEMBER=8851_PSO,GEN=36_MEMBER=7219_PSO,,
GEN=44_MEMBER=8853_PSO,GEN=42_MEMBER=8351_PSO,,
GEN=44_MEMBER=8855_PSO,GEN=42_MEMBER=8459_PSO,,
GEN=44_MEMBER=8857_PSO,GEN=37_MEMBER=7395_PSO,,
GEN=44_MEMBER=8859_PSO,GEN=39_MEMBER=7729_PSO,,
GEN=44_MEMBER=8861_PSO,GEN=38_MEMBER=7569_PSO,,
GEN=44_MEMBER=8863_PSO,GEN=39_MEMBER=7707_PSO,,
GEN=44_MEMBER=8865_PSO,GEN=38_MEMBER=7633_PSO,,
GEN=44_MEMBER=8867_PSO,GEN=43_MEMBER=8683_PSO,,
GEN=44_MEMBER=8869_PSO,GEN=38_MEMBER=7505_PSO,,
GEN=44_MEMBER=8871_PSO,GEN=43_MEMBER=8531_PSO,,
GEN=44_MEMBER=8873_PSO,GEN=38_MEMBER=7647_PSO,,
GEN=44_MEMBER=8875_PSO,GEN=43_MEMBER=8585_PSO,,
GEN=44_MEMBER=8877_PSO,GEN=42_MEMBER=8479_PSO,,
GEN=44_MEMBER=8879_PSO,GEN=40_MEMBER=7923_PSO,,
GEN=44_MEMBER=8881_PSO,GEN=41_MEMBER=8229_PSO,,
GEN=44_MEMBER=8883_PSO,GEN=41_MEMBER=8163_PSO,,
GEN=44_MEMBER=8885_PSO,GEN=33_MEMBER=6589_PSO,,
GEN=44_MEMBER=8887_PSO,GEN=37_MEMBER=7331_PSO,,
GEN=44_MEMBER=8889_PSO,GEN=42_MEMBER=8473_PSO,,
GEN=44_MEMBER=8891_PSO,GEN=42_MEMBER=8395_PSO,,
GEN=44_MEMBER=8893_PSO,GEN=41_MEMBER=8161_PSO,,
GEN=44_MEMBER=8895_PSO,GEN=38_MEMBER=7609_PSO,,
GEN=44_MEMBER=8897_PSO,GEN=43_MEMBER=8573_PSO,,
GEN=44_MEMBER=8899_PSO,GEN=40_MEMBER=8057_PSO,,
GEN=45_MEMBER=8901_PSO,GEN=44_MEMBER=8841_PSO,,
GEN=45_MEMBER=8903_PSO,GEN=44_MEMBER=8827_PSO,,
GEN=45_MEMBER=8905_PSO,GEN=44_MEMBER=8893_PSO,,
GEN=45_MEMBER=8907_PSO,GEN=44_MEMBER=8857_PSO,,
GEN=45_MEMBER=8909_PSO,GEN=44_MEMBER=8873_PSO,,
GEN=45_MEMBER=8911_PSO,GEN=44_MEMBER=8825_PSO,,
GEN=45_MEMBER=8913_PSO,GEN=44_MEMBER=8879_PSO,,
GEN=45_MEMBER=8915_PSO,GEN=44_MEMBER=8871_PSO,,
GEN=45_MEMBER=8917_PSO,GEN=44_MEMBER=8875_PSO,,
GEN=45_MEMBER=8919_PSO,GEN=44_MEMBER=8733_PSO,,
GEN=45_MEMBER=8921_PSO,GEN=44_MEMBER=8885_PSO,,
GEN=45_MEMBER=8923_PSO,GEN=44_MEMBER=8829_PSO,,
GEN=45_MEMBER=8925_PSO,GEN=44_MEMBER=8763_PSO,,
GEN=45_MEMBER=8927_PSO,GEN=43_MEMBER=8595_PSO,,
GEN=45_MEMBER=8929_PSO,GEN=44_MEMBER=8731_PSO,,
GEN=45_MEMBER=8931_PSO,GEN=44_MEMBER=8833_PSO,,
GEN=45_MEMBER=8933_PSO,GEN=44_MEMBER=8831_PSO,,
GEN=45_MEMBER=8935_PSO,GEN=41_MEMBER=8265_PSO,,
GEN=45_MEMBER=8937_PSO,GEN=41_MEMBER=8247_PSO,,
GEN=45_MEMBER=8939_PSO,GEN=44_MEMBER=8891_PSO,,
GEN=45_MEMBER=8941_PSO,GEN=43_MEMBER=8587_PSO,,
GEN=45_MEMBER=8943_PSO,GEN=43_MEMBER=8509_PSO,,
GEN=45_MEMBER=8945_PSO,GEN=43_MEMBER=8579_PSO,,
GEN=45_MEMBER=8947_PSO,GEN=43_MEMBER=8679_PSO,,
GEN=45_MEMBER=8949_PSO,GEN=43_MEMBER=8677_PSO,,
GEN=45_MEMBER=8951_PSO,GEN=44_MEMBER=8713_PSO,,
GEN=45_MEMBER=8953_PSO,GEN=43_MEMBER=8507_PSO,,
GEN=45_MEMBER=8955_PSO,GEN=41_MEMBER=8165_PSO,,
GEN=45_MEMBER=8957_PSO,GEN=43_MEMBER=8619_PSO,,
GEN=45_MEMBER=8959_PSO,GEN=44_MEMBER=8869_PSO,,
GEN=45_MEMBER=8961_PSO,GEN=44_MEMBER=8727_PSO,,
GEN=45_MEMBER=8963_PSO,GEN=44_MEMBER=8725_PSO,,
GEN=45_MEMBER=8965_PSO,GEN=44_MEMBER=8899_PSO,,
GEN=45_MEMBER=8967_PSO,GEN=44_MEMBER=8897_PSO,,
GEN=45_MEMBER=8969_PSO,GEN=42_MEMBER=8407_PSO,,
GEN=45_MEMBER=8971_PSO,GEN=44_MEMBER=8865_PSO,,
GEN=45_MEMBER=8973_PSO,GEN=43_MEMBER=8607_PSO,,
GEN=45_MEMBER=8975_PSO,GEN=43_MEMBER=8687_PSO,,
GEN=45_MEMBER=8977_PSO,GEN=40_MEMBER=8093_PSO,,
GEN=45_MEMBER=8979_PSO,GEN=41_MEMBER=8179_PSO,,
GEN=45_MEMBER=8981_PSO,GEN=44_MEMBER=8867_PSO,,
GEN=45_MEMBER=8983_PSO,GEN=42_MEMBER=8315_PSO,,
GEN=45_MEMBER=8985_PSO,GEN=44_MEMBER=8795_PSO,,
GEN=45_MEMBER=8987_PSO,GEN=44_MEMBER=8747_PSO,,
GEN=45_MEMBER=8989_PSO,GEN=44_MEMBER=8793_PSO,,
GEN=45_MEMBER=8991_PSO,GEN=43_MEMBER=8501_PSO,,
GEN=45_MEMBER=8993_PSO,GEN=43_MEMBER=8681_PSO,,
GEN=45_MEMBER=8995_PSO,GEN=42_MEMBER=8325_PSO,,
GEN=45_MEMBER=8997_PSO,GEN=43_MEMBER=8517_PSO,,
GEN=45_MEMBER=8999_PSO,GEN=37_MEMBER=7363_PSO,,
GEN=45_MEMBER=9001_PSO,GEN=44_MEMBER=8855_PSO,,
GEN=45_MEMBER=9003_PSO,GEN=44_MEMBER=8861_PSO,,
GEN=45_MEMBER=9005_PSO,GEN=44_MEMBER=8789_PSO,,
GEN=45_MEMBER=9007_PSO,GEN=44_MEMBER=8881_PSO,,
GEN=45_MEMBER=9009_PSO,GEN=43_MEMBER=8505_PSO,,
GEN=45_MEMBER=9011_PSO,GEN=43_MEMBER=8539_PSO,,
GEN=45_MEMBER=9013_PSO,GEN=40_MEMBER=7935_PSO,,
GEN=45_MEMBER=9015_PSO,GEN=42_MEMBER=8463_PSO,,
GEN=45_MEMBER=9017_PSO,GEN=44_MEMBER=8721_PSO,,
GEN=45_MEMBER=9019_PSO,GEN=43_MEMBER=8667_PSO,,
GEN=45_MEMBER=9021_PSO,GEN=43_MEMBER=8581_PSO,,
GEN=45_MEMBER=9023_PSO,GEN=44_MEMBER=8811_PSO,,
GEN=45_MEMBER=9025_PSO,GEN=39_MEMBER=7711_PSO,,
GEN=45_MEMBER=9027_PSO,GEN=40_MEMBER=8015_PSO,,
GEN=45_MEMBER=9029_PSO,GEN=43_MEMBER=8659_PSO,,
GEN=45_MEMBER=9031_PSO,GEN=41_MEMBER=8207_PSO,,
GEN=45_MEMBER=9033_PSO,GEN=44_MEMBER=8887_PSO,,
GEN=45_MEMBER=9035_PSO,GEN=44_MEMBER=8707_PSO,,
GEN=45_MEMBER=9037_PSO,GEN=40_MEMBER=8091_PSO,,
GEN=45_MEMBER=9039_PSO,GEN=44_MEMBER=8843_PSO,,
GEN=45_MEMBER=9041_PSO,GEN=44_MEMBER=8895_PSO,,
GEN=45_MEMBER=9043_PSO,GEN=43_MEMBER=8669_PSO,,
GEN=45_MEMBER=9045_PSO,GEN=41_MEMBER=8253_PSO,,
GEN=45_MEMBER=9047_PSO,GEN=42_MEMBER=8485_PSO,,
GEN=45_MEMBER=9049_PSO,GEN=44_MEMBER=8753_PSO,,
GEN=45_MEMBER=9051_PSO,GEN=36_MEMBER=7219_PSO,,
GEN=45_MEMBER=9053_PSO,GEN=42_MEMBER=8351_PSO,,
GEN=45_MEMBER=9055_PSO,GEN=42_MEMBER=8459_PSO,,
GEN=45_MEMBER=9057_PSO,GEN=37_MEMBER=7395_PSO,,
GEN=45_MEMBER=9059_PSO,GEN=39_MEMBER=7729_PSO,,
GEN=45_MEMBER=9061_PSO,GEN=38_MEMBER=7569_PSO,,
GEN=45_MEMBER=9063_PSO,GEN=44_MEMBER=8711_PSO,,
GEN=45_MEMBER=9065_PSO,GEN=38_MEMBER=7633_PSO,,
GEN=45_MEMBER=9067_PSO,GEN=43_MEMBER=8683_PSO,,
GEN=45_MEMBER=9069_PSO,GEN=38_MEMBER=7505_PSO,,
GEN=45_MEMBER=9071_PSO,GEN=43_MEMBER=8531_PSO,,
GEN=45_MEMBER=9073_PSO,GEN=38_MEMBER=7647_PSO,,
GEN=45_MEMBER=9075_PSO,GEN=44_MEMBER=8781_PSO,,
GEN=45_MEMBER=9077_PSO,GEN=44_MEMBER=8767_PSO,,
GEN=45_MEMBER=9079_PSO,GEN=42_MEMBER=8479_PSO,,
GEN=45_MEMBER=9081_PSO,GEN=44_MEMBER=8823_PSO,,
GEN=45_MEMBER=9083_PSO,GEN=40_MEMBER=7923_PSO,,
GEN=45_MEMBER=9085_PSO,GEN=41_MEMBER=8229_PSO,,
GEN=45_MEMBER=9087_PSO,GEN=41_MEMBER=8163_PSO,,
GEN=45_MEMBER=9089_PSO,GEN=44_MEMBER=8739_PSO,,
GEN=45_MEMBER=9091_PSO,GEN=37_MEMBER=7331_PSO,,
GEN=45_MEMBER=9093_PSO,GEN=42_MEMBER=8473_PSO,,
GEN=45_MEMBER=9095_PSO,GEN=42_MEMBER=8395_PSO,,
GEN=45_MEMBER=9097_PSO,GEN=44_MEMBER=8717_PSO,,
GEN=45_MEMBER=9099_PSO,GEN=38_MEMBER=7609_PSO,,
GEN=46_MEMBER=9101_PSO,GEN=45_MEMBER=9087_PSO,,
GEN=46_MEMBER=9103_PSO,GEN=45_MEMBER=9083_PSO,,
GEN=46_MEMBER=9105_PSO,GEN=45_MEMBER=9091_PSO,,
GEN=46_MEMBER=9107_PSO,GEN=45_MEMBER=9009_PSO,,
GEN=46_MEMBER=9109_PSO,GEN=45_MEMBER=9089_PSO,,
GEN=46_MEMBER=9111_PSO,GEN=45_MEMBER=8959_PSO,,
GEN=46_MEMBER=9113_PSO,GEN=45_MEMBER=9041_PSO,,
GEN=46_MEMBER=9115_PSO,GEN=45_MEMBER=9097_PSO,,
GEN=46_MEMBER=9117_PSO,GEN=45_MEMBER=9077_PSO,,
GEN=46_MEMBER=9119_PSO,GEN=45_MEMBER=9011_PSO,,
GEN=46_MEMBER=9121_PSO,GEN=45_MEMBER=9055_PSO,,
GEN=46_MEMBER=9123_PSO,GEN=45_MEMBER=9015_PSO,,
GEN=46_MEMBER=9125_PSO,GEN=44_MEMBER=8763_PSO,,
GEN=46_MEMBER=9127_PSO,GEN=45_MEMBER=9051_PSO,,
GEN=46_MEMBER=9129_PSO,GEN=45_MEMBER=9081_PSO,,
GEN=46_MEMBER=9131_PSO,GEN=44_MEMBER=8833_PSO,,
GEN=46_MEMBER=9133_PSO,GEN=45_MEMBER=8993_PSO,,
GEN=46_MEMBER=9135_PSO,GEN=41_MEMBER=8265_PSO,,
GEN=46_MEMBER=9137_PSO,GEN=45_MEMBER=8995_PSO,,
GEN=46_MEMBER=9139_PSO,GEN=45_MEMBER=9043_PSO,,
GEN=46_MEMBER=9141_PSO,GEN=43_MEMBER=8587_PSO,,
GEN=46_MEMBER=9143_PSO,GEN=45_MEMBER=9075_PSO,,
GEN=46_MEMBER=9145_PSO,GEN=43_MEMBER=8579_PSO,,
GEN=46_MEMBER=9147_PSO,GEN=43_MEMBER=8679_PSO,,
GEN=46_MEMBER=9149_PSO,GEN=45_MEMBER=9073_PSO,,
GEN=46_MEMBER=9151_PSO,GEN=45_MEMBER=8973_PSO,,
GEN=46_MEMBER=9153_PSO,GEN=43_MEMBER=8507_PSO,,
GEN=46_MEMBER=9155_PSO,GEN=45_MEMBER=8913_PSO,,
GEN=46_MEMBER=9157_PSO,GEN=43_MEMBER=8619_PSO,,
GEN=46_MEMBER=9159_PSO,GEN=44_MEMBER=8869_PSO,,
GEN=46_MEMBER=9161_PSO,GEN=44_MEMBER=8727_PSO,,
GEN=46_MEMBER=9163_PSO,GEN=45_MEMBER=8929_PSO,,
GEN=46_MEMBER=9165_PSO,GEN=44_MEMBER=8899_PSO,,
GEN=46_MEMBER=9167_PSO,GEN=44_MEMBER=8897_PSO,,
GEN=46_MEMBER=9169_PSO,GEN=45_MEMBER=8923_PSO,,
GEN=46_MEMBER=9171_PSO,GEN=44_MEMBER=8865_PSO,,
GEN=46_MEMBER=9173_PSO,GEN=43_MEMBER=8607_PSO,,
GEN=46_MEMBER=9175_PSO,GEN=43_MEMBER=8687_PSO,,
GEN=46_MEMBER=9177_PSO,GEN=40_MEMBER=8093_PSO,,
GEN=46_MEMBER=9179_PSO,GEN=45_MEMBER=8905_PSO,,
GEN=46_MEMBER=9181_PSO,GEN=45_MEMBER=8989_PSO,,
GEN=46_MEMBER=9183_PSO,GEN=45_MEMBER=9093_PSO,,
GEN=46_MEMBER=9185_PSO,GEN=44_MEMBER=8795_PSO,,
GEN=46_MEMBER=9187_PSO,GEN=44_MEMBER=8747_PSO,,
GEN=46_MEMBER=9189_PSO,GEN=45_MEMBER=8949_PSO,,
GEN=46_MEMBER=9191_PSO,GEN=45_MEMBER=8903_PSO,,
GEN=46_MEMBER=9193_PSO,GEN=45_MEMBER=9013_PSO,,
GEN=46_MEMBER=9195_PSO,GEN=45_MEMBER=8901_PSO,,
GEN=46_MEMBER=9197_PSO,GEN=45_MEMBER=9023_PSO,,
GEN=46_MEMBER=9199_PSO,GEN=37_MEMBER=7363_PSO,,
GEN=46_MEMBER=9201_PSO,GEN=44_MEMBER=8855_PSO,,
GEN=46_MEMBER=9203_PSO,GEN=45_MEMBER=8979_PSO,,
GEN=46_MEMBER=9205_PSO,GEN=45_MEMBER=9031_PSO,,
GEN=46_MEMBER=9207_PSO,GEN=45_MEMBER=9021_PSO,,
GEN=46_MEMBER=9209_PSO,GEN=43_MEMBER=8505_PSO,,
GEN=46_MEMBER=9211_PSO,GEN=45_MEMBER=8917_PSO,,
GEN=46_MEMBER=9213_PSO,GEN=45_MEMBER=9027_PSO,,
GEN=46_MEMBER=9215_PSO,GEN=45_MEMBER=9045_PSO,,
GEN=46_MEMBER=9217_PSO,GEN=44_MEMBER=8721_PSO,,
GEN=46_MEMBER=9219_PSO,GEN=45_MEMBER=9019_PSO,,
GEN=46_MEMBER=9221_PSO,GEN=45_MEMBER=9085_PSO,,
GEN=46_MEMBER=9223_PSO,GEN=44_MEMBER=8811_PSO,,
GEN=46_MEMBER=9225_PSO,GEN=45_MEMBER=8953_PSO,,
GEN=46_MEMBER=9227_PSO,GEN=40_MEMBER=8015_PSO,,
GEN=46_MEMBER=9229_PSO,GEN=43_MEMBER=8659_PSO,,
GEN=46_MEMBER=9231_PSO,GEN=41_MEMBER=8207_PSO,,
GEN=46_MEMBER=9233_PSO,GEN=45_MEMBER=8915_PSO,,
GEN=46_MEMBER=9235_PSO,GEN=44_MEMBER=8707_PSO,,
GEN=46_MEMBER=9237_PSO,GEN=40_MEMBER=8091_PSO,,
GEN=46_MEMBER=9239_PSO,GEN=44_MEMBER=8843_PSO,,
GEN=46_MEMBER=9241_PSO,GEN=44_MEMBER=8895_PSO,,
GEN=46_MEMBER=9243_PSO,GEN=45_MEMBER=8907_PSO,,
GEN=46_MEMBER=9245_PSO,GEN=41_MEMBER=8253_PSO,,
GEN=46_MEMBER=9247_PSO,GEN=42_MEMBER=8485_PSO,,
GEN=46_MEMBER=9249_PSO,GEN=44_MEMBER=8753_PSO,,
GEN=46_MEMBER=9251_PSO,GEN=36_MEMBER=7219_PSO,,
GEN=46_MEMBER=9253_PSO,GEN=42_MEMBER=8351_PSO,,
GEN=46_MEMBER=9255_PSO,GEN=42_MEMBER=8459_PSO,,
GEN=46_MEMBER=9257_PSO,GEN=37_MEMBER=7395_PSO,,
GEN=46_MEMBER=9259_PSO,GEN=45_MEMBER=8951_PSO,,
GEN=46_MEMBER=9261_PSO,GEN=38_MEMBER=7569_PSO,,
GEN=46_MEMBER=9263_PSO,GEN=45_MEMBER=8943_PSO,,
GEN=46_MEMBER=9265_PSO,GEN=45_MEMBER=9017_PSO,,
GEN=46_MEMBER=9267_PSO,GEN=45_MEMBER=8921_PSO,,
GEN=46_MEMBER=9269_PSO,GEN=38_MEMBER=7505_PSO,,
GEN=46_MEMBER=9271_PSO,GEN=43_MEMBER=8531_PSO,,
GEN=46_MEMBER=9273_PSO,GEN=38_MEMBER=7647_PSO,,
GEN=46_MEMBER=9275_PSO,GEN=44_MEMBER=8781_PSO,,
GEN=46_MEMBER=9277_PSO,GEN=44_MEMBER=8767_PSO,,
GEN=46_MEMBER=9279_PSO,GEN=42_MEMBER=8479_PSO,,
GEN=46_MEMBER=9281_PSO,GEN=44_MEMBER=8823_PSO,,
GEN=46_MEMBER=9283_PSO,GEN=40_MEMBER=7923_PSO,,
GEN=46_MEMBER=9285_PSO,GEN=41_MEMBER=8229_PSO,,
GEN=46_MEMBER=9287_PSO,GEN=41_MEMBER=8163_PSO,,
GEN=46_MEMBER=9289_PSO,GEN=44_MEMBER=8739_PSO,,
GEN=46_MEMBER=9291_PSO,GEN=37_MEMBER=7331_PSO,,
GEN=46_MEMBER=9293_PSO,GEN=42_MEMBER=8473_PSO,,
GEN=46_MEMBER=9295_PSO,GEN=42_MEMBER=8395_PSO,,
GEN=46_MEMBER=9297_PSO,GEN=44_MEMBER=8717_PSO,,
GEN=46_MEMBER=9299_PSO,GEN=38_MEMBER=7609_PSO,,
GEN=47_MEMBER=9301_PSO,GEN=46_MEMBER=9297_PSO,,
GEN=47_MEMBER=9303_PSO,GEN=46_MEMBER=9281_PSO,,
GEN=47_MEMBER=9305_PSO,GEN=46_MEMBER=9249_PSO,,
GEN=47_MEMBER=9307_PSO,GEN=46_MEMBER=9277_PSO,,
GEN=47_MEMBER=9309_PSO,GEN=46_MEMBER=9163_PSO,,
GEN=47_MEMBER=9311_PSO,GEN=45_MEMBER=8959_PSO,,
GEN=47_MEMBER=9313_PSO,GEN=46_MEMBER=9291_PSO,,
GEN=47_MEMBER=9315_PSO,GEN=46_MEMBER=9255_PSO,,
GEN=47_MEMBER=9317_PSO,GEN=46_MEMBER=9233_PSO,,
GEN=47_MEMBER=9319_PSO,GEN=46_MEMBER=9257_PSO,,
GEN=47_MEMBER=9321_PSO,GEN=45_MEMBER=9055_PSO,,
GEN=47_MEMBER=9323_PSO,GEN=46_MEMBER=9263_PSO,,
GEN=47_MEMBER=9325_PSO,GEN=46_MEMBER=9145_PSO,,
GEN=47_MEMBER=9327_PSO,GEN=45_MEMBER=9051_PSO,,
GEN=47_MEMBER=9329_PSO,GEN=46_MEMBER=9173_PSO,,
GEN=47_MEMBER=9331_PSO,GEN=44_MEMBER=8833_PSO,,
GEN=47_MEMBER=9333_PSO,GEN=46_MEMBER=9153_PSO,,
GEN=47_MEMBER=9335_PSO,GEN=46_MEMBER=9225_PSO,,
GEN=47_MEMBER=9337_PSO,GEN=45_MEMBER=8995_PSO,,
GEN=47_MEMBER=9339_PSO,GEN=46_MEMBER=9181_PSO,,
GEN=47_MEMBER=9341_PSO,GEN=46_MEMBER=9193_PSO,,
GEN=47_MEMBER=9343_PSO,GEN=46_MEMBER=9223_PSO,,
GEN=47_MEMBER=9345_PSO,GEN=46_MEMBER=9107_PSO,,
GEN=47_MEMBER=9347_PSO,GEN=43_MEMBER=8679_PSO,,
GEN=47_MEMBER=9349_PSO,GEN=46_MEMBER=9241_PSO,,
GEN=47_MEMBER=9351_PSO,GEN=46_MEMBER=9229_PSO,,
GEN=47_MEMBER=9353_PSO,GEN=46_MEMBER=9127_PSO,,
GEN=47_MEMBER=9355_PSO,GEN=46_MEMBER=9123_PSO,,
GEN=47_MEMBER=9357_PSO,GEN=46_MEMBER=9179_PSO,,
GEN=47_MEMBER=9359_PSO,GEN=46_MEMBER=9243_PSO,,
GEN=47_MEMBER=9361_PSO,GEN=46_MEMBER=9289_PSO,,
GEN=47_MEMBER=9363_PSO,GEN=45_MEMBER=8929_PSO,,
GEN=47_MEMBER=9365_PSO,GEN=46_MEMBER=9151_PSO,,
GEN=47_MEMBER=9367_PSO,GEN=44_MEMBER=8897_PSO,,
GEN=47_MEMBER=9369_PSO,GEN=46_MEMBER=9235_PSO,,
GEN=47_MEMBER=9371_PSO,GEN=44_MEMBER=8865_PSO,,
GEN=47_MEMBER=9373_PSO,GEN=46_MEMBER=9203_PSO,,
GEN=47_MEMBER=9375_PSO,GEN=46_MEMBER=9141_PSO,,
GEN=47_MEMBER=9377_PSO,GEN=46_MEMBER=9159_PSO,,
GEN=47_MEMBER=9379_PSO,GEN=46_MEMBER=9231_PSO,,
GEN=47_MEMBER=9381_PSO,GEN=45_MEMBER=8989_PSO,,
GEN=47_MEMBER=9383_PSO,GEN=46_MEMBER=9273_PSO,,
GEN=47_MEMBER=9385_PSO,GEN=46_MEMBER=9103_PSO,,
GEN=47_MEMBER=9387_PSO,GEN=46_MEMBER=9205_PSO,,
GEN=47_MEMBER=9389_PSO,GEN=46_MEMBER=9177_PSO,,
GEN=47_MEMBER=9391_PSO,GEN=45_MEMBER=8903_PSO,,
GEN=47_MEMBER=9393_PSO,GEN=45_MEMBER=9013_PSO,,
GEN=47_MEMBER=9395_PSO,GEN=45_MEMBER=8901_PSO,,
GEN=47_MEMBER=9397_PSO,GEN=46_MEMBER=9101_PSO,,
GEN=47_MEMBER=9399_PSO,GEN=46_MEMBER=9219_PSO,,
GEN=47_MEMBER=9401_PSO,GEN=44_MEMBER=8855_PSO,,
GEN=47_MEMBER=9403_PSO,GEN=45_MEMBER=8979_PSO,,
GEN=47_MEMBER=9405_PSO,GEN=45_MEMBER=9031_PSO,,
GEN=47_MEMBER=9407_PSO,GEN=45_MEMBER=9021_PSO,,
GEN=47_MEMBER=9409_PSO,GEN=46_MEMBER=9247_PSO,,
GEN=47_MEMBER=9411_PSO,GEN=45_MEMBER=8917_PSO,,
GEN=47_MEMBER=9413_PSO,GEN=46_MEMBER=9275_PSO,,
GEN=47_MEMBER=9415_PSO,GEN=45_MEMBER=9045_PSO,,
GEN=47_MEMBER=9417_PSO,GEN=46_MEMBER=9285_PSO,,
GEN=47_MEMBER=9419_PSO,GEN=46_MEMBER=9227_PSO,,
GEN=47_MEMBER=9421_PSO,GEN=46_MEMBER=9105_PSO,,
GEN=47_MEMBER=9423_PSO,GEN=44_MEMBER=8811_PSO,,
GEN=47_MEMBER=9425_PSO,GEN=46_MEMBER=9183_PSO,,
GEN=47_MEMBER=9427_PSO,GEN=40_MEMBER=8015_PSO,,
GEN=47_MEMBER=9429_PSO,GEN=46_MEMBER=9115_PSO,,
GEN=47_MEMBER=9431_PSO,GEN=41_MEMBER=8207_PSO,,
GEN=47_MEMBER=9433_PSO,GEN=45_MEMBER=8915_PSO,,
GEN=47_MEMBER=9435_PSO,GEN=44_MEMBER=8707_PSO,,
GEN=47_MEMBER=9437_PSO,GEN=40_MEMBER=8091_PSO,,
GEN=47_MEMBER=9439_PSO,GEN=44_MEMBER=8843_PSO,,
GEN=47_MEMBER=9441_PSO,GEN=44_MEMBER=8895_PSO,,
GEN=47_MEMBER=9443_PSO,GEN=45_MEMBER=8907_PSO,,
GEN=47_MEMBER=9445_PSO,GEN=41_MEMBER=8253_PSO,,
GEN=47_MEMBER=9447_PSO,GEN=42_MEMBER=8485_PSO,,
GEN=47_MEMBER=9449_PSO,GEN=46_MEMBER=9253_PSO,,
GEN=47_MEMBER=9451_PSO,GEN=36_MEMBER=7219_PSO,,
GEN=47_MEMBER=9453_PSO,GEN=42_MEMBER=8351_PSO,,
GEN=47_MEMBER=9455_PSO,GEN=42_MEMBER=8459_PSO,,
GEN=47_MEMBER=9457_PSO,GEN=37_MEMBER=7395_PSO,,
GEN=47_MEMBER=9459_PSO,GEN=45_MEMBER=8951_PSO,,
GEN=47_MEMBER=9461_PSO,GEN=38_MEMBER=7569_PSO,,
GEN=47_MEMBER=9463_PSO,GEN=45_MEMBER=8943_PSO,,
GEN=47_MEMBER=9465_PSO,GEN=45_MEMBER=9017_PSO,,
GEN=47_MEMBER=9467_PSO,GEN=45_MEMBER=8921_PSO,,
GEN=47_MEMBER=9469_PSO,GEN=38_MEMBER=7505_PSO,,
GEN=47_MEMBER=9471_PSO,GEN=46_MEMBER=9251_PSO,,
GEN=47_MEMBER=9473_PSO,GEN=43_MEMBER=8531_PSO,,
GEN=47_MEMBER=9475_PSO,GEN=38_MEMBER=7647_PSO,,
GEN=47_MEMBER=9477_PSO,GEN=44_MEMBER=8781_PSO,,
GEN=47_MEMBER=9479_PSO,GEN=44_MEMBER=8767_PSO,,
GEN=47_MEMBER=9481_PSO,GEN=46_MEMBER=9147_PSO,,
GEN=47_MEMBER=9483_PSO,GEN=44_MEMBER=8823_PSO,,
GEN=47_MEMBER=9485_PSO,GEN=46_MEMBER=9265_PSO,,
GEN=47_MEMBER=9487_PSO,GEN=41_MEMBER=8229_PSO,,
GEN=47_MEMBER=9489_PSO,GEN=41_MEMBER=8163_PSO,,
GEN=47_MEMBER=9491_PSO,GEN=44_MEMBER=8739_PSO,,
GEN=47_MEMBER=9493_PSO,GEN=37_MEMBER=7331_PSO,,
GEN=47_MEMBER=9495_PSO,GEN=46_MEMBER=9261_PSO,,
GEN=47_MEMBER=9497_PSO,GEN=42_MEMBER=8395_PSO,,
GEN=47_MEMBER=9499_PSO,GEN=44_MEMBER=8717_PSO,,
GEN=48_MEMBER=9501_PSO,GEN=47_MEMBER=9465_PSO,,
GEN=48_MEMBER=9503_PSO,GEN=47_MEMBER=9463_PSO,,
GEN=48_MEMBER=9505_PSO,GEN=47_MEMBER=9453_PSO,,
GEN=48_MEMBER=9507_PSO,GEN=47_MEMBER=9401_PSO,,
GEN=48_MEMBER=9509_PSO,GEN=47_MEMBER=9459_PSO,,
GEN=48_MEMBER=9511_PSO,GEN=47_MEMBER=9477_PSO,,
GEN=48_MEMBER=9513_PSO,GEN=47_MEMBER=9387_PSO,,
GEN=48_MEMBER=9515_PSO,GEN=47_MEMBER=9491_PSO,,
GEN=48_MEMBER=9517_PSO,GEN=47_MEMBER=9339_PSO,,
GEN=48_MEMBER=9519_PSO,GEN=47_MEMBER=9445_PSO,,
GEN=48_MEMBER=9521_PSO,GEN=47_MEMBER=9489_PSO,,
GEN=48_MEMBER=9523_PSO,GEN=47_MEMBER=9495_PSO,,
GEN=48_MEMBER=9525_PSO,GEN=46_MEMBER=9145_PSO,,
GEN=48_MEMBER=9527_PSO,GEN=45_MEMBER=9051_PSO,,
GEN=48_MEMBER=9529_PSO,GEN=46_MEMBER=9173_PSO,,
GEN=48_MEMBER=9531_PSO,GEN=47_MEMBER=9411_PSO,,
GEN=48_MEMBER=9533_PSO,GEN=47_MEMBER=9389_PSO,,
GEN=48_MEMBER=9535_PSO,GEN=47_MEMBER=9443_PSO,,
GEN=48_MEMBER=9537_PSO,GEN=45_MEMBER=8995_PSO,,
GEN=48_MEMBER=9539_PSO,GEN=47_MEMBER=9311_PSO,,
GEN=48_MEMBER=9541_PSO,GEN=47_MEMBER=9449_PSO,,
GEN=48_MEMBER=9543_PSO,GEN=46_MEMBER=9223_PSO,,
GEN=48_MEMBER=9545_PSO,GEN=47_MEMBER=9403_PSO,,
GEN=48_MEMBER=9547_PSO,GEN=47_MEMBER=9363_PSO,,
GEN=48_MEMBER=9549_PSO,GEN=46_MEMBER=9241_PSO,,
GEN=48_MEMBER=9551_PSO,GEN=47_MEMBER=9323_PSO,,
GEN=48_MEMBER=9553_PSO,GEN=47_MEMBER=9393_PSO,,
GEN=48_MEMBER=9555_PSO,GEN=47_MEMBER=9457_PSO,,
GEN=48_MEMBER=9557_PSO,GEN=47_MEMBER=9435_PSO,,
GEN=48_MEMBER=9559_PSO,GEN=47_MEMBER=9475_PSO,,
GEN=48_MEMBER=9561_PSO,GEN=46_MEMBER=9289_PSO,,
GEN=48_MEMBER=9563_PSO,GEN=47_MEMBER=9353_PSO,,
GEN=48_MEMBER=9565_PSO,GEN=47_MEMBER=9349_PSO,,
GEN=48_MEMBER=9567_PSO,GEN=47_MEMBER=9307_PSO,,
GEN=48_MEMBER=9569_PSO,GEN=46_MEMBER=9235_PSO,,
GEN=48_MEMBER=9571_PSO,GEN=47_MEMBER=9473_PSO,,
GEN=48_MEMBER=9573_PSO,GEN=46_MEMBER=9203_PSO,,
GEN=48_MEMBER=9575_PSO,GEN=47_MEMBER=9397_PSO,,
GEN=48_MEMBER=9577_PSO,GEN=47_MEMBER=9327_PSO,,
GEN=48_MEMBER=9579_PSO,GEN=46_MEMBER=9231_PSO,,
GEN=48_MEMBER=9581_PSO,GEN=45_MEMBER=8989_PSO,,
GEN=48_MEMBER=9583_PSO,GEN=46_MEMBER=9273_PSO,,
GEN=48_MEMBER=9585_PSO,GEN=47_MEMBER=9399_PSO,,
GEN=48_MEMBER=9587_PSO,GEN=46_MEMBER=9205_PSO,,
GEN=48_MEMBER=9589_PSO,GEN=46_MEMBER=9177_PSO,,
GEN=48_MEMBER=9591_PSO,GEN=47_MEMBER=9431_PSO,,
GEN=48_MEMBER=9593_PSO,GEN=47_MEMBER=9317_PSO,,
GEN=48_MEMBER=9595_PSO,GEN=45_MEMBER=8901_PSO,,
GEN=48_MEMBER=9597_PSO,GEN=46_MEMBER=9101_PSO,,
GEN=48_MEMBER=9599_PSO,GEN=46_MEMBER=9219_PSO,,
GEN=48_MEMBER=9601_PSO,GEN=47_MEMBER=9493_PSO,,
GEN=48_MEMBER=9603_PSO,GEN=45_MEMBER=8979_PSO,,
GEN=48_MEMBER=9605_PSO,GEN=47_MEMBER=9487_PSO,,
GEN=48_MEMBER=9607_PSO,GEN=45_MEMBER=9021_PSO,,
GEN=48_MEMBER=9609_PSO,GEN=46_MEMBER=9247_PSO,,
GEN=48_MEMBER=9611_PSO,GEN=45_MEMBER=8917_PSO,,
GEN=48_MEMBER=9613_PSO,GEN=46_MEMBER=9275_PSO,,
GEN=48_MEMBER=9615_PSO,GEN=45_MEMBER=9045_PSO,,
GEN=48_MEMBER=9617_PSO,GEN=46_MEMBER=9285_PSO,,
GEN=48_MEMBER=9619_PSO,GEN=47_MEMBER=9303_PSO,,
GEN=48_MEMBER=9621_PSO,GEN=47_MEMBER=9421_PSO,,
GEN=48_MEMBER=9623_PSO,GEN=47_MEMBER=9301_PSO,,
GEN=48_MEMBER=9625_PSO,GEN=47_MEMBER=9437_PSO,,
GEN=48_MEMBER=9627_PSO,GEN=47_MEMBER=9379_PSO,,
GEN=48_MEMBER=9629_PSO,GEN=47_MEMBER=9335_PSO,,
GEN=48_MEMBER=9631_PSO,GEN=47_MEMBER=9499_PSO,,
GEN=48_MEMBER=9633_PSO,GEN=45_MEMBER=8915_PSO,,
GEN=48_MEMBER=9635_PSO,GEN=47_MEMBER=9395_PSO,,
GEN=48_MEMBER=9637_PSO,GEN=40_MEMBER=8091_PSO,,
GEN=48_MEMBER=9639_PSO,GEN=47_MEMBER=9425_PSO,,
GEN=48_MEMBER=9641_PSO,GEN=44_MEMBER=8895_PSO,,
GEN=48_MEMBER=9643_PSO,GEN=45_MEMBER=8907_PSO,,
GEN=48_MEMBER=9645_PSO,GEN=47_MEMBER=9315_PSO,,
GEN=48_MEMBER=9647_PSO,GEN=47_MEMBER=9455_PSO,,
GEN=48_MEMBER=9649_PSO,GEN=46_MEMBER=9253_PSO,,
GEN=48_MEMBER=9651_PSO,GEN=36_MEMBER=7219_PSO,,
GEN=48_MEMBER=9653_PSO,GEN=42_MEMBER=8351_PSO,,
GEN=48_MEMBER=9655_PSO,GEN=42_MEMBER=8459_PSO,,
GEN=48_MEMBER=9657_PSO,GEN=37_MEMBER=7395_PSO,,
GEN=48_MEMBER=9659_PSO,GEN=45_MEMBER=8951_PSO,,
GEN=48_MEMBER=9661_PSO,GEN=38_MEMBER=7569_PSO,,
GEN=48_MEMBER=9663_PSO,GEN=45_MEMBER=8943_PSO,,
GEN=48_MEMBER=9665_PSO,GEN=45_MEMBER=9017_PSO,,
GEN=48_MEMBER=9667_PSO,GEN=45_MEMBER=8921_PSO,,
GEN=48_MEMBER=9669_PSO,GEN=38_MEMBER=7505_PSO,,
GEN=48_MEMBER=9671_PSO,GEN=46_MEMBER=9251_PSO,,
GEN=48_MEMBER=9673_PSO,GEN=47_MEMBER=9483_PSO,,
GEN=48_MEMBER=9675_PSO,GEN=38_MEMBER=7647_PSO,,
GEN=48_MEMBER=9677_PSO,GEN=44_MEMBER=8781_PSO,,
GEN=48_MEMBER=9679_PSO,GEN=44_MEMBER=8767_PSO,,
GEN=48_MEMBER=9681_PSO,GEN=46_MEMBER=9147_PSO,,
GEN=48_MEMBER=9683_PSO,GEN=44_MEMBER=8823_PSO,,
GEN=48_MEMBER=9685_PSO,GEN=46_MEMBER=9265_PSO,,
GEN=48_MEMBER=9687_PSO,GEN=41_MEMBER=8229_PSO,,
GEN=48_MEMBER=9689_PSO,GEN=41_MEMBER=8163_PSO,,
GEN=48_MEMBER=9691_PSO,GEN=47_MEMBER=9313_PSO,,
GEN=48_MEMBER=9693_PSO,GEN=47_MEMBER=9329_PSO,,
GEN=48_MEMBER=9695_PSO,GEN=46_MEMBER=9261_PSO,,
GEN=48_MEMBER=9697_PSO,GEN=42_MEMBER=8395_PSO,,
GEN=48_MEMBER=9699_PSO,GEN=44_MEMBER=8717_PSO,,
GEN=49_MEMBER=9701_PSO,GEN=48_MEMBER=9683_PSO,,
GEN=49_MEMBER=9703_PSO,GEN=48_MEMBER=9677_PSO,,
GEN=49_MEMBER=9705_PSO,GEN=48_MEMBER=9673_PSO,,
GEN=49_MEMBER=9707_PSO,GEN=48_MEMBER=9605_PSO,,
GEN=49_MEMBER=9709_PSO,GEN=48_MEMBER=9643_PSO,,
GEN=49_MEMBER=9711_PSO,GEN=48_MEMBER=9597_PSO,,
GEN=49_MEMBER=9713_PSO,GEN=48_MEMBER=9689_PSO,,
GEN=49_MEMBER=9715_PSO,GEN=48_MEMBER=9579_PSO,,
GEN=49_MEMBER=9717_PSO,GEN=48_MEMBER=9681_PSO,,
GEN=49_MEMBER=9719_PSO,GEN=48_MEMBER=9535_PSO,,
GEN=49_MEMBER=9721_PSO,GEN=48_MEMBER=9687_PSO,,
GEN=49_MEMBER=9723_PSO,GEN=47_MEMBER=9495_PSO,,
GEN=49_MEMBER=9725_PSO,GEN=48_MEMBER=9693_PSO,,
GEN=49_MEMBER=9727_PSO,GEN=45_MEMBER=9051_PSO,,
GEN=49_MEMBER=9729_PSO,GEN=48_MEMBER=9519_PSO,,
GEN=49_MEMBER=9731_PSO,GEN=48_MEMBER=9633_PSO,,
GEN=49_MEMBER=9733_PSO,GEN=47_MEMBER=9389_PSO,,
GEN=49_MEMBER=9735_PSO,GEN=48_MEMBER=9611_PSO,,
GEN=49_MEMBER=9737_PSO,GEN=48_MEMBER=9647_PSO,,
GEN=49_MEMBER=9739_PSO,GEN=48_MEMBER=9543_PSO,,
GEN=49_MEMBER=9741_PSO,GEN=47_MEMBER=9449_PSO,,
GEN=49_MEMBER=9743_PSO,GEN=46_MEMBER=9223_PSO,,
GEN=49_MEMBER=9745_PSO,GEN=48_MEMBER=9621_PSO,,
GEN=49_MEMBER=9747_PSO,GEN=48_MEMBER=9505_PSO,,
GEN=49_MEMBER=9749_PSO,GEN=48_MEMBER=9695_PSO,,
GEN=49_MEMBER=9751_PSO,GEN=47_MEMBER=9323_PSO,,
GEN=49_MEMBER=9753_PSO,GEN=47_MEMBER=9393_PSO,,
GEN=49_MEMBER=9755_PSO,GEN=48_MEMBER=9521_PSO,,
GEN=49_MEMBER=9757_PSO,GEN=47_MEMBER=9435_PSO,,
GEN=49_MEMBER=9759_PSO,GEN=48_MEMBER=9577_PSO,,
GEN=49_MEMBER=9761_PSO,GEN=46_MEMBER=9289_PSO,,
GEN=49_MEMBER=9763_PSO,GEN=48_MEMBER=9663_PSO,,
GEN=49_MEMBER=9765_PSO,GEN=48_MEMBER=9575_PSO,,
GEN=49_MEMBER=9767_PSO,GEN=47_MEMBER=9307_PSO,,
GEN=49_MEMBER=9769_PSO,GEN=46_MEMBER=9235_PSO,,
GEN=49_MEMBER=9771_PSO,GEN=47_MEMBER=9473_PSO,,
GEN=49_MEMBER=9773_PSO,GEN=48_MEMBER=9651_PSO,,
GEN=49_MEMBER=9775_PSO,GEN=48_MEMBER=9509_PSO,,
GEN=49_MEMBER=9777_PSO,GEN=48_MEMBER=9691_PSO,,
GEN=49_MEMBER=9779_PSO,GEN=46_MEMBER=9231_PSO,,
GEN=49_MEMBER=9781_PSO,GEN=48_MEMBER=9561_PSO,,
GEN=49_MEMBER=9783_PSO,GEN=48_MEMBER=9657_PSO,,
GEN=49_MEMBER=9785_PSO,GEN=47_MEMBER=9399_PSO,,
GEN=49_MEMBER=9787_PSO,GEN=46_MEMBER=9205_PSO,,
GEN=49_MEMBER=9789_PSO,GEN=46_MEMBER=9177_PSO,,
GEN=49_MEMBER=9791_PSO,GEN=48_MEMBER=9587_PSO,,
GEN=49_MEMBER=9793_PSO,GEN=47_MEMBER=9317_PSO,,
GEN=49_MEMBER=9795_PSO,GEN=45_MEMBER=8901_PSO,,
GEN=49_MEMBER=9797_PSO,GEN=46_MEMBER=9101_PSO,,
GEN=49_MEMBER=9799_PSO,GEN=48_MEMBER=9637_PSO,,
GEN=49_MEMBER=9801_PSO,GEN=47_MEMBER=9493_PSO,,
GEN=49_MEMBER=9803_PSO,GEN=48_MEMBER=9545_PSO,,
GEN=49_MEMBER=9805_PSO,GEN=48_MEMBER=9581_PSO,,
GEN=49_MEMBER=9807_PSO,GEN=48_MEMBER=9503_PSO,,
GEN=49_MEMBER=9809_PSO,GEN=46_MEMBER=9247_PSO,,
GEN=49_MEMBER=9811_PSO,GEN=45_MEMBER=8917_PSO,,
GEN=49_MEMBER=9813_PSO,GEN=48_MEMBER=9623_PSO,,
GEN=49_MEMBER=9815_PSO,GEN=45_MEMBER=9045_PSO,,
GEN=49_MEMBER=9817_PSO,GEN=46_MEMBER=9285_PSO,,
GEN=49_MEMBER=9819_PSO,GEN=47_MEMBER=9303_PSO,,
GEN=49_MEMBER=9821_PSO,GEN=47_MEMBER=9421_PSO,,
GEN=49_MEMBER=9823_PSO,GEN=47_MEMBER=9301_PSO,,
GEN=49_MEMBER=9825_PSO,GEN=48_MEMBER=9507_PSO,,
GEN=49_MEMBER=9827_PSO,GEN=48_MEMBER=9665_PSO,,
GEN=49_MEMBER=9829_PSO,GEN=47_MEMBER=9335_PSO,,
GEN=49_MEMBER=9831_PSO,GEN=47_MEMBER=9499_PSO,,
GEN=49_MEMBER=9833_PSO,GEN=48_MEMBER=9567_PSO,,
GEN=49_MEMBER=9835_PSO,GEN=47_MEMBER=9395_PSO,,
GEN=49_MEMBER=9837_PSO,GEN=40_MEMBER=8091_PSO,,
GEN=49_MEMBER=9839_PSO,GEN=47_MEMBER=9425_PSO,,
GEN=49_MEMBER=9841_PSO,GEN=44_MEMBER=8895_PSO,,
GEN=49_MEMBER=9843_PSO,GEN=45_MEMBER=8907_PSO,,
GEN=49_MEMBER=9845_PSO,GEN=48_MEMBER=9669_PSO,,
GEN=49_MEMBER=9847_PSO,GEN=47_MEMBER=9455_PSO,,
GEN=49_MEMBER=9849_PSO,GEN=46_MEMBER=9253_PSO,,
GEN=49_MEMBER=9851_PSO,GEN=36_MEMBER=7219_PSO,,
GEN=49_MEMBER=9853_PSO,GEN=48_MEMBER=9525_PSO,,
GEN=49_MEMBER=9855_PSO,GEN=42_MEMBER=8459_PSO,,
GEN=49_MEMBER=9857_PSO,GEN=48_MEMBER=9661_PSO,,
GEN=49_MEMBER=9859_PSO,GEN=45_MEMBER=8951_PSO,,
GEN=49_MEMBER=9861_PSO,GEN=48_MEMBER=9571_PSO,,
GEN=49_MEMBER=9863_PSO,GEN=45_MEMBER=8943_PSO,,
GEN=49_MEMBER=9865_PSO,GEN=45_MEMBER=9017_PSO,,
GEN=49_MEMBER=9867_PSO,GEN=45_MEMBER=8921_PSO,,
GEN=49_MEMBER=9869_PSO,GEN=48_MEMBER=9679_PSO,,
GEN=49_MEMBER=9871_PSO,GEN=46_MEMBER=9251_PSO,,
GEN=49_MEMBER=9873_PSO,GEN=47_MEMBER=9483_PSO,,
GEN=49_MEMBER=9875_PSO,GEN=38_MEMBER=7647_PSO,,
GEN=49_MEMBER=9877_PSO,GEN=44_MEMBER=8781_PSO,,
GEN=49_MEMBER=9879_PSO,GEN=44_MEMBER=8767_PSO,,
GEN=49_MEMBER=9881_PSO,GEN=46_MEMBER=9147_PSO,,
GEN=49_MEMBER=9883_PSO,GEN=44_MEMBER=8823_PSO,,
GEN=49_MEMBER=9885_PSO,GEN=46_MEMBER=9265_PSO,,
GEN=49_MEMBER=9887_PSO,GEN=41_MEMBER=8229_PSO,,
GEN=49_MEMBER=9889_PSO,GEN=41_MEMBER=8163_PSO,,
GEN=49_MEMBER=9891_PSO,GEN=48_MEMBER=9595_PSO,,
GEN=49_MEMBER=9893_PSO,GEN=47_MEMBER=9329_PSO,,
GEN=49_MEMBER=9895_PSO,GEN=46_MEMBER=9261_PSO,,
GEN=49_MEMBER=9897_PSO,GEN=42_MEMBER=8395_PSO,,
GEN=49_MEMBER=9899_PSO,GEN=48_MEMBER=9553_PSO,,
GEN=50_MEMBER=9901_PSO,GEN=49_MEMBER=9883_PSO,,
GEN=50_MEMBER=9903_PSO,GEN=49_MEMBER=9873_PSO,,
GEN=50_MEMBER=9905_PSO,GEN=49_MEMBER=9887_PSO,,
GEN=50_MEMBER=9907_PSO,GEN=48_MEMBER=9605_PSO,,
GEN=50_MEMBER=9909_PSO,GEN=48_MEMBER=9643_PSO,,
GEN=50_MEMBER=9911_PSO,GEN=49_MEMBER=9899_PSO,,
GEN=50_MEMBER=9913_PSO,GEN=49_MEMBER=9781_PSO,,
GEN=50_MEMBER=9915_PSO,GEN=49_MEMBER=9891_PSO,,
GEN=50_MEMBER=9917_PSO,GEN=48_MEMBER=9681_PSO,,
GEN=50_MEMBER=9919_PSO,GEN=49_MEMBER=9855_PSO,,
GEN=50_MEMBER=9921_PSO,GEN=49_MEMBER=9863_PSO,,
GEN=50_MEMBER=9923_PSO,GEN=49_MEMBER=9719_PSO,,
GEN=50_MEMBER=9925_PSO,GEN=49_MEMBER=9787_PSO,,
GEN=50_MEMBER=9927_PSO,GEN=49_MEMBER=9711_PSO,,
GEN=50_MEMBER=9929_PSO,GEN=48_MEMBER=9519_PSO,,
GEN=50_MEMBER=9931_PSO,GEN=49_MEMBER=9765_PSO,,
GEN=50_MEMBER=9933_PSO,GEN=49_MEMBER=9845_PSO,,
GEN=50_MEMBER=9935_PSO,GEN=49_MEMBER=9819_PSO,,
GEN=50_MEMBER=9937_PSO,GEN=48_MEMBER=9647_PSO,,
GEN=50_MEMBER=9939_PSO,GEN=49_MEMBER=9859_PSO,,
GEN=50_MEMBER=9941_PSO,GEN=47_MEMBER=9449_PSO,,
GEN=50_MEMBER=9943_PSO,GEN=49_MEMBER=9831_PSO,,
GEN=50_MEMBER=9945_PSO,GEN=49_MEMBER=9795_PSO,,
GEN=50_MEMBER=9947_PSO,GEN=49_MEMBER=9879_PSO,,
GEN=50_MEMBER=9949_PSO,GEN=49_MEMBER=9799_PSO,,
GEN=50_MEMBER=9951_PSO,GEN=47_MEMBER=9323_PSO,,
GEN=50_MEMBER=9953_PSO,GEN=49_MEMBER=9703_PSO,,
GEN=50_MEMBER=9955_PSO,GEN=49_MEMBER=9877_PSO,,
GEN=50_MEMBER=9957_PSO,GEN=47_MEMBER=9435_PSO,,
GEN=50_MEMBER=9959_PSO,GEN=49_MEMBER=9723_PSO,,
GEN=50_MEMBER=9961_PSO,GEN=49_MEMBER=9817_PSO,,
GEN=50_MEMBER=9963_PSO,GEN=49_MEMBER=9705_PSO,,
GEN=50_MEMBER=9965_PSO,GEN=49_MEMBER=9733_PSO,,
GEN=50_MEMBER=9967_PSO,GEN=49_MEMBER=9895_PSO,,
GEN=50_MEMBER=9969_PSO,GEN=46_MEMBER=9235_PSO,,
GEN=50_MEMBER=9971_PSO,GEN=49_MEMBER=9771_PSO,,
GEN=50_MEMBER=9973_PSO,GEN=48_MEMBER=9651_PSO,,
GEN=50_MEMBER=9975_PSO,GEN=48_MEMBER=9509_PSO,,
GEN=50_MEMBER=9977_PSO,GEN=48_MEMBER=9691_PSO,,
GEN=50_MEMBER=9979_PSO,GEN=46_MEMBER=9231_PSO,,
GEN=50_MEMBER=9981_PSO,GEN=48_MEMBER=9561_PSO,,
GEN=50_MEMBER=9983_PSO,GEN=49_MEMBER=9849_PSO,,
GEN=50_MEMBER=9985_PSO,GEN=47_MEMBER=9399_PSO,,
GEN=50_MEMBER=9987_PSO,GEN=49_MEMBER=9833_PSO,,
GEN=50_MEMBER=9989_PSO,GEN=46_MEMBER=9177_PSO,,
GEN=50_MEMBER=9991_PSO,GEN=49_MEMBER=9731_PSO,,
GEN=50_MEMBER=9993_PSO,GEN=49_MEMBER=9747_PSO,,
GEN=50_MEMBER=9995_PSO,GEN=45_MEMBER=8901_PSO,,
GEN=50_MEMBER=9997_PSO,GEN=49_MEMBER=9759_PSO,,
GEN=50_MEMBER=9999_PSO,GEN=48_MEMBER=9637_PSO,,
GEN=50_MEMBER=10001_PSO,GEN=47_MEMBER=9493_PSO,,
GEN=50_MEMBER=10003_PSO,GEN=48_MEMBER=9545_PSO,,
GEN=50_MEMBER=10005_PSO,GEN=48_MEMBER=9581_PSO,,
GEN=50_MEMBER=10007_PSO,GEN=48_MEMBER=9503_PSO,,
GEN=50_MEMBER=10009_PSO,GEN=46_MEMBER=9247_PSO,,
GEN=50_MEMBER=10011_PSO,GEN=49_MEMBER=9865_PSO,,
GEN=50_MEMBER=10013_PSO,GEN=49_MEMBER=9829_PSO,,
GEN=50_MEMBER=10015_PSO,GEN=49_MEMBER=9761_PSO,,
GEN=50_MEMBER=10017_PSO,GEN=49_MEMBER=9871_PSO,,
GEN=50_MEMBER=10019_PSO,GEN=47_MEMBER=9303_PSO,,
GEN=50_MEMBER=10021_PSO,GEN=49_MEMBER=9889_PSO,,
GEN=50_MEMBER=10023_PSO,GEN=49_MEMBER=9791_PSO,,
GEN=50_MEMBER=10025_PSO,GEN=49_MEMBER=9875_PSO,,
GEN=50_MEMBER=10027_PSO,GEN=49_MEMBER=9717_PSO,,
GEN=50_MEMBER=10029_PSO,GEN=47_MEMBER=9335_PSO,,
GEN=50_MEMBER=10031_PSO,GEN=49_MEMBER=9715_PSO,,
GEN=50_MEMBER=10033_PSO,GEN=48_MEMBER=9567_PSO,,
GEN=50_MEMBER=10035_PSO,GEN=47_MEMBER=9395_PSO,,
GEN=50_MEMBER=10037_PSO,GEN=40_MEMBER=8091_PSO,,
GEN=50_MEMBER=10039_PSO,GEN=49_MEMBER=9741_PSO,,
GEN=50_MEMBER=10041_PSO,GEN=49_MEMBER=9869_PSO,,
GEN=50_MEMBER=10043_PSO,GEN=45_MEMBER=8907_PSO,,
GEN=50_MEMBER=10045_PSO,GEN=49_MEMBER=9811_PSO,,
GEN=50_MEMBER=10047_PSO,GEN=47_MEMBER=9455_PSO,,
GEN=50_MEMBER=10049_PSO,GEN=46_MEMBER=9253_PSO,,
GEN=50_MEMBER=10051_PSO,GEN=36_MEMBER=7219_PSO,,
GEN=50_MEMBER=10053_PSO,GEN=48_MEMBER=9525_PSO,,
GEN=50_MEMBER=10055_PSO,GEN=42_MEMBER=8459_PSO,,
GEN=50_MEMBER=10057_PSO,GEN=48_MEMBER=9661_PSO,,
GEN=50_MEMBER=10059_PSO,GEN=45_MEMBER=8951_PSO,,
GEN=50_MEMBER=10061_PSO,GEN=49_MEMBER=9835_PSO,,
GEN=50_MEMBER=10063_PSO,GEN=49_MEMBER=9853_PSO,,
GEN=50_MEMBER=10065_PSO,GEN=45_MEMBER=9017_PSO,,
GEN=50_MEMBER=10067_PSO,GEN=45_MEMBER=8921_PSO,,
GEN=50_MEMBER=10069_PSO,GEN=49_MEMBER=9751_PSO,,
GEN=50_MEMBER=10071_PSO,GEN=46_MEMBER=9251_PSO,,
GEN=50_MEMBER=10073_PSO,GEN=47_MEMBER=9483_PSO,,
GEN=50_MEMBER=10075_PSO,GEN=38_MEMBER=7647_PSO,,
GEN=50_MEMBER=10077_PSO,GEN=44_MEMBER=8781_PSO,,
GEN=50_MEMBER=10079_PSO,GEN=44_MEMBER=8767_PSO,,
GEN=50_MEMBER=10081_PSO,GEN=49_MEMBER=9837_PSO,,
GEN=50_MEMBER=10083_PSO,GEN=44_MEMBER=8823_PSO,,
GEN=50_MEMBER=10085_PSO,GEN=46_MEMBER=9265_PSO,,
GEN=50_MEMBER=10087_PSO,GEN=41_MEMBER=8229_PSO,,
GEN=50_MEMBER=10089_PSO,GEN=41_MEMBER=8163_PSO,,
GEN=50_MEMBER=10091_PSO,GEN=48_MEMBER=9595_PSO,,
GEN=50_MEMBER=10093_PSO,GEN=49_MEMBER=9843_PSO,,
GEN=50_MEMBER=10095_PSO,GEN=46_MEMBER=9261_PSO,,
GEN=50_MEMBER=10097_PSO,GEN=42_MEMBER=8395_PSO,,
GEN=50_MEMBER=10099_PSO,GEN=48_MEMBER=9553_PSO,,
GEN=51_MEMBER=10101_PSO,GEN=50_MEMBER=9981_PSO,,
GEN=51_MEMBER=10103_PSO,GEN=50_MEMBER=9999_PSO,,
GEN=51_MEMBER=10105_PSO,GEN=49_MEMBER=9887_PSO,,
GEN=51_MEMBER=10107_PSO,GEN=50_MEMBER=9993_PSO,,
GEN=51_MEMBER=10109_PSO,GEN=50_MEMBER=9983_PSO,,
GEN=51_MEMBER=10111_PSO,GEN=50_MEMBER=10075_PSO,,
GEN=51_MEMBER=10113_PSO,GEN=50_MEMBER=10017_PSO,,
GEN=51_MEMBER=10115_PSO,GEN=50_MEMBER=9951_PSO,,
GEN=51_MEMBER=10117_PSO,GEN=48_MEMBER=9681_PSO,,
GEN=51_MEMBER=10119_PSO,GEN=50_MEMBER=9945_PSO,,
GEN=51_MEMBER=10121_PSO,GEN=50_MEMBER=9977_PSO,,
GEN=51_MEMBER=10123_PSO,GEN=50_MEMBER=10029_PSO,,
GEN=51_MEMBER=10125_PSO,GEN=50_MEMBER=9995_PSO,,
GEN=51_MEMBER=10127_PSO,GEN=50_MEMBER=9989_PSO,,
GEN=51_MEMBER=10129_PSO,GEN=50_MEMBER=10021_PSO,,
GEN=51_MEMBER=10131_PSO,GEN=50_MEMBER=9909_PSO,,
GEN=51_MEMBER=10133_PSO,GEN=50_MEMBER=9971_PSO,,
GEN=51_MEMBER=10135_PSO,GEN=50_MEMBER=10061_PSO,,
GEN=51_MEMBER=10137_PSO,GEN=50_MEMBER=10013_PSO,,
GEN=51_MEMBER=10139_PSO,GEN=50_MEMBER=9979_PSO,,
GEN=51_MEMBER=10141_PSO,GEN=50_MEMBER=9933_PSO,,
GEN=51_MEMBER=10143_PSO,GEN=49_MEMBER=9831_PSO,,
GEN=51_MEMBER=10145_PSO,GEN=49_MEMBER=9795_PSO,,
GEN=51_MEMBER=10147_PSO,GEN=49_MEMBER=9879_PSO,,
GEN=51_MEMBER=10149_PSO,GEN=50_MEMBER=10027_PSO,,
GEN=51_MEMBER=10151_PSO,GEN=47_MEMBER=9323_PSO,,
GEN=51_MEMBER=10153_PSO,GEN=50_MEMBER=10031_PSO,,
GEN=51_MEMBER=10155_PSO,GEN=49_MEMBER=9877_PSO,,
GEN=51_MEMBER=10157_PSO,GEN=50_MEMBER=10085_PSO,,
GEN=51_MEMBER=10159_PSO,GEN=50_MEMBER=10025_PSO,,
GEN=51_MEMBER=10161_PSO,GEN=49_MEMBER=9817_PSO,,
GEN=51_MEMBER=10163_PSO,GEN=50_MEMBER=9921_PSO,,
GEN=51_MEMBER=10165_PSO,GEN=49_MEMBER=9733_PSO,,
GEN=51_MEMBER=10167_PSO,GEN=50_MEMBER=9913_PSO,,
GEN=51_MEMBER=10169_PSO,GEN=46_MEMBER=9235_PSO,,
GEN=51_MEMBER=10171_PSO,GEN=49_MEMBER=9771_PSO,,
GEN=51_MEMBER=10173_PSO,GEN=50_MEMBER=10055_PSO,,
GEN=51_MEMBER=10175_PSO,GEN=50_MEMBER=9985_PSO,,
GEN=51_MEMBER=10177_PSO,GEN=50_MEMBER=9959_PSO,,
GEN=51_MEMBER=10179_PSO,GEN=50_MEMBER=9997_PSO,,
GEN=51_MEMBER=10181_PSO,GEN=50_MEMBER=9969_PSO,,
GEN=51_MEMBER=10183_PSO,GEN=49_MEMBER=9849_PSO,,
GEN=51_MEMBER=10185_PSO,GEN=47_MEMBER=9399_PSO,,
GEN=51_MEMBER=10187_PSO,GEN=49_MEMBER=9833_PSO,,
GEN=51_MEMBER=10189_PSO,GEN=46_MEMBER=9177_PSO,,
GEN=51_MEMBER=10191_PSO,GEN=50_MEMBER=9917_PSO,,
GEN=51_MEMBER=10193_PSO,GEN=50_MEMBER=9965_PSO,,
GEN=51_MEMBER=10195_PSO,GEN=50_MEMBER=9953_PSO,,
GEN=51_MEMBER=10197_PSO,GEN=49_MEMBER=9759_PSO,,
GEN=51_MEMBER=10199_PSO,GEN=48_MEMBER=9637_PSO,,
GEN=51_MEMBER=10201_PSO,GEN=50_MEMBER=9987_PSO,,
GEN=51_MEMBER=10203_PSO,GEN=48_MEMBER=9545_PSO,,
GEN=51_MEMBER=10205_PSO,GEN=50_MEMBER=9927_PSO,,
GEN=51_MEMBER=10207_PSO,GEN=48_MEMBER=9503_PSO,,
GEN=51_MEMBER=10209_PSO,GEN=50_MEMBER=9903_PSO,,
GEN=51_MEMBER=10211_PSO,GEN=50_MEMBER=10039_PSO,,
GEN=51_MEMBER=10213_PSO,GEN=49_MEMBER=9829_PSO,,
GEN=51_MEMBER=10215_PSO,GEN=50_MEMBER=9929_PSO,,
GEN=51_MEMBER=10217_PSO,GEN=49_MEMBER=9871_PSO,,
GEN=51_MEMBER=10219_PSO,GEN=47_MEMBER=9303_PSO,,
GEN=51_MEMBER=10221_PSO,GEN=49_MEMBER=9889_PSO,,
GEN=51_MEMBER=10223_PSO,GEN=49_MEMBER=9791_PSO,,
GEN=51_MEMBER=10225_PSO,GEN=49_MEMBER=9875_PSO,,
GEN=51_MEMBER=10227_PSO,GEN=49_MEMBER=9717_PSO,,
GEN=51_MEMBER=10229_PSO,GEN=47_MEMBER=9335_PSO,,
GEN=51_MEMBER=10231_PSO,GEN=49_MEMBER=9715_PSO,,
GEN=51_MEMBER=10233_PSO,GEN=50_MEMBER=9937_PSO,,
GEN=51_MEMBER=10235_PSO,GEN=47_MEMBER=9395_PSO,,
GEN=51_MEMBER=10237_PSO,GEN=50_MEMBER=10073_PSO,,
GEN=51_MEMBER=10239_PSO,GEN=50_MEMBER=10015_PSO,,
GEN=51_MEMBER=10241_PSO,GEN=49_MEMBER=9869_PSO,,
GEN=51_MEMBER=10243_PSO,GEN=45_MEMBER=8907_PSO,,
GEN=51_MEMBER=10245_PSO,GEN=49_MEMBER=9811_PSO,,
GEN=51_MEMBER=10247_PSO,GEN=47_MEMBER=9455_PSO,,
GEN=51_MEMBER=10249_PSO,GEN=46_MEMBER=9253_PSO,,
GEN=51_MEMBER=10251_PSO,GEN=36_MEMBER=7219_PSO,,
GEN=51_MEMBER=10253_PSO,GEN=50_MEMBER=9975_PSO,,
GEN=51_MEMBER=10255_PSO,GEN=42_MEMBER=8459_PSO,,
GEN=51_MEMBER=10257_PSO,GEN=48_MEMBER=9661_PSO,,
GEN=51_MEMBER=10259_PSO,GEN=50_MEMBER=10065_PSO,,
GEN=51_MEMBER=10261_PSO,GEN=50_MEMBER=9919_PSO,,
GEN=51_MEMBER=10263_PSO,GEN=49_MEMBER=9853_PSO,,
GEN=51_MEMBER=10265_PSO,GEN=50_MEMBER=10051_PSO,,
GEN=51_MEMBER=10267_PSO,GEN=45_MEMBER=8921_PSO,,
GEN=51_MEMBER=10269_PSO,GEN=49_MEMBER=9751_PSO,,
GEN=51_MEMBER=10271_PSO,GEN=46_MEMBER=9251_PSO,,
GEN=51_MEMBER=10273_PSO,GEN=47_MEMBER=9483_PSO,,
GEN=51_MEMBER=10275_PSO,GEN=38_MEMBER=7647_PSO,,
GEN=51_MEMBER=10277_PSO,GEN=44_MEMBER=8781_PSO,,
GEN=51_MEMBER=10279_PSO,GEN=50_MEMBER=10079_PSO,,
GEN=51_MEMBER=10281_PSO,GEN=50_MEMBER=9947_PSO,,
GEN=51_MEMBER=10283_PSO,GEN=44_MEMBER=8823_PSO,,
GEN=51_MEMBER=10285_PSO,GEN=46_MEMBER=9265_PSO,,
GEN=51_MEMBER=10287_PSO,GEN=41_MEMBER=8229_PSO,,
GEN=51_MEMBER=10289_PSO,GEN=41_MEMBER=8163_PSO,,
GEN=51_MEMBER=10291_PSO,GEN=48_MEMBER=9595_PSO,,
GEN=51_MEMBER=10293_PSO,GEN=49_MEMBER=9843_PSO,,
GEN=51_MEMBER=10295_PSO,GEN=46_MEMBER=9261_PSO,,
GEN=51_MEMBER=10297_PSO,GEN=42_MEMBER=8395_PSO,,
GEN=51_MEMBER=10299_PSO,GEN=48_MEMBER=9553_PSO,,
GEN=52_MEMBER=10301_PSO,GEN=51_MEMBER=10239_PSO,,
GEN=52_MEMBER=10303_PSO,GEN=51_MEMBER=10287_PSO,,
GEN=52_MEMBER=10305_PSO,GEN=51_MEMBER=10219_PSO,,
GEN=52_MEMBER=10307_PSO,GEN=51_MEMBER=10251_PSO,,
GEN=52_MEMBER=10309_PSO,GEN=51_MEMBER=10265_PSO,,
GEN=52_MEMBER=10311_PSO,GEN=50_MEMBER=10075_PSO,,
GEN=52_MEMBER=10313_PSO,GEN=51_MEMBER=10119_PSO,,
GEN=52_MEMBER=10315_PSO,GEN=51_MEMBER=10267_PSO,,
GEN=52_MEMBER=10317_PSO,GEN=51_MEMBER=10223_PSO,,
GEN=52_MEMBER=10319_PSO,GEN=51_MEMBER=10247_PSO,,
GEN=52_MEMBER=10321_PSO,GEN=51_MEMBER=10149_PSO,,
GEN=52_MEMBER=10323_PSO,GEN=51_MEMBER=10161_PSO,,
GEN=52_MEMBER=10325_PSO,GEN=51_MEMBER=10109_PSO,,
GEN=52_MEMBER=10327_PSO,GEN=51_MEMBER=10183_PSO,,
GEN=52_MEMBER=10329_PSO,GEN=51_MEMBER=10215_PSO,,
GEN=52_MEMBER=10331_PSO,GEN=51_MEMBER=10275_PSO,,
GEN=52_MEMBER=10333_PSO,GEN=50_MEMBER=9971_PSO,,
GEN=52_MEMBER=10335_PSO,GEN=51_MEMBER=10177_PSO,,
GEN=52_MEMBER=10337_PSO,GEN=51_MEMBER=10257_PSO,,
GEN=52_MEMBER=10339_PSO,GEN=51_MEMBER=10101_PSO,,
GEN=52_MEMBER=10341_PSO,GEN=51_MEMBER=10187_PSO,,
GEN=52_MEMBER=10343_PSO,GEN=51_MEMBER=10277_PSO,,
GEN=52_MEMBER=10345_PSO,GEN=51_MEMBER=10271_PSO,,
GEN=52_MEMBER=10347_PSO,GEN=51_MEMBER=10245_PSO,,
GEN=52_MEMBER=10349_PSO,GEN=50_MEMBER=10027_PSO,,
GEN=52_MEMBER=10351_PSO,GEN=51_MEMBER=10129_PSO,,
GEN=52_MEMBER=10353_PSO,GEN=50_MEMBER=10031_PSO,,
GEN=52_MEMBER=10355_PSO,GEN=51_MEMBER=10139_PSO,,
GEN=52_MEMBER=10357_PSO,GEN=51_MEMBER=10291_PSO,,
GEN=52_MEMBER=10359_PSO,GEN=51_MEMBER=10255_PSO,,
GEN=52_MEMBER=10361_PSO,GEN=49_MEMBER=9817_PSO,,
GEN=52_MEMBER=10363_PSO,GEN=51_MEMBER=10103_PSO,,
GEN=52_MEMBER=10365_PSO,GEN=49_MEMBER=9733_PSO,,
GEN=52_MEMBER=10367_PSO,GEN=51_MEMBER=10273_PSO,,
GEN=52_MEMBER=10369_PSO,GEN=51_MEMBER=10249_PSO,,
GEN=52_MEMBER=10371_PSO,GEN=51_MEMBER=10235_PSO,,
GEN=52_MEMBER=10373_PSO,GEN=51_MEMBER=10279_PSO,,
GEN=52_MEMBER=10375_PSO,GEN=51_MEMBER=10211_PSO,,
GEN=52_MEMBER=10377_PSO,GEN=51_MEMBER=10199_PSO,,
GEN=52_MEMBER=10379_PSO,GEN=50_MEMBER=9997_PSO,,
GEN=52_MEMBER=10381_PSO,GEN=50_MEMBER=9969_PSO,,
GEN=52_MEMBER=10383_PSO,GEN=49_MEMBER=9849_PSO,,
GEN=52_MEMBER=10385_PSO,GEN=51_MEMBER=10133_PSO,,
GEN=52_MEMBER=10387_PSO,GEN=51_MEMBER=10283_PSO,,
GEN=52_MEMBER=10389_PSO,GEN=51_MEMBER=10259_PSO,,
GEN=52_MEMBER=10391_PSO,GEN=50_MEMBER=9917_PSO,,
GEN=52_MEMBER=10393_PSO,GEN=50_MEMBER=9965_PSO,,
GEN=52_MEMBER=10395_PSO,GEN=51_MEMBER=10261_PSO,,
GEN=52_MEMBER=10397_PSO,GEN=49_MEMBER=9759_PSO,,
GEN=52_MEMBER=10399_PSO,GEN=48_MEMBER=9637_PSO,,
GEN=52_MEMBER=10401_PSO,GEN=51_MEMBER=10269_PSO,,
GEN=52_MEMBER=10403_PSO,GEN=48_MEMBER=9545_PSO,,
GEN=52_MEMBER=10405_PSO,GEN=51_MEMBER=10263_PSO,,
GEN=52_MEMBER=10407_PSO,GEN=48_MEMBER=9503_PSO,,
GEN=52_MEMBER=10409_PSO,GEN=50_MEMBER=9903_PSO,,
GEN=52_MEMBER=10411_PSO,GEN=50_MEMBER=10039_PSO,,
GEN=52_MEMBER=10413_PSO,GEN=49_MEMBER=9829_PSO,,
GEN=52_MEMBER=10415_PSO,GEN=50_MEMBER=9929_PSO,,
GEN=52_MEMBER=10417_PSO,GEN=49_MEMBER=9871_PSO,,
GEN=52_MEMBER=10419_PSO,GEN=47_MEMBER=9303_PSO,,
GEN=52_MEMBER=10421_PSO,GEN=51_MEMBER=10221_PSO,,
GEN=52_MEMBER=10423_PSO,GEN=51_MEMBER=10203_PSO,,
GEN=52_MEMBER=10425_PSO,GEN=49_MEMBER=9875_PSO,,
GEN=52_MEMBER=10427_PSO,GEN=49_MEMBER=9717_PSO,,
GEN=52_MEMBER=10429_PSO,GEN=51_MEMBER=10209_PSO,,
GEN=52_MEMBER=10431_PSO,GEN=51_MEMBER=10111_PSO,,
GEN=52_MEMBER=10433_PSO,GEN=50_MEMBER=9937_PSO,,
GEN=52_MEMBER=10435_PSO,GEN=47_MEMBER=9395_PSO,,
GEN=52_MEMBER=10437_PSO,GEN=51_MEMBER=10155_PSO,,
GEN=52_MEMBER=10439_PSO,GEN=50_MEMBER=10015_PSO,,
GEN=52_MEMBER=10441_PSO,GEN=49_MEMBER=9869_PSO,,
GEN=52_MEMBER=10443_PSO,GEN=51_MEMBER=10295_PSO,,
GEN=52_MEMBER=10445_PSO,GEN=49_MEMBER=9811_PSO,,
GEN=52_MEMBER=10447_PSO,GEN=47_MEMBER=9455_PSO,,
GEN=52_MEMBER=10449_PSO,GEN=46_MEMBER=9253_PSO,,
GEN=52_MEMBER=10451_PSO,GEN=36_MEMBER=7219_PSO,,
GEN=52_MEMBER=10453_PSO,GEN=51_MEMBER=10167_PSO,,
GEN=52_MEMBER=10455_PSO,GEN=42_MEMBER=8459_PSO,,
GEN=52_MEMBER=10457_PSO,GEN=48_MEMBER=9661_PSO,,
GEN=52_MEMBER=10459_PSO,GEN=50_MEMBER=10065_PSO,,
GEN=52_MEMBER=10461_PSO,GEN=50_MEMBER=9919_PSO,,
GEN=52_MEMBER=10463_PSO,GEN=49_MEMBER=9853_PSO,,
GEN=52_MEMBER=10465_PSO,GEN=50_MEMBER=10051_PSO,,
GEN=52_MEMBER=10467_PSO,GEN=45_MEMBER=8921_PSO,,
GEN=52_MEMBER=10469_PSO,GEN=51_MEMBER=10127_PSO,,
GEN=52_MEMBER=10471_PSO,GEN=46_MEMBER=9251_PSO,,
GEN=52_MEMBER=10473_PSO,GEN=47_MEMBER=9483_PSO,,
GEN=52_MEMBER=10475_PSO,GEN=51_MEMBER=10289_PSO,,
GEN=52_MEMBER=10477_PSO,GEN=44_MEMBER=8781_PSO,,
GEN=52_MEMBER=10479_PSO,GEN=50_MEMBER=10079_PSO,,
GEN=52_MEMBER=10481_PSO,GEN=50_MEMBER=9947_PSO,,
GEN=52_MEMBER=10483_PSO,GEN=44_MEMBER=8823_PSO,,
GEN=52_MEMBER=10485_PSO,GEN=46_MEMBER=9265_PSO,,
GEN=52_MEMBER=10487_PSO,GEN=41_MEMBER=8229_PSO,,
GEN=52_MEMBER=10489_PSO,GEN=41_MEMBER=8163_PSO,,
GEN=52_MEMBER=10491_PSO,GEN=48_MEMBER=9595_PSO,,
GEN=52_MEMBER=10493_PSO,GEN=51_MEMBER=10293_PSO,,
GEN=52_MEMBER=10495_PSO,GEN=46_MEMBER=9261_PSO,,
GEN=52_MEMBER=10497_PSO,GEN=42_MEMBER=8395_PSO,,
GEN=52_MEMBER=10499_PSO,GEN=48_MEMBER=9553_PSO,,
GEN=53_MEMBER=10501_PSO,GEN=52_MEMBER=10487_PSO,,
GEN=53_MEMBER=10503_PSO,GEN=52_MEMBER=10469_PSO,,
GEN=53_MEMBER=10505_PSO,GEN=52_MEMBER=10493_PSO,,
GEN=53_MEMBER=10507_PSO,GEN=52_MEMBER=10499_PSO,,
GEN=53_MEMBER=10509_PSO,GEN=52_MEMBER=10437_PSO,,
GEN=53_MEMBER=10511_PSO,GEN=52_MEMBER=10451_PSO,,
GEN=53_MEMBER=10513_PSO,GEN=52_MEMBER=10467_PSO,,
GEN=53_MEMBER=10515_PSO,GEN=52_MEMBER=10463_PSO,,
GEN=53_MEMBER=10517_PSO,GEN=52_MEMBER=10321_PSO,,
GEN=53_MEMBER=10519_PSO,GEN=52_MEMBER=10433_PSO,,
GEN=53_MEMBER=10521_PSO,GEN=51_MEMBER=10149_PSO,,
GEN=53_MEMBER=10523_PSO,GEN=52_MEMBER=10453_PSO,,
GEN=53_MEMBER=10525_PSO,GEN=52_MEMBER=10477_PSO,,
GEN=53_MEMBER=10527_PSO,GEN=51_MEMBER=10183_PSO,,
GEN=53_MEMBER=10529_PSO,GEN=52_MEMBER=10385_PSO,,
GEN=53_MEMBER=10531_PSO,GEN=52_MEMBER=10421_PSO,,
GEN=53_MEMBER=10533_PSO,GEN=50_MEMBER=9971_PSO,,
GEN=53_MEMBER=10535_PSO,GEN=52_MEMBER=10415_PSO,,
GEN=53_MEMBER=10537_PSO,GEN=52_MEMBER=10397_PSO,,
GEN=53_MEMBER=10539_PSO,GEN=51_MEMBER=10101_PSO,,
GEN=53_MEMBER=10541_PSO,GEN=52_MEMBER=10417_PSO,,
GEN=53_MEMBER=10543_PSO,GEN=51_MEMBER=10277_PSO,,
GEN=53_MEMBER=10545_PSO,GEN=52_MEMBER=10413_PSO,,
GEN=53_MEMBER=10547_PSO,GEN=51_MEMBER=10245_PSO,,
GEN=53_MEMBER=10549_PSO,GEN=52_MEMBER=10449_PSO,,
GEN=53_MEMBER=10551_PSO,GEN=52_MEMBER=10391_PSO,,
GEN=53_MEMBER=10553_PSO,GEN=52_MEMBER=10465_PSO,,
GEN=53_MEMBER=10555_PSO,GEN=52_MEMBER=10389_PSO,,
GEN=53_MEMBER=10557_PSO,GEN=51_MEMBER=10291_PSO,,
GEN=53_MEMBER=10559_PSO,GEN=51_MEMBER=10255_PSO,,
GEN=53_MEMBER=10561_PSO,GEN=52_MEMBER=10447_PSO,,
GEN=53_MEMBER=10563_PSO,GEN=51_MEMBER=10103_PSO,,
GEN=53_MEMBER=10565_PSO,GEN=52_MEMBER=10497_PSO,,
GEN=53_MEMBER=10567_PSO,GEN=52_MEMBER=10483_PSO,,
GEN=53_MEMBER=10569_PSO,GEN=52_MEMBER=10323_PSO,,
GEN=53_MEMBER=10571_PSO,GEN=51_MEMBER=10235_PSO,,
GEN=53_MEMBER=10573_PSO,GEN=51_MEMBER=10279_PSO,,
GEN=53_MEMBER=10575_PSO,GEN=51_MEMBER=10211_PSO,,
GEN=53_MEMBER=10577_PSO,GEN=51_MEMBER=10199_PSO,,
GEN=53_MEMBER=10579_PSO,GEN=50_MEMBER=9997_PSO,,
GEN=53_MEMBER=10581_PSO,GEN=50_MEMBER=9969_PSO,,
GEN=53_MEMBER=10583_PSO,GEN=52_MEMBER=10335_PSO,,
GEN=53_MEMBER=10585_PSO,GEN=51_MEMBER=10133_PSO,,
GEN=53_MEMBER=10587_PSO,GEN=51_MEMBER=10283_PSO,,
GEN=53_MEMBER=10589_PSO,GEN=51_MEMBER=10259_PSO,,
GEN=53_MEMBER=10591_PSO,GEN=50_MEMBER=9917_PSO,,
GEN=53_MEMBER=10593_PSO,GEN=50_MEMBER=9965_PSO,,
GEN=53_MEMBER=10595_PSO,GEN=51_MEMBER=10261_PSO,,
GEN=53_MEMBER=10597_PSO,GEN=52_MEMBER=10475_PSO,,
GEN=53_MEMBER=10599_PSO,GEN=52_MEMBER=10309_PSO,,
GEN=53_MEMBER=10601_PSO,GEN=51_MEMBER=10269_PSO,,
GEN=53_MEMBER=10603_PSO,GEN=48_MEMBER=9545_PSO,,
GEN=53_MEMBER=10605_PSO,GEN=52_MEMBER=10363_PSO,,
GEN=53_MEMBER=10607_PSO,GEN=48_MEMBER=9503_PSO,,
GEN=53_MEMBER=10609_PSO,GEN=50_MEMBER=9903_PSO,,
GEN=53_MEMBER=10611_PSO,GEN=52_MEMBER=10403_PSO,,
GEN=53_MEMBER=10613_PSO,GEN=49_MEMBER=9829_PSO,,
GEN=53_MEMBER=10615_PSO,GEN=50_MEMBER=9929_PSO,,
GEN=53_MEMBER=10617_PSO,GEN=52_MEMBER=10331_PSO,,
GEN=53_MEMBER=10619_PSO,GEN=47_MEMBER=9303_PSO,,
GEN=53_MEMBER=10621_PSO,GEN=52_MEMBER=10353_PSO,,
GEN=53_MEMBER=10623_PSO,GEN=51_MEMBER=10203_PSO,,
GEN=53_MEMBER=10625_PSO,GEN=49_MEMBER=9875_PSO,,
GEN=53_MEMBER=10627_PSO,GEN=52_MEMBER=10407_PSO,,
GEN=53_MEMBER=10629_PSO,GEN=52_MEMBER=10459_PSO,,
GEN=53_MEMBER=10631_PSO,GEN=51_MEMBER=10111_PSO,,
GEN=53_MEMBER=10633_PSO,GEN=50_MEMBER=9937_PSO,,
GEN=53_MEMBER=10635_PSO,GEN=47_MEMBER=9395_PSO,,
GEN=53_MEMBER=10637_PSO,GEN=51_MEMBER=10155_PSO,,
GEN=53_MEMBER=10639_PSO,GEN=52_MEMBER=10387_PSO,,
GEN=53_MEMBER=10641_PSO,GEN=49_MEMBER=9869_PSO,,
GEN=53_MEMBER=10643_PSO,GEN=51_MEMBER=10295_PSO,,
GEN=53_MEMBER=10645_PSO,GEN=52_MEMBER=10473_PSO,,
GEN=53_MEMBER=10647_PSO,GEN=47_MEMBER=9455_PSO,,
GEN=53_MEMBER=10649_PSO,GEN=46_MEMBER=9253_PSO,,
GEN=53_MEMBER=10651_PSO,GEN=36_MEMBER=7219_PSO,,
GEN=53_MEMBER=10653_PSO,GEN=51_MEMBER=10167_PSO,,
GEN=53_MEMBER=10655_PSO,GEN=42_MEMBER=8459_PSO,,
GEN=53_MEMBER=10657_PSO,GEN=48_MEMBER=9661_PSO,,
GEN=53_MEMBER=10659_PSO,GEN=50_MEMBER=10065_PSO,,
GEN=53_MEMBER=10661_PSO,GEN=52_MEMBER=10479_PSO,,
GEN=53_MEMBER=10663_PSO,GEN=49_MEMBER=9853_PSO,,
GEN=53_MEMBER=10665_PSO,GEN=50_MEMBER=10051_PSO,,
GEN=53_MEMBER=10667_PSO,GEN=52_MEMBER=10377_PSO,,
GEN=53_MEMBER=10669_PSO,GEN=52_MEMBER=10333_PSO,,
GEN=53_MEMBER=10671_PSO,GEN=51_MEMBER=10127_PSO,,
GEN=53_MEMBER=10673_PSO,GEN=46_MEMBER=9251_PSO,,
GEN=53_MEMBER=10675_PSO,GEN=47_MEMBER=9483_PSO,,
GEN=53_MEMBER=10677_PSO,GEN=51_MEMBER=10289_PSO,,
GEN=53_MEMBER=10679_PSO,GEN=44_MEMBER=8781_PSO,,
GEN=53_MEMBER=10681_PSO,GEN=50_MEMBER=10079_PSO,,
GEN=53_MEMBER=10683_PSO,GEN=52_MEMBER=10489_PSO,,
GEN=53_MEMBER=10685_PSO,GEN=44_MEMBER=8823_PSO,,
GEN=53_MEMBER=10687_PSO,GEN=46_MEMBER=9265_PSO,,
GEN=53_MEMBER=10689_PSO,GEN=41_MEMBER=8229_PSO,,
GEN=53_MEMBER=10691_PSO,GEN=41_MEMBER=8163_PSO,,
GEN=53_MEMBER=10693_PSO,GEN=52_MEMBER=10327_PSO,,
GEN=53_MEMBER=10695_PSO,GEN=51_MEMBER=10293_PSO,,
GEN=53_MEMBER=10697_PSO,GEN=46_MEMBER=9261_PSO,,
GEN=53_MEMBER=10699_PSO,GEN=42_MEMBER=8395_PSO,,
GEN=54_MEMBER=10701_PSO,GEN=53_MEMBER=10663_PSO,,
GEN=54_MEMBER=10703_PSO,GEN=53_MEMBER=10657_PSO,,
GEN=54_MEMBER=10705_PSO,GEN=53_MEMBER=10559_PSO,,
GEN=54_MEMBER=10707_PSO,GEN=53_MEMBER=10649_PSO,,
GEN=54_MEMBER=10709_PSO,GEN=53_MEMBER=10623_PSO,,
GEN=54_MEMBER=10711_PSO,GEN=53_MEMBER=10683_PSO,,
GEN=54_MEMBER=10713_PSO,GEN=53_MEMBER=10693_PSO,,
GEN=54_MEMBER=10715_PSO,GEN=52_MEMBER=10463_PSO,,
GEN=54_MEMBER=10717_PSO,GEN=53_MEMBER=10595_PSO,,
GEN=54_MEMBER=10719_PSO,GEN=52_MEMBER=10433_PSO,,
GEN=54_MEMBER=10721_PSO,GEN=51_MEMBER=10149_PSO,,
GEN=54_MEMBER=10723_PSO,GEN=53_MEMBER=10519_PSO,,
GEN=54_MEMBER=10725_PSO,GEN=53_MEMBER=10605_PSO,,
GEN=54_MEMBER=10727_PSO,GEN=51_MEMBER=10183_PSO,,
GEN=54_MEMBER=10729_PSO,GEN=53_MEMBER=10699_PSO,,
GEN=54_MEMBER=10731_PSO,GEN=53_MEMBER=10585_PSO,,
GEN=54_MEMBER=10733_PSO,GEN=53_MEMBER=10653_PSO,,
GEN=54_MEMBER=10735_PSO,GEN=53_MEMBER=10591_PSO,,
GEN=54_MEMBER=10737_PSO,GEN=53_MEMBER=10669_PSO,,
GEN=54_MEMBER=10739_PSO,GEN=51_MEMBER=10101_PSO,,
GEN=54_MEMBER=10741_PSO,GEN=53_MEMBER=10521_PSO,,
GEN=54_MEMBER=10743_PSO,GEN=53_MEMBER=10511_PSO,,
GEN=54_MEMBER=10745_PSO,GEN=52_MEMBER=10413_PSO,,
GEN=54_MEMBER=10747_PSO,GEN=51_MEMBER=10245_PSO,,
GEN=54_MEMBER=10749_PSO,GEN=53_MEMBER=10607_PSO,,
GEN=54_MEMBER=10751_PSO,GEN=53_MEMBER=10697_PSO,,
GEN=54_MEMBER=10753_PSO,GEN=52_MEMBER=10465_PSO,,
GEN=54_MEMBER=10755_PSO,GEN=53_MEMBER=10631_PSO,,
GEN=54_MEMBER=10757_PSO,GEN=51_MEMBER=10291_PSO,,
GEN=54_MEMBER=10759_PSO,GEN=51_MEMBER=10255_PSO,,
GEN=54_MEMBER=10761_PSO,GEN=53_MEMBER=10611_PSO,,
GEN=54_MEMBER=10763_PSO,GEN=53_MEMBER=10503_PSO,,
GEN=54_MEMBER=10765_PSO,GEN=53_MEMBER=10695_PSO,,
GEN=54_MEMBER=10767_PSO,GEN=53_MEMBER=10593_PSO,,
GEN=54_MEMBER=10769_PSO,GEN=52_MEMBER=10323_PSO,,
GEN=54_MEMBER=10771_PSO,GEN=51_MEMBER=10235_PSO,,
GEN=54_MEMBER=10773_PSO,GEN=53_MEMBER=10635_PSO,,
GEN=54_MEMBER=10775_PSO,GEN=53_MEMBER=10513_PSO,,
GEN=54_MEMBER=10777_PSO,GEN=53_MEMBER=10661_PSO,,
GEN=54_MEMBER=10779_PSO,GEN=50_MEMBER=9997_PSO,,
GEN=54_MEMBER=10781_PSO,GEN=53_MEMBER=10527_PSO,,
GEN=54_MEMBER=10783_PSO,GEN=52_MEMBER=10335_PSO,,
GEN=54_MEMBER=10785_PSO,GEN=53_MEMBER=10613_PSO,,
GEN=54_MEMBER=10787_PSO,GEN=51_MEMBER=10283_PSO,,
GEN=54_MEMBER=10789_PSO,GEN=51_MEMBER=10259_PSO,,
GEN=54_MEMBER=10791_PSO,GEN=53_MEMBER=10621_PSO,,
GEN=54_MEMBER=10793_PSO,GEN=53_MEMBER=10525_PSO,,
GEN=54_MEMBER=10795_PSO,GEN=53_MEMBER=10603_PSO,,
GEN=54_MEMBER=10797_PSO,GEN=53_MEMBER=10689_PSO,,
GEN=54_MEMBER=10799_PSO,GEN=53_MEMBER=10567_PSO,,
GEN=54_MEMBER=10801_PSO,GEN=51_MEMBER=10269_PSO,,
GEN=54_MEMBER=10803_PSO,GEN=53_MEMBER=10627_PSO,,
GEN=54_MEMBER=10805_PSO,GEN=53_MEMBER=10639_PSO,,
GEN=54_MEMBER=10807_PSO,GEN=53_MEMBER=10681_PSO,,
GEN=54_MEMBER=10809_PSO,GEN=50_MEMBER=9903_PSO,,
GEN=54_MEMBER=10811_PSO,GEN=53_MEMBER=10685_PSO,,
GEN=54_MEMBER=10813_PSO,GEN=49_MEMBER=9829_PSO,,
GEN=54_MEMBER=10815_PSO,GEN=53_MEMBER=10541_PSO,,
GEN=54_MEMBER=10817_PSO,GEN=52_MEMBER=10331_PSO,,
GEN=54_MEMBER=10819_PSO,GEN=47_MEMBER=9303_PSO,,
GEN=54_MEMBER=10821_PSO,GEN=52_MEMBER=10353_PSO,,
GEN=54_MEMBER=10823_PSO,GEN=51_MEMBER=10203_PSO,,
GEN=54_MEMBER=10825_PSO,GEN=53_MEMBER=10625_PSO,,
GEN=54_MEMBER=10827_PSO,GEN=52_MEMBER=10407_PSO,,
GEN=54_MEMBER=10829_PSO,GEN=52_MEMBER=10459_PSO,,
GEN=54_MEMBER=10831_PSO,GEN=51_MEMBER=10111_PSO,,
GEN=54_MEMBER=10833_PSO,GEN=50_MEMBER=9937_PSO,,
GEN=54_MEMBER=10835_PSO,GEN=53_MEMBER=10589_PSO,,
GEN=54_MEMBER=10837_PSO,GEN=51_MEMBER=10155_PSO,,
GEN=54_MEMBER=10839_PSO,GEN=52_MEMBER=10387_PSO,,
GEN=54_MEMBER=10841_PSO,GEN=49_MEMBER=9869_PSO,,
GEN=54_MEMBER=10843_PSO,GEN=51_MEMBER=10295_PSO,,
GEN=54_MEMBER=10845_PSO,GEN=52_MEMBER=10473_PSO,,
GEN=54_MEMBER=10847_PSO,GEN=47_MEMBER=9455_PSO,,
GEN=54_MEMBER=10849_PSO,GEN=46_MEMBER=9253_PSO,,
GEN=54_MEMBER=10851_PSO,GEN=36_MEMBER=7219_PSO,,
GEN=54_MEMBER=10853_PSO,GEN=51_MEMBER=10167_PSO,,
GEN=54_MEMBER=10855_PSO,GEN=42_MEMBER=8459_PSO,,
GEN=54_MEMBER=10857_PSO,GEN=48_MEMBER=9661_PSO,,
GEN=54_MEMBER=10859_PSO,GEN=50_MEMBER=10065_PSO,,
GEN=54_MEMBER=10861_PSO,GEN=52_MEMBER=10479_PSO,,
GEN=54_MEMBER=10863_PSO,GEN=53_MEMBER=10687_PSO,,
GEN=54_MEMBER=10865_PSO,GEN=50_MEMBER=10051_PSO,,
GEN=54_MEMBER=10867_PSO,GEN=53_MEMBER=10533_PSO,,
GEN=54_MEMBER=10869_PSO,GEN=52_MEMBER=10333_PSO,,
GEN=54_MEMBER=10871_PSO,GEN=51_MEMBER=10127_PSO,,
GEN=54_MEMBER=10873_PSO,GEN=53_MEMBER=10659_PSO,,
GEN=54_MEMBER=10875_PSO,GEN=53_MEMBER=10557_PSO,,
GEN=54_MEMBER=10877_PSO,GEN=51_MEMBER=10289_PSO,,
GEN=54_MEMBER=10879_PSO,GEN=44_MEMBER=8781_PSO,,
GEN=54_MEMBER=10881_PSO,GEN=50_MEMBER=10079_PSO,,
GEN=54_MEMBER=10883_PSO,GEN=53_MEMBER=10677_PSO,,
GEN=54_MEMBER=10885_PSO,GEN=44_MEMBER=8823_PSO,,
GEN=54_MEMBER=10887_PSO,GEN=46_MEMBER=9265_PSO,,
GEN=54_MEMBER=10889_PSO,GEN=53_MEMBER=10637_PSO,,
GEN=54_MEMBER=10891_PSO,GEN=41_MEMBER=8163_PSO,,
GEN=54_MEMBER=10893_PSO,GEN=53_MEMBER=10667_PSO,,
GEN=54_MEMBER=10895_PSO,GEN=51_MEMBER=10293_PSO,,
GEN=54_MEMBER=10897_PSO,GEN=46_MEMBER=9261_PSO,,
GEN=54_MEMBER=10899_PSO,GEN=53_MEMBER=10609_PSO,,
GEN=55_MEMBER=10901_PSO,GEN=54_MEMBER=10827_PSO,,
GEN=55_MEMBER=10903_PSO,GEN=54_MEMBER=10891_PSO,,
GEN=55_MEMBER=10905_PSO,GEN=54_MEMBER=10877_PSO,,
GEN=55_MEMBER=10907_PSO,GEN=54_MEMBER=10841_PSO,,
GEN=55_MEMBER=10909_PSO,GEN=53_MEMBER=10623_PSO,,
GEN=55_MEMBER=10911_PSO,GEN=54_MEMBER=10849_PSO,,
GEN=55_MEMBER=10913_PSO,GEN=54_MEMBER=10729_PSO,,
GEN=55_MEMBER=10915_PSO,GEN=54_MEMBER=10893_PSO,,
GEN=55_MEMBER=10917_PSO,GEN=53_MEMBER=10595_PSO,,
GEN=55_MEMBER=10919_PSO,GEN=54_MEMBER=10773_PSO,,
GEN=55_MEMBER=10921_PSO,GEN=54_MEMBER=10881_PSO,,
GEN=55_MEMBER=10923_PSO,GEN=53_MEMBER=10519_PSO,,
GEN=55_MEMBER=10925_PSO,GEN=53_MEMBER=10605_PSO,,
GEN=55_MEMBER=10927_PSO,GEN=54_MEMBER=10867_PSO,,
GEN=55_MEMBER=10929_PSO,GEN=54_MEMBER=10899_PSO,,
GEN=55_MEMBER=10931_PSO,GEN=54_MEMBER=10833_PSO,,
GEN=55_MEMBER=10933_PSO,GEN=54_MEMBER=10705_PSO,,
GEN=55_MEMBER=10935_PSO,GEN=54_MEMBER=10811_PSO,,
GEN=55_MEMBER=10937_PSO,GEN=54_MEMBER=10895_PSO,,
GEN=55_MEMBER=10939_PSO,GEN=54_MEMBER=10853_PSO,,
GEN=55_MEMBER=10941_PSO,GEN=53_MEMBER=10521_PSO,,
GEN=55_MEMBER=10943_PSO,GEN=54_MEMBER=10829_PSO,,
GEN=55_MEMBER=10945_PSO,GEN=54_MEMBER=10781_PSO,,
GEN=55_MEMBER=10947_PSO,GEN=54_MEMBER=10869_PSO,,
GEN=55_MEMBER=10949_PSO,GEN=54_MEMBER=10733_PSO,,
GEN=55_MEMBER=10951_PSO,GEN=53_MEMBER=10697_PSO,,
GEN=55_MEMBER=10953_PSO,GEN=54_MEMBER=10749_PSO,,
GEN=55_MEMBER=10955_PSO,GEN=54_MEMBER=10727_PSO,,
GEN=55_MEMBER=10957_PSO,GEN=54_MEMBER=10847_PSO,,
GEN=55_MEMBER=10959_PSO,GEN=54_MEMBER=10845_PSO,,
GEN=55_MEMBER=10961_PSO,GEN=53_MEMBER=10611_PSO,,
GEN=55_MEMBER=10963_PSO,GEN=53_MEMBER=10503_PSO,,
GEN=55_MEMBER=10965_PSO,GEN=54_MEMBER=10897_PSO,,
GEN=55_MEMBER=10967_PSO,GEN=54_MEMBER=10779_PSO,,
GEN=55_MEMBER=10969_PSO,GEN=54_MEMBER=10775_PSO,,
GEN=55_MEMBER=10971_PSO,GEN=54_MEMBER=10701_PSO,,
GEN=55_MEMBER=10973_PSO,GEN=54_MEMBER=10709_PSO,,
GEN=55_MEMBER=10975_PSO,GEN=53_MEMBER=10513_PSO,,
GEN=55_MEMBER=10977_PSO,GEN=53_MEMBER=10661_PSO,,
GEN=55_MEMBER=10979_PSO,GEN=50_MEMBER=9997_PSO,,
GEN=55_MEMBER=10981_PSO,GEN=54_MEMBER=10883_PSO,,
GEN=55_MEMBER=10983_PSO,GEN=54_MEMBER=10753_PSO,,
GEN=55_MEMBER=10985_PSO,GEN=54_MEMBER=10859_PSO,,
GEN=55_MEMBER=10987_PSO,GEN=51_MEMBER=10283_PSO,,
GEN=55_MEMBER=10989_PSO,GEN=54_MEMBER=10889_PSO,,
GEN=55_MEMBER=10991_PSO,GEN=53_MEMBER=10621_PSO,,
GEN=55_MEMBER=10993_PSO,GEN=53_MEMBER=10525_PSO,,
GEN=55_MEMBER=10995_PSO,GEN=54_MEMBER=10703_PSO,,
GEN=55_MEMBER=10997_PSO,GEN=53_MEMBER=10689_PSO,,
GEN=55_MEMBER=10999_PSO,GEN=54_MEMBER=10713_PSO,,
GEN=55_MEMBER=11001_PSO,GEN=54_MEMBER=10769_PSO,,
GEN=55_MEMBER=11003_PSO,GEN=54_MEMBER=10743_PSO,,
GEN=55_MEMBER=11005_PSO,GEN=54_MEMBER=10723_PSO,,
GEN=55_MEMBER=11007_PSO,GEN=53_MEMBER=10681_PSO,,
GEN=55_MEMBER=11009_PSO,GEN=50_MEMBER=9903_PSO,,
GEN=55_MEMBER=11011_PSO,GEN=53_MEMBER=10685_PSO,,
GEN=55_MEMBER=11013_PSO,GEN=49_MEMBER=9829_PSO,,
GEN=55_MEMBER=11015_PSO,GEN=53_MEMBER=10541_PSO,,
GEN=55_MEMBER=11017_PSO,GEN=52_MEMBER=10331_PSO,,
GEN=55_MEMBER=11019_PSO,GEN=47_MEMBER=9303_PSO,,
GEN=55_MEMBER=11021_PSO,GEN=52_MEMBER=10353_PSO,,
GEN=55_MEMBER=11023_PSO,GEN=54_MEMBER=10855_PSO,,
GEN=55_MEMBER=11025_PSO,GEN=53_MEMBER=10625_PSO,,
GEN=55_MEMBER=11027_PSO,GEN=54_MEMBER=10851_PSO,,
GEN=55_MEMBER=11029_PSO,GEN=54_MEMBER=10875_PSO,,
GEN=55_MEMBER=11031_PSO,GEN=51_MEMBER=10111_PSO,,
GEN=55_MEMBER=11033_PSO,GEN=50_MEMBER=9937_PSO,,
GEN=55_MEMBER=11035_PSO,GEN=53_MEMBER=10589_PSO,,
GEN=55_MEMBER=11037_PSO,GEN=51_MEMBER=10155_PSO,,
GEN=55_MEMBER=11039_PSO,GEN=52_MEMBER=10387_PSO,,
GEN=55_MEMBER=11041_PSO,GEN=49_MEMBER=9869_PSO,,
GEN=55_MEMBER=11043_PSO,GEN=51_MEMBER=10295_PSO,,
GEN=55_MEMBER=11045_PSO,GEN=54_MEMBER=10799_PSO,,
GEN=55_MEMBER=11047_PSO,GEN=47_MEMBER=9455_PSO,,
GEN=55_MEMBER=11049_PSO,GEN=46_MEMBER=9253_PSO,,
GEN=55_MEMBER=11051_PSO,GEN=36_MEMBER=7219_PSO,,
GEN=55_MEMBER=11053_PSO,GEN=51_MEMBER=10167_PSO,,
GEN=55_MEMBER=11055_PSO,GEN=42_MEMBER=8459_PSO,,
GEN=55_MEMBER=11057_PSO,GEN=48_MEMBER=9661_PSO,,
GEN=55_MEMBER=11059_PSO,GEN=50_MEMBER=10065_PSO,,
GEN=55_MEMBER=11061_PSO,GEN=52_MEMBER=10479_PSO,,
GEN=55_MEMBER=11063_PSO,GEN=53_MEMBER=10687_PSO,,
GEN=55_MEMBER=11065_PSO,GEN=50_MEMBER=10051_PSO,,
GEN=55_MEMBER=11067_PSO,GEN=53_MEMBER=10533_PSO,,
GEN=55_MEMBER=11069_PSO,GEN=52_MEMBER=10333_PSO,,
GEN=55_MEMBER=11071_PSO,GEN=51_MEMBER=10127_PSO,,
GEN=55_MEMBER=11073_PSO,GEN=53_MEMBER=10659_PSO,,
GEN=55_MEMBER=11075_PSO,GEN=53_MEMBER=10557_PSO,,
GEN=55_MEMBER=11077_PSO,GEN=54_MEMBER=10831_PSO,,
GEN=55_MEMBER=11079_PSO,GEN=44_MEMBER=8781_PSO,,
GEN=55_MEMBER=11081_PSO,GEN=50_MEMBER=10079_PSO,,
GEN=55_MEMBER=11083_PSO,GEN=53_MEMBER=10677_PSO,,
GEN=55_MEMBER=11085_PSO,GEN=44_MEMBER=8823_PSO,,
GEN=55_MEMBER=11087_PSO,GEN=54_MEMBER=10745_PSO,,
GEN=55_MEMBER=11089_PSO,GEN=54_MEMBER=10747_PSO,,
GEN=55_MEMBER=11091_PSO,GEN=41_MEMBER=8163_PSO,,
GEN=55_MEMBER=11093_PSO,GEN=54_MEMBER=10771_PSO,,
GEN=55_MEMBER=11095_PSO,GEN=51_MEMBER=10293_PSO,,
GEN=55_MEMBER=11097_PSO,GEN=46_MEMBER=9261_PSO,,
GEN=55_MEMBER=11099_PSO,GEN=53_MEMBER=10609_PSO,,
GEN=56_MEMBER=11101_PSO,GEN=55_MEMBER=11059_PSO,,
GEN=56_MEMBER=11103_PSO,GEN=55_MEMBER=11091_PSO,,
GEN=56_MEMBER=11105_PSO,GEN=55_MEMBER=11081_PSO,,
GEN=56_MEMBER=11107_PSO,GEN=55_MEMBER=11095_PSO,,
GEN=56_MEMBER=11109_PSO,GEN=55_MEMBER=11051_PSO,,
GEN=56_MEMBER=11111_PSO,GEN=54_MEMBER=10849_PSO,,
GEN=56_MEMBER=11113_PSO,GEN=55_MEMBER=11029_PSO,,
GEN=56_MEMBER=11115_PSO,GEN=55_MEMBER=11049_PSO,,
GEN=56_MEMBER=11117_PSO,GEN=55_MEMBER=11099_PSO,,
GEN=56_MEMBER=11119_PSO,GEN=55_MEMBER=11093_PSO,,
GEN=56_MEMBER=11121_PSO,GEN=55_MEMBER=10977_PSO,,
GEN=56_MEMBER=11123_PSO,GEN=55_MEMBER=11045_PSO,,
GEN=56_MEMBER=11125_PSO,GEN=55_MEMBER=11039_PSO,,
GEN=56_MEMBER=11127_PSO,GEN=55_MEMBER=11041_PSO,,
GEN=56_MEMBER=11129_PSO,GEN=55_MEMBER=11085_PSO,,
GEN=56_MEMBER=11131_PSO,GEN=54_MEMBER=10833_PSO,,
GEN=56_MEMBER=11133_PSO,GEN=55_MEMBER=10939_PSO,,
GEN=56_MEMBER=11135_PSO,GEN=54_MEMBER=10811_PSO,,
GEN=56_MEMBER=11137_PSO,GEN=55_MEMBER=10931_PSO,,
GEN=56_MEMBER=11139_PSO,GEN=55_MEMBER=11087_PSO,,
GEN=56_MEMBER=11141_PSO,GEN=55_MEMBER=10909_PSO,,
GEN=56_MEMBER=11143_PSO,GEN=55_MEMBER=11077_PSO,,
GEN=56_MEMBER=11145_PSO,GEN=55_MEMBER=10967_PSO,,
GEN=56_MEMBER=11147_PSO,GEN=54_MEMBER=10869_PSO,,
GEN=56_MEMBER=11149_PSO,GEN=54_MEMBER=10733_PSO,,
GEN=56_MEMBER=11151_PSO,GEN=53_MEMBER=10697_PSO,,
GEN=56_MEMBER=11153_PSO,GEN=54_MEMBER=10749_PSO,,
GEN=56_MEMBER=11155_PSO,GEN=55_MEMBER=10929_PSO,,
GEN=56_MEMBER=11157_PSO,GEN=55_MEMBER=11055_PSO,,
GEN=56_MEMBER=11159_PSO,GEN=55_MEMBER=10903_PSO,,
GEN=56_MEMBER=11161_PSO,GEN=55_MEMBER=10915_PSO,,
GEN=56_MEMBER=11163_PSO,GEN=53_MEMBER=10503_PSO,,
GEN=56_MEMBER=11165_PSO,GEN=55_MEMBER=10919_PSO,,
GEN=56_MEMBER=11167_PSO,GEN=54_MEMBER=10779_PSO,,
GEN=56_MEMBER=11169_PSO,GEN=54_MEMBER=10775_PSO,,
GEN=56_MEMBER=11171_PSO,GEN=55_MEMBER=10991_PSO,,
GEN=56_MEMBER=11173_PSO,GEN=55_MEMBER=10975_PSO,,
GEN=56_MEMBER=11175_PSO,GEN=53_MEMBER=10513_PSO,,
GEN=56_MEMBER=11177_PSO,GEN=53_MEMBER=10661_PSO,,
GEN=56_MEMBER=11179_PSO,GEN=50_MEMBER=9997_PSO,,
GEN=56_MEMBER=11181_PSO,GEN=55_MEMBER=10957_PSO,,
GEN=56_MEMBER=11183_PSO,GEN=55_MEMBER=10947_PSO,,
GEN=56_MEMBER=11185_PSO,GEN=55_MEMBER=10987_PSO,,
GEN=56_MEMBER=11187_PSO,GEN=51_MEMBER=10283_PSO,,
GEN=56_MEMBER=11189_PSO,GEN=55_MEMBER=10905_PSO,,
GEN=56_MEMBER=11191_PSO,GEN=53_MEMBER=10621_PSO,,
GEN=56_MEMBER=11193_PSO,GEN=55_MEMBER=11047_PSO,,
GEN=56_MEMBER=11195_PSO,GEN=55_MEMBER=11025_PSO,,
GEN=56_MEMBER=11197_PSO,GEN=55_MEMBER=11033_PSO,,
GEN=56_MEMBER=11199_PSO,GEN=54_MEMBER=10713_PSO,,
GEN=56_MEMBER=11201_PSO,GEN=54_MEMBER=10769_PSO,,
GEN=56_MEMBER=11203_PSO,GEN=54_MEMBER=10743_PSO,,
GEN=56_MEMBER=11205_PSO,GEN=55_MEMBER=11031_PSO,,
GEN=56_MEMBER=11207_PSO,GEN=55_MEMBER=10993_PSO,,
GEN=56_MEMBER=11209_PSO,GEN=50_MEMBER=9903_PSO,,
GEN=56_MEMBER=11211_PSO,GEN=55_MEMBER=11015_PSO,,
GEN=56_MEMBER=11213_PSO,GEN=55_MEMBER=10961_PSO,,
GEN=56_MEMBER=11215_PSO,GEN=53_MEMBER=10541_PSO,,
GEN=56_MEMBER=11217_PSO,GEN=55_MEMBER=11075_PSO,,
GEN=56_MEMBER=11219_PSO,GEN=47_MEMBER=9303_PSO,,
GEN=56_MEMBER=11221_PSO,GEN=52_MEMBER=10353_PSO,,
GEN=56_MEMBER=11223_PSO,GEN=54_MEMBER=10855_PSO,,
GEN=56_MEMBER=11225_PSO,GEN=53_MEMBER=10625_PSO,,
GEN=56_MEMBER=11227_PSO,GEN=54_MEMBER=10851_PSO,,
GEN=56_MEMBER=11229_PSO,GEN=55_MEMBER=10995_PSO,,
GEN=56_MEMBER=11231_PSO,GEN=55_MEMBER=11063_PSO,,
GEN=56_MEMBER=11233_PSO,GEN=55_MEMBER=10911_PSO,,
GEN=56_MEMBER=11235_PSO,GEN=53_MEMBER=10589_PSO,,
GEN=56_MEMBER=11237_PSO,GEN=51_MEMBER=10155_PSO,,
GEN=56_MEMBER=11239_PSO,GEN=52_MEMBER=10387_PSO,,
GEN=56_MEMBER=11241_PSO,GEN=49_MEMBER=9869_PSO,,
GEN=56_MEMBER=11243_PSO,GEN=55_MEMBER=11097_PSO,,
GEN=56_MEMBER=11245_PSO,GEN=54_MEMBER=10799_PSO,,
GEN=56_MEMBER=11247_PSO,GEN=55_MEMBER=11053_PSO,,
GEN=56_MEMBER=11249_PSO,GEN=46_MEMBER=9253_PSO,,
GEN=56_MEMBER=11251_PSO,GEN=36_MEMBER=7219_PSO,,
GEN=56_MEMBER=11253_PSO,GEN=51_MEMBER=10167_PSO,,
GEN=56_MEMBER=11255_PSO,GEN=55_MEMBER=10999_PSO,,
GEN=56_MEMBER=11257_PSO,GEN=48_MEMBER=9661_PSO,,
GEN=56_MEMBER=11259_PSO,GEN=50_MEMBER=10065_PSO,,
GEN=56_MEMBER=11261_PSO,GEN=52_MEMBER=10479_PSO,,
GEN=56_MEMBER=11263_PSO,GEN=53_MEMBER=10687_PSO,,
GEN=56_MEMBER=11265_PSO,GEN=50_MEMBER=10051_PSO,,
GEN=56_MEMBER=11267_PSO,GEN=53_MEMBER=10533_PSO,,
GEN=56_MEMBER=11269_PSO,GEN=52_MEMBER=10333_PSO,,
GEN=56_MEMBER=11271_PSO,GEN=51_MEMBER=10127_PSO,,
GEN=56_MEMBER=11273_PSO,GEN=53_MEMBER=10659_PSO,,
GEN=56_MEMBER=11275_PSO,GEN=53_MEMBER=10557_PSO,,
GEN=56_MEMBER=11277_PSO,GEN=54_MEMBER=10831_PSO,,
GEN=56_MEMBER=11279_PSO,GEN=55_MEMBER=10997_PSO,,
GEN=56_MEMBER=11281_PSO,GEN=50_MEMBER=10079_PSO,,
GEN=56_MEMBER=11283_PSO,GEN=53_MEMBER=10677_PSO,,
GEN=56_MEMBER=11285_PSO,GEN=55_MEMBER=10973_PSO,,
GEN=56_MEMBER=11287_PSO,GEN=55_MEMBER=11037_PSO,,
GEN=56_MEMBER=11289_PSO,GEN=55_MEMBER=11057_PSO,,
GEN=56_MEMBER=11291_PSO,GEN=41_MEMBER=8163_PSO,,
GEN=56_MEMBER=11293_PSO,GEN=54_MEMBER=10771_PSO,,
GEN=56_MEMBER=11295_PSO,GEN=51_MEMBER=10293_PSO,,
GEN=56_MEMBER=11297_PSO,GEN=46_MEMBER=9261_PSO,,
GEN=56_MEMBER=11299_PSO,GEN=53_MEMBER=10609_PSO,,
GEN=57_MEMBER=11301_PSO,GEN=56_MEMBER=11243_PSO,,
GEN=57_MEMBER=11303_PSO,GEN=56_MEMBER=11293_PSO,,
GEN=57_MEMBER=11305_PSO,GEN=56_MEMBER=11237_PSO,,
GEN=57_MEMBER=11307_PSO,GEN=56_MEMBER=11113_PSO,,
GEN=57_MEMBER=11309_PSO,GEN=56_MEMBER=11255_PSO,,
GEN=57_MEMBER=11311_PSO,GEN=56_MEMBER=11233_PSO,,
GEN=57_MEMBER=11313_PSO,GEN=56_MEMBER=11159_PSO,,
GEN=57_MEMBER=11315_PSO,GEN=56_MEMBER=11261_PSO,,
GEN=57_MEMBER=11317_PSO,GEN=56_MEMBER=11263_PSO,,
GEN=57_MEMBER=11319_PSO,GEN=56_MEMBER=11225_PSO,,
GEN=57_MEMBER=11321_PSO,GEN=56_MEMBER=11229_PSO,,
GEN=57_MEMBER=11323_PSO,GEN=56_MEMBER=11191_PSO,,
GEN=57_MEMBER=11325_PSO,GEN=56_MEMBER=11279_PSO,,
GEN=57_MEMBER=11327_PSO,GEN=56_MEMBER=11285_PSO,,
GEN=57_MEMBER=11329_PSO,GEN=56_MEMBER=11217_PSO,,
GEN=57_MEMBER=11331_PSO,GEN=54_MEMBER=10833_PSO,,
GEN=57_MEMBER=11333_PSO,GEN=56_MEMBER=11269_PSO,,
GEN=57_MEMBER=11335_PSO,GEN=56_MEMBER=11215_PSO,,
GEN=57_MEMBER=11337_PSO,GEN=56_MEMBER=11223_PSO,,
GEN=57_MEMBER=11339_PSO,GEN=56_MEMBER=11109_PSO,,
GEN=57_MEMBER=11341_PSO,GEN=56_MEMBER=11207_PSO,,
GEN=57_MEMBER=11343_PSO,GEN=55_MEMBER=11077_PSO,,
GEN=57_MEMBER=11345_PSO,GEN=56_MEMBER=11175_PSO,,
GEN=57_MEMBER=11347_PSO,GEN=56_MEMBER=11281_PSO,,
GEN=57_MEMBER=11349_PSO,GEN=56_MEMBER=11273_PSO,,
GEN=57_MEMBER=11351_PSO,GEN=53_MEMBER=10697_PSO,,
GEN=57_MEMBER=11353_PSO,GEN=56_MEMBER=11253_PSO,,
GEN=57_MEMBER=11355_PSO,GEN=56_MEMBER=11249_PSO,,
GEN=57_MEMBER=11357_PSO,GEN=55_MEMBER=11055_PSO,,
GEN=57_MEMBER=11359_PSO,GEN=56_MEMBER=11151_PSO,,
GEN=57_MEMBER=11361_PSO,GEN=56_MEMBER=11267_PSO,,
GEN=57_MEMBER=11363_PSO,GEN=53_MEMBER=10503_PSO,,
GEN=57_MEMBER=11365_PSO,GEN=56_MEMBER=11283_PSO,,
GEN=57_MEMBER=11367_PSO,GEN=54_MEMBER=10779_PSO,,
GEN=57_MEMBER=11369_PSO,GEN=54_MEMBER=10775_PSO,,
GEN=57_MEMBER=11371_PSO,GEN=56_MEMBER=11193_PSO,,
GEN=57_MEMBER=11373_PSO,GEN=55_MEMBER=10975_PSO,,
GEN=57_MEMBER=11375_PSO,GEN=53_MEMBER=10513_PSO,,
GEN=57_MEMBER=11377_PSO,GEN=53_MEMBER=10661_PSO,,
GEN=57_MEMBER=11379_PSO,GEN=50_MEMBER=9997_PSO,,
GEN=57_MEMBER=11381_PSO,GEN=56_MEMBER=11297_PSO,,
GEN=57_MEMBER=11383_PSO,GEN=55_MEMBER=10947_PSO,,
GEN=57_MEMBER=11385_PSO,GEN=56_MEMBER=11289_PSO,,
GEN=57_MEMBER=11387_PSO,GEN=56_MEMBER=11115_PSO,,
GEN=57_MEMBER=11389_PSO,GEN=56_MEMBER=11295_PSO,,
GEN=57_MEMBER=11391_PSO,GEN=56_MEMBER=11143_PSO,,
GEN=57_MEMBER=11393_PSO,GEN=56_MEMBER=11299_PSO,,
GEN=57_MEMBER=11395_PSO,GEN=55_MEMBER=11025_PSO,,
GEN=57_MEMBER=11397_PSO,GEN=56_MEMBER=11201_PSO,,
GEN=57_MEMBER=11399_PSO,GEN=54_MEMBER=10713_PSO,,
GEN=57_MEMBER=11401_PSO,GEN=54_MEMBER=10769_PSO,,
GEN=57_MEMBER=11403_PSO,GEN=56_MEMBER=11227_PSO,,
GEN=57_MEMBER=11405_PSO,GEN=56_MEMBER=11257_PSO,,
GEN=57_MEMBER=11407_PSO,GEN=56_MEMBER=11209_PSO,,
GEN=57_MEMBER=11409_PSO,GEN=50_MEMBER=9903_PSO,,
GEN=57_MEMBER=11411_PSO,GEN=55_MEMBER=11015_PSO,,
GEN=57_MEMBER=11413_PSO,GEN=55_MEMBER=10961_PSO,,
GEN=57_MEMBER=11415_PSO,GEN=53_MEMBER=10541_PSO,,
GEN=57_MEMBER=11417_PSO,GEN=55_MEMBER=11075_PSO,,
GEN=57_MEMBER=11419_PSO,GEN=47_MEMBER=9303_PSO,,
GEN=57_MEMBER=11421_PSO,GEN=52_MEMBER=10353_PSO,,
GEN=57_MEMBER=11423_PSO,GEN=54_MEMBER=10855_PSO,,
GEN=57_MEMBER=11425_PSO,GEN=53_MEMBER=10625_PSO,,
GEN=57_MEMBER=11427_PSO,GEN=54_MEMBER=10851_PSO,,
GEN=57_MEMBER=11429_PSO,GEN=56_MEMBER=11197_PSO,,
GEN=57_MEMBER=11431_PSO,GEN=55_MEMBER=11063_PSO,,
GEN=57_MEMBER=11433_PSO,GEN=55_MEMBER=10911_PSO,,
GEN=57_MEMBER=11435_PSO,GEN=56_MEMBER=11287_PSO,,
GEN=57_MEMBER=11437_PSO,GEN=56_MEMBER=11119_PSO,,
GEN=57_MEMBER=11439_PSO,GEN=56_MEMBER=11153_PSO,,
GEN=57_MEMBER=11441_PSO,GEN=56_MEMBER=11103_PSO,,
GEN=57_MEMBER=11443_PSO,GEN=55_MEMBER=11097_PSO,,
GEN=57_MEMBER=11445_PSO,GEN=56_MEMBER=11205_PSO,,
GEN=57_MEMBER=11447_PSO,GEN=55_MEMBER=11053_PSO,,
GEN=57_MEMBER=11449_PSO,GEN=46_MEMBER=9253_PSO,,
GEN=57_MEMBER=11451_PSO,GEN=36_MEMBER=7219_PSO,,
GEN=57_MEMBER=11453_PSO,GEN=51_MEMBER=10167_PSO,,
GEN=57_MEMBER=11455_PSO,GEN=55_MEMBER=10999_PSO,,
GEN=57_MEMBER=11457_PSO,GEN=48_MEMBER=9661_PSO,,
GEN=57_MEMBER=11459_PSO,GEN=50_MEMBER=10065_PSO,,
GEN=57_MEMBER=11461_PSO,GEN=52_MEMBER=10479_PSO,,
GEN=57_MEMBER=11463_PSO,GEN=53_MEMBER=10687_PSO,,
GEN=57_MEMBER=11465_PSO,GEN=50_MEMBER=10051_PSO,,
GEN=57_MEMBER=11467_PSO,GEN=53_MEMBER=10533_PSO,,
GEN=57_MEMBER=11469_PSO,GEN=52_MEMBER=10333_PSO,,
GEN=57_MEMBER=11471_PSO,GEN=51_MEMBER=10127_PSO,,
GEN=57_MEMBER=11473_PSO,GEN=56_MEMBER=11277_PSO,,
GEN=57_MEMBER=11475_PSO,GEN=53_MEMBER=10557_PSO,,
GEN=57_MEMBER=11477_PSO,GEN=56_MEMBER=11165_PSO,,
GEN=57_MEMBER=11479_PSO,GEN=55_MEMBER=10997_PSO,,
GEN=57_MEMBER=11481_PSO,GEN=50_MEMBER=10079_PSO,,
GEN=57_MEMBER=11483_PSO,GEN=53_MEMBER=10677_PSO,,
GEN=57_MEMBER=11485_PSO,GEN=55_MEMBER=10973_PSO,,
GEN=57_MEMBER=11487_PSO,GEN=55_MEMBER=11037_PSO,,
GEN=57_MEMBER=11489_PSO,GEN=56_MEMBER=11259_PSO,,
GEN=57_MEMBER=11491_PSO,GEN=41_MEMBER=8163_PSO,,
GEN=57_MEMBER=11493_PSO,GEN=56_MEMBER=11219_PSO,,
GEN=57_MEMBER=11495_PSO,GEN=51_MEMBER=10293_PSO,,
GEN=57_MEMBER=11497_PSO,GEN=56_MEMBER=11129_PSO,,
GEN=57_MEMBER=11499_PSO,GEN=53_MEMBER=10609_PSO,,
GEN=58_MEMBER=11501_PSO,GEN=57_MEMBER=11409_PSO,,
GEN=58_MEMBER=11503_PSO,GEN=57_MEMBER=11469_PSO,,
GEN=58_MEMBER=11505_PSO,GEN=57_MEMBER=11447_PSO,,
GEN=58_MEMBER=11507_PSO,GEN=57_MEMBER=11443_PSO,,
GEN=58_MEMBER=11509_PSO,GEN=57_MEMBER=11499_PSO,,
GEN=58_MEMBER=11511_PSO,GEN=57_MEMBER=11471_PSO,,
GEN=58_MEMBER=11513_PSO,GEN=57_MEMBER=11351_PSO,,
GEN=58_MEMBER=11515_PSO,GEN=57_MEMBER=11317_PSO,,
GEN=58_MEMBER=11517_PSO,GEN=57_MEMBER=11363_PSO,,
GEN=58_MEMBER=11519_PSO,GEN=57_MEMBER=11325_PSO,,
GEN=58_MEMBER=11521_PSO,GEN=56_MEMBER=11229_PSO,,
GEN=58_MEMBER=11523_PSO,GEN=56_MEMBER=11191_PSO,,
GEN=58_MEMBER=11525_PSO,GEN=56_MEMBER=11279_PSO,,
GEN=58_MEMBER=11527_PSO,GEN=56_MEMBER=11285_PSO,,
GEN=58_MEMBER=11529_PSO,GEN=57_MEMBER=11461_PSO,,
GEN=58_MEMBER=11531_PSO,GEN=57_MEMBER=11497_PSO,,
GEN=58_MEMBER=11533_PSO,GEN=56_MEMBER=11269_PSO,,
GEN=58_MEMBER=11535_PSO,GEN=57_MEMBER=11481_PSO,,
GEN=58_MEMBER=11537_PSO,GEN=57_MEMBER=11479_PSO,,
GEN=58_MEMBER=11539_PSO,GEN=57_MEMBER=11379_PSO,,
GEN=58_MEMBER=11541_PSO,GEN=57_MEMBER=11491_PSO,,
GEN=58_MEMBER=11543_PSO,GEN=57_MEMBER=11445_PSO,,
GEN=58_MEMBER=11545_PSO,GEN=57_MEMBER=11377_PSO,,
GEN=58_MEMBER=11547_PSO,GEN=57_MEMBER=11423_PSO,,
GEN=58_MEMBER=11549_PSO,GEN=56_MEMBER=11273_PSO,,
GEN=58_MEMBER=11551_PSO,GEN=57_MEMBER=11493_PSO,,
GEN=58_MEMBER=11553_PSO,GEN=56_MEMBER=11253_PSO,,
GEN=58_MEMBER=11555_PSO,GEN=57_MEMBER=11415_PSO,,
GEN=58_MEMBER=11557_PSO,GEN=57_MEMBER=11427_PSO,,
GEN=58_MEMBER=11559_PSO,GEN=56_MEMBER=11151_PSO,,
GEN=58_MEMBER=11561_PSO,GEN=56_MEMBER=11267_PSO,,
GEN=58_MEMBER=11563_PSO,GEN=57_MEMBER=11369_PSO,,
GEN=58_MEMBER=11565_PSO,GEN=56_MEMBER=11283_PSO,,
GEN=58_MEMBER=11567_PSO,GEN=57_MEMBER=11449_PSO,,
GEN=58_MEMBER=11569_PSO,GEN=57_MEMBER=11319_PSO,,
GEN=58_MEMBER=11571_PSO,GEN=57_MEMBER=11487_PSO,,
GEN=58_MEMBER=11573_PSO,GEN=55_MEMBER=10975_PSO,,
GEN=58_MEMBER=11575_PSO,GEN=57_MEMBER=11361_PSO,,
GEN=58_MEMBER=11577_PSO,GEN=53_MEMBER=10661_PSO,,
GEN=58_MEMBER=11579_PSO,GEN=50_MEMBER=9997_PSO,,
GEN=58_MEMBER=11581_PSO,GEN=56_MEMBER=11297_PSO,,
GEN=58_MEMBER=11583_PSO,GEN=55_MEMBER=10947_PSO,,
GEN=58_MEMBER=11585_PSO,GEN=56_MEMBER=11289_PSO,,
GEN=58_MEMBER=11587_PSO,GEN=57_MEMBER=11477_PSO,,
GEN=58_MEMBER=11589_PSO,GEN=57_MEMBER=11391_PSO,,
GEN=58_MEMBER=11591_PSO,GEN=57_MEMBER=11459_PSO,,
GEN=58_MEMBER=11593_PSO,GEN=57_MEMBER=11411_PSO,,
GEN=58_MEMBER=11595_PSO,GEN=55_MEMBER=11025_PSO,,
GEN=58_MEMBER=11597_PSO,GEN=56_MEMBER=11201_PSO,,
GEN=58_MEMBER=11599_PSO,GEN=54_MEMBER=10713_PSO,,
GEN=58_MEMBER=11601_PSO,GEN=54_MEMBER=10769_PSO,,
GEN=58_MEMBER=11603_PSO,GEN=56_MEMBER=11227_PSO,,
GEN=58_MEMBER=11605_PSO,GEN=56_MEMBER=11257_PSO,,
GEN=58_MEMBER=11607_PSO,GEN=56_MEMBER=11209_PSO,,
GEN=58_MEMBER=11609_PSO,GEN=50_MEMBER=9903_PSO,,
GEN=58_MEMBER=11611_PSO,GEN=55_MEMBER=11015_PSO,,
GEN=58_MEMBER=11613_PSO,GEN=57_MEMBER=11437_PSO,,
GEN=58_MEMBER=11615_PSO,GEN=57_MEMBER=11453_PSO,,
GEN=58_MEMBER=11617_PSO,GEN=55_MEMBER=11075_PSO,,
GEN=58_MEMBER=11619_PSO,GEN=47_MEMBER=9303_PSO,,
GEN=58_MEMBER=11621_PSO,GEN=57_MEMBER=11489_PSO,,
GEN=58_MEMBER=11623_PSO,GEN=57_MEMBER=11303_PSO,,
GEN=58_MEMBER=11625_PSO,GEN=53_MEMBER=10625_PSO,,
GEN=58_MEMBER=11627_PSO,GEN=57_MEMBER=11397_PSO,,
GEN=58_MEMBER=11629_PSO,GEN=56_MEMBER=11197_PSO,,
GEN=58_MEMBER=11631_PSO,GEN=55_MEMBER=11063_PSO,,
GEN=58_MEMBER=11633_PSO,GEN=55_MEMBER=10911_PSO,,
GEN=58_MEMBER=11635_PSO,GEN=56_MEMBER=11287_PSO,,
GEN=58_MEMBER=11637_PSO,GEN=57_MEMBER=11451_PSO,,
GEN=58_MEMBER=11639_PSO,GEN=57_MEMBER=11337_PSO,,
GEN=58_MEMBER=11641_PSO,GEN=56_MEMBER=11103_PSO,,
GEN=58_MEMBER=11643_PSO,GEN=55_MEMBER=11097_PSO,,
GEN=58_MEMBER=11645_PSO,GEN=56_MEMBER=11205_PSO,,
GEN=58_MEMBER=11647_PSO,GEN=55_MEMBER=11053_PSO,,
GEN=58_MEMBER=11649_PSO,GEN=46_MEMBER=9253_PSO,,
GEN=58_MEMBER=11651_PSO,GEN=36_MEMBER=7219_PSO,,
GEN=58_MEMBER=11653_PSO,GEN=57_MEMBER=11455_PSO,,
GEN=58_MEMBER=11655_PSO,GEN=57_MEMBER=11405_PSO,,
GEN=58_MEMBER=11657_PSO,GEN=48_MEMBER=9661_PSO,,
GEN=58_MEMBER=11659_PSO,GEN=50_MEMBER=10065_PSO,,
GEN=58_MEMBER=11661_PSO,GEN=52_MEMBER=10479_PSO,,
GEN=58_MEMBER=11663_PSO,GEN=53_MEMBER=10687_PSO,,
GEN=58_MEMBER=11665_PSO,GEN=50_MEMBER=10051_PSO,,
GEN=58_MEMBER=11667_PSO,GEN=57_MEMBER=11441_PSO,,
GEN=58_MEMBER=11669_PSO,GEN=52_MEMBER=10333_PSO,,
GEN=58_MEMBER=11671_PSO,GEN=51_MEMBER=10127_PSO,,
GEN=58_MEMBER=11673_PSO,GEN=56_MEMBER=11277_PSO,,
GEN=58_MEMBER=11675_PSO,GEN=53_MEMBER=10557_PSO,,
GEN=58_MEMBER=11677_PSO,GEN=57_MEMBER=11309_PSO,,
GEN=58_MEMBER=11679_PSO,GEN=55_MEMBER=10997_PSO,,
GEN=58_MEMBER=11681_PSO,GEN=50_MEMBER=10079_PSO,,
GEN=58_MEMBER=11683_PSO,GEN=53_MEMBER=10677_PSO,,
GEN=58_MEMBER=11685_PSO,GEN=55_MEMBER=10973_PSO,,
GEN=58_MEMBER=11687_PSO,GEN=55_MEMBER=11037_PSO,,
GEN=58_MEMBER=11689_PSO,GEN=56_MEMBER=11259_PSO,,
GEN=58_MEMBER=11691_PSO,GEN=41_MEMBER=8163_PSO,,
GEN=58_MEMBER=11693_PSO,GEN=56_MEMBER=11219_PSO,,
GEN=58_MEMBER=11695_PSO,GEN=57_MEMBER=11495_PSO,,
GEN=58_MEMBER=11697_PSO,GEN=56_MEMBER=11129_PSO,,
GEN=58_MEMBER=11699_PSO,GEN=53_MEMBER=10609_PSO,,
GEN=59_MEMBER=11701_PSO,GEN=58_MEMBER=11699_PSO,,
GEN=59_MEMBER=11703_PSO,GEN=58_MEMBER=11681_PSO,,
GEN=59_MEMBER=11705_PSO,GEN=58_MEMBER=11697_PSO,,
GEN=59_MEMBER=11707_PSO,GEN=58_MEMBER=11671_PSO,,
GEN=59_MEMBER=11709_PSO,GEN=58_MEMBER=11679_PSO,,
GEN=59_MEMBER=11711_PSO,GEN=58_MEMBER=11627_PSO,,
GEN=59_MEMBER=11713_PSO,GEN=58_MEMBER=11687_PSO,,
GEN=59_MEMBER=11715_PSO,GEN=58_MEMBER=11695_PSO,,
GEN=59_MEMBER=11717_PSO,GEN=58_MEMBER=11693_PSO,,
GEN=59_MEMBER=11719_PSO,GEN=57_MEMBER=11325_PSO,,
GEN=59_MEMBER=11721_PSO,GEN=58_MEMBER=11651_PSO,,
GEN=59_MEMBER=11723_PSO,GEN=56_MEMBER=11191_PSO,,
GEN=59_MEMBER=11725_PSO,GEN=56_MEMBER=11279_PSO,,
GEN=59_MEMBER=11727_PSO,GEN=56_MEMBER=11285_PSO,,
GEN=59_MEMBER=11729_PSO,GEN=58_MEMBER=11581_PSO,,
GEN=59_MEMBER=11731_PSO,GEN=58_MEMBER=11673_PSO,,
GEN=59_MEMBER=11733_PSO,GEN=56_MEMBER=11269_PSO,,
GEN=59_MEMBER=11735_PSO,GEN=57_MEMBER=11481_PSO,,
GEN=59_MEMBER=11737_PSO,GEN=58_MEMBER=11573_PSO,,
GEN=59_MEMBER=11739_PSO,GEN=57_MEMBER=11379_PSO,,
GEN=59_MEMBER=11741_PSO,GEN=58_MEMBER=11557_PSO,,
GEN=59_MEMBER=11743_PSO,GEN=57_MEMBER=11445_PSO,,
GEN=59_MEMBER=11745_PSO,GEN=58_MEMBER=11609_PSO,,
GEN=59_MEMBER=11747_PSO,GEN=58_MEMBER=11615_PSO,,
GEN=59_MEMBER=11749_PSO,GEN=58_MEMBER=11553_PSO,,
GEN=59_MEMBER=11751_PSO,GEN=58_MEMBER=11527_PSO,,
GEN=59_MEMBER=11753_PSO,GEN=58_MEMBER=11601_PSO,,
GEN=59_MEMBER=11755_PSO,GEN=58_MEMBER=11649_PSO,,
GEN=59_MEMBER=11757_PSO,GEN=58_MEMBER=11635_PSO,,
GEN=59_MEMBER=11759_PSO,GEN=58_MEMBER=11531_PSO,,
GEN=59_MEMBER=11761_PSO,GEN=56_MEMBER=11267_PSO,,
GEN=59_MEMBER=11763_PSO,GEN=58_MEMBER=11657_PSO,,
GEN=59_MEMBER=11765_PSO,GEN=58_MEMBER=11633_PSO,,
GEN=59_MEMBER=11767_PSO,GEN=57_MEMBER=11449_PSO,,
GEN=59_MEMBER=11769_PSO,GEN=58_MEMBER=11653_PSO,,
GEN=59_MEMBER=11771_PSO,GEN=58_MEMBER=11607_PSO,,
GEN=59_MEMBER=11773_PSO,GEN=55_MEMBER=10975_PSO,,
GEN=59_MEMBER=11775_PSO,GEN=58_MEMBER=11625_PSO,,
GEN=59_MEMBER=11777_PSO,GEN=58_MEMBER=11595_PSO,,
GEN=59_MEMBER=11779_PSO,GEN=50_MEMBER=9997_PSO,,
GEN=59_MEMBER=11781_PSO,GEN=58_MEMBER=11567_PSO,,
GEN=59_MEMBER=11783_PSO,GEN=55_MEMBER=10947_PSO,,
GEN=59_MEMBER=11785_PSO,GEN=56_MEMBER=11289_PSO,,
GEN=59_MEMBER=11787_PSO,GEN=57_MEMBER=11477_PSO,,
GEN=59_MEMBER=11789_PSO,GEN=57_MEMBER=11391_PSO,,
GEN=59_MEMBER=11791_PSO,GEN=58_MEMBER=11535_PSO,,
GEN=59_MEMBER=11793_PSO,GEN=58_MEMBER=11669_PSO,,
GEN=59_MEMBER=11795_PSO,GEN=55_MEMBER=11025_PSO,,
GEN=59_MEMBER=11797_PSO,GEN=58_MEMBER=11659_PSO,,
GEN=59_MEMBER=11799_PSO,GEN=58_MEMBER=11623_PSO,,
GEN=59_MEMBER=11801_PSO,GEN=58_MEMBER=11663_PSO,,
GEN=59_MEMBER=11803_PSO,GEN=56_MEMBER=11227_PSO,,
GEN=59_MEMBER=11805_PSO,GEN=58_MEMBER=11617_PSO,,
GEN=59_MEMBER=11807_PSO,GEN=58_MEMBER=11647_PSO,,
GEN=59_MEMBER=11809_PSO,GEN=50_MEMBER=9903_PSO,,
GEN=59_MEMBER=11811_PSO,GEN=58_MEMBER=11591_PSO,,
GEN=59_MEMBER=11813_PSO,GEN=57_MEMBER=11437_PSO,,
GEN=59_MEMBER=11815_PSO,GEN=57_MEMBER=11453_PSO,,
GEN=59_MEMBER=11817_PSO,GEN=58_MEMBER=11613_PSO,,
GEN=59_MEMBER=11819_PSO,GEN=47_MEMBER=9303_PSO,,
GEN=59_MEMBER=11821_PSO,GEN=58_MEMBER=11559_PSO,,
GEN=59_MEMBER=11823_PSO,GEN=57_MEMBER=11303_PSO,,
GEN=59_MEMBER=11825_PSO,GEN=53_MEMBER=10625_PSO,,
GEN=59_MEMBER=11827_PSO,GEN=57_MEMBER=11397_PSO,,
GEN=59_MEMBER=11829_PSO,GEN=58_MEMBER=11577_PSO,,
GEN=59_MEMBER=11831_PSO,GEN=55_MEMBER=11063_PSO,,
GEN=59_MEMBER=11833_PSO,GEN=55_MEMBER=10911_PSO,,
GEN=59_MEMBER=11835_PSO,GEN=56_MEMBER=11287_PSO,,
GEN=59_MEMBER=11837_PSO,GEN=57_MEMBER=11451_PSO,,
GEN=59_MEMBER=11839_PSO,GEN=57_MEMBER=11337_PSO,,
GEN=59_MEMBER=11841_PSO,GEN=56_MEMBER=11103_PSO,,
GEN=59_MEMBER=11843_PSO,GEN=58_MEMBER=11533_PSO,,
GEN=59_MEMBER=11845_PSO,GEN=56_MEMBER=11205_PSO,,
GEN=59_MEMBER=11847_PSO,GEN=55_MEMBER=11053_PSO,,
GEN=59_MEMBER=11849_PSO,GEN=58_MEMBER=11637_PSO,,
GEN=59_MEMBER=11851_PSO,GEN=58_MEMBER=11563_PSO,,
GEN=59_MEMBER=11853_PSO,GEN=58_MEMBER=11537_PSO,,
GEN=59_MEMBER=11855_PSO,GEN=57_MEMBER=11405_PSO,,
GEN=59_MEMBER=11857_PSO,GEN=58_MEMBER=11665_PSO,,
GEN=59_MEMBER=11859_PSO,GEN=58_MEMBER=11631_PSO,,
GEN=59_MEMBER=11861_PSO,GEN=52_MEMBER=10479_PSO,,
GEN=59_MEMBER=11863_PSO,GEN=53_MEMBER=10687_PSO,,
GEN=59_MEMBER=11865_PSO,GEN=50_MEMBER=10051_PSO,,
GEN=59_MEMBER=11867_PSO,GEN=58_MEMBER=11629_PSO,,
GEN=59_MEMBER=11869_PSO,GEN=58_MEMBER=11587_PSO,,
GEN=59_MEMBER=11871_PSO,GEN=51_MEMBER=10127_PSO,,
GEN=59_MEMBER=11873_PSO,GEN=56_MEMBER=11277_PSO,,
GEN=59_MEMBER=11875_PSO,GEN=58_MEMBER=11691_PSO,,
GEN=59_MEMBER=11877_PSO,GEN=57_MEMBER=11309_PSO,,
GEN=59_MEMBER=11879_PSO,GEN=55_MEMBER=10997_PSO,,
GEN=59_MEMBER=11881_PSO,GEN=50_MEMBER=10079_PSO,,
GEN=59_MEMBER=11883_PSO,GEN=53_MEMBER=10677_PSO,,
GEN=59_MEMBER=11885_PSO,GEN=55_MEMBER=10973_PSO,,
GEN=59_MEMBER=11887_PSO,GEN=55_MEMBER=11037_PSO,,
GEN=59_MEMBER=11889_PSO,GEN=56_MEMBER=11259_PSO,,
GEN=59_MEMBER=11891_PSO,GEN=41_MEMBER=8163_PSO,,
GEN=59_MEMBER=11893_PSO,GEN=56_MEMBER=11219_PSO,,
GEN=59_MEMBER=11895_PSO,GEN=57_MEMBER=11495_PSO,,
GEN=59_MEMBER=11897_PSO,GEN=56_MEMBER=11129_PSO,,
GEN=59_MEMBER=11899_PSO,GEN=53_MEMBER=10609_PSO,,
GEN=60_MEMBER=11901_PSO,GEN=59_MEMBER=11893_PSO,,
GEN=60_MEMBER=11903_PSO,GEN=59_MEMBER=11807_PSO,,
GEN=60_MEMBER=11905_PSO,GEN=59_MEMBER=11821_PSO,,
GEN=60_MEMBER=11907_PSO,GEN=59_MEMBER=11839_PSO,,
GEN=60_MEMBER=11909_PSO,GEN=59_MEMBER=11861_PSO,,
GEN=60_MEMBER=11911_PSO,GEN=59_MEMBER=11749_PSO,,
GEN=60_MEMBER=11913_PSO,GEN=59_MEMBER=11891_PSO,,
GEN=60_MEMBER=11915_PSO,GEN=59_MEMBER=11759_PSO,,
GEN=60_MEMBER=11917_PSO,GEN=59_MEMBER=11745_PSO,,
GEN=60_MEMBER=11919_PSO,GEN=59_MEMBER=11871_PSO,,
GEN=60_MEMBER=11921_PSO,GEN=59_MEMBER=11791_PSO,,
GEN=60_MEMBER=11923_PSO,GEN=59_MEMBER=11849_PSO,,
GEN=60_MEMBER=11925_PSO,GEN=59_MEMBER=11825_PSO,,
GEN=60_MEMBER=11927_PSO,GEN=59_MEMBER=11813_PSO,,
GEN=60_MEMBER=11929_PSO,GEN=58_MEMBER=11581_PSO,,
GEN=60_MEMBER=11931_PSO,GEN=59_MEMBER=11727_PSO,,
GEN=60_MEMBER=11933_PSO,GEN=56_MEMBER=11269_PSO,,
GEN=60_MEMBER=11935_PSO,GEN=59_MEMBER=11859_PSO,,
GEN=60_MEMBER=11937_PSO,GEN=59_MEMBER=11765_PSO,,
GEN=60_MEMBER=11939_PSO,GEN=59_MEMBER=11843_PSO,,
GEN=60_MEMBER=11941_PSO,GEN=59_MEMBER=11761_PSO,,
GEN=60_MEMBER=11943_PSO,GEN=59_MEMBER=11795_PSO,,
GEN=60_MEMBER=11945_PSO,GEN=58_MEMBER=11609_PSO,,
GEN=60_MEMBER=11947_PSO,GEN=59_MEMBER=11743_PSO,,
GEN=60_MEMBER=11949_PSO,GEN=58_MEMBER=11553_PSO,,
GEN=60_MEMBER=11951_PSO,GEN=58_MEMBER=11527_PSO,,
GEN=60_MEMBER=11953_PSO,GEN=59_MEMBER=11705_PSO,,
GEN=60_MEMBER=11955_PSO,GEN=59_MEMBER=11779_PSO,,
GEN=60_MEMBER=11957_PSO,GEN=59_MEMBER=11827_PSO,,
GEN=60_MEMBER=11959_PSO,GEN=59_MEMBER=11809_PSO,,
GEN=60_MEMBER=11961_PSO,GEN=59_MEMBER=11805_PSO,,
GEN=60_MEMBER=11963_PSO,GEN=58_MEMBER=11657_PSO,,
GEN=60_MEMBER=11965_PSO,GEN=58_MEMBER=11633_PSO,,
GEN=60_MEMBER=11967_PSO,GEN=57_MEMBER=11449_PSO,,
GEN=60_MEMBER=11969_PSO,GEN=59_MEMBER=11887_PSO,,
GEN=60_MEMBER=11971_PSO,GEN=59_MEMBER=11755_PSO,,
GEN=60_MEMBER=11973_PSO,GEN=59_MEMBER=11875_PSO,,
GEN=60_MEMBER=11975_PSO,GEN=59_MEMBER=11879_PSO,,
GEN=60_MEMBER=11977_PSO,GEN=59_MEMBER=11707_PSO,,
GEN=60_MEMBER=11979_PSO,GEN=50_MEMBER=9997_PSO,,
GEN=60_MEMBER=11981_PSO,GEN=59_MEMBER=11767_PSO,,
GEN=60_MEMBER=11983_PSO,GEN=55_MEMBER=10947_PSO,,
GEN=60_MEMBER=11985_PSO,GEN=56_MEMBER=11289_PSO,,
GEN=60_MEMBER=11987_PSO,GEN=59_MEMBER=11895_PSO,,
GEN=60_MEMBER=11989_PSO,GEN=57_MEMBER=11391_PSO,,
GEN=60_MEMBER=11991_PSO,GEN=59_MEMBER=11897_PSO,,
GEN=60_MEMBER=11993_PSO,GEN=59_MEMBER=11835_PSO,,
GEN=60_MEMBER=11995_PSO,GEN=55_MEMBER=11025_PSO,,
GEN=60_MEMBER=11997_PSO,GEN=59_MEMBER=11881_PSO,,
GEN=60_MEMBER=11999_PSO,GEN=58_MEMBER=11623_PSO,,
GEN=60_MEMBER=12001_PSO,GEN=59_MEMBER=11853_PSO,,
GEN=60_MEMBER=12003_PSO,GEN=56_MEMBER=11227_PSO,,
GEN=60_MEMBER=12005_PSO,GEN=59_MEMBER=11799_PSO,,
GEN=60_MEMBER=12007_PSO,GEN=59_MEMBER=11841_PSO,,
GEN=60_MEMBER=12009_PSO,GEN=59_MEMBER=11883_PSO,,
GEN=60_MEMBER=12011_PSO,GEN=59_MEMBER=11709_PSO,,
GEN=60_MEMBER=12013_PSO,GEN=57_MEMBER=11437_PSO,,
GEN=60_MEMBER=12015_PSO,GEN=57_MEMBER=11453_PSO,,
GEN=60_MEMBER=12017_PSO,GEN=58_MEMBER=11613_PSO,,
GEN=60_MEMBER=12019_PSO,GEN=47_MEMBER=9303_PSO,,
GEN=60_MEMBER=12021_PSO,GEN=59_MEMBER=11851_PSO,,
GEN=60_MEMBER=12023_PSO,GEN=57_MEMBER=11303_PSO,,
GEN=60_MEMBER=12025_PSO,GEN=53_MEMBER=10625_PSO,,
GEN=60_MEMBER=12027_PSO,GEN=57_MEMBER=11397_PSO,,
GEN=60_MEMBER=12029_PSO,GEN=59_MEMBER=11775_PSO,,
GEN=60_MEMBER=12031_PSO,GEN=55_MEMBER=11063_PSO,,
GEN=60_MEMBER=12033_PSO,GEN=59_MEMBER=11857_PSO,,
GEN=60_MEMBER=12035_PSO,GEN=56_MEMBER=11287_PSO,,
GEN=60_MEMBER=12037_PSO,GEN=57_MEMBER=11451_PSO,,
GEN=60_MEMBER=12039_PSO,GEN=57_MEMBER=11337_PSO,,
GEN=60_MEMBER=12041_PSO,GEN=56_MEMBER=11103_PSO,,
GEN=60_MEMBER=12043_PSO,GEN=58_MEMBER=11533_PSO,,
GEN=60_MEMBER=12045_PSO,GEN=56_MEMBER=11205_PSO,,
GEN=60_MEMBER=12047_PSO,GEN=55_MEMBER=11053_PSO,,
GEN=60_MEMBER=12049_PSO,GEN=58_MEMBER=11637_PSO,,
GEN=60_MEMBER=12051_PSO,GEN=58_MEMBER=11563_PSO,,
GEN=60_MEMBER=12053_PSO,GEN=58_MEMBER=11537_PSO,,
GEN=60_MEMBER=12055_PSO,GEN=57_MEMBER=11405_PSO,,
GEN=60_MEMBER=12057_PSO,GEN=58_MEMBER=11665_PSO,,
GEN=60_MEMBER=12059_PSO,GEN=59_MEMBER=11833_PSO,,
GEN=60_MEMBER=12061_PSO,GEN=59_MEMBER=11751_PSO,,
GEN=60_MEMBER=12063_PSO,GEN=59_MEMBER=11721_PSO,,
GEN=60_MEMBER=12065_PSO,GEN=50_MEMBER=10051_PSO,,
GEN=60_MEMBER=12067_PSO,GEN=58_MEMBER=11629_PSO,,
GEN=60_MEMBER=12069_PSO,GEN=58_MEMBER=11587_PSO,,
GEN=60_MEMBER=12071_PSO,GEN=59_MEMBER=11899_PSO,,
GEN=60_MEMBER=12073_PSO,GEN=56_MEMBER=11277_PSO,,
GEN=60_MEMBER=12075_PSO,GEN=58_MEMBER=11691_PSO,,
GEN=60_MEMBER=12077_PSO,GEN=59_MEMBER=11867_PSO,,
GEN=60_MEMBER=12079_PSO,GEN=55_MEMBER=10997_PSO,,
GEN=60_MEMBER=12081_PSO,GEN=59_MEMBER=11877_PSO,,
GEN=60_MEMBER=12083_PSO,GEN=53_MEMBER=10677_PSO,,
GEN=60_MEMBER=12085_PSO,GEN=55_MEMBER=10973_PSO,,
GEN=60_MEMBER=12087_PSO,GEN=55_MEMBER=11037_PSO,,
GEN=60_MEMBER=12089_PSO,GEN=56_MEMBER=11259_PSO,,
GEN=60_MEMBER=12091_PSO,GEN=59_MEMBER=11889_PSO,,
GEN=60_MEMBER=12093_PSO,GEN=56_MEMBER=11219_PSO,,
GEN=60_MEMBER=12095_PSO,GEN=57_MEMBER=11495_PSO,,
GEN=60_MEMBER=12097_PSO,GEN=56_MEMBER=11129_PSO,,
GEN=60_MEMBER=12099_PSO,GEN=53_MEMBER=10609_PSO,,
GEN=61_MEMBER=12101_PSO,GEN=60_MEMBER=12081_PSO,,
GEN=61_MEMBER=12103_PSO,GEN=60_MEMBER=12057_PSO,,
GEN=61_MEMBER=12105_PSO,GEN=60_MEMBER=12023_PSO,,
GEN=61_MEMBER=12107_PSO,GEN=60_MEMBER=12049_PSO,,
GEN=61_MEMBER=12109_PSO,GEN=60_MEMBER=11973_PSO,,
GEN=61_MEMBER=12111_PSO,GEN=60_MEMBER=11967_PSO,,
GEN=61_MEMBER=12113_PSO,GEN=59_MEMBER=11891_PSO,,
GEN=61_MEMBER=12115_PSO,GEN=60_MEMBER=11991_PSO,,
GEN=61_MEMBER=12117_PSO,GEN=60_MEMBER=12041_PSO,,
GEN=61_MEMBER=12119_PSO,GEN=60_MEMBER=12099_PSO,,
GEN=61_MEMBER=12121_PSO,GEN=59_MEMBER=11791_PSO,,
GEN=61_MEMBER=12123_PSO,GEN=60_MEMBER=12095_PSO,,
GEN=61_MEMBER=12125_PSO,GEN=60_MEMBER=12031_PSO,,
GEN=61_MEMBER=12127_PSO,GEN=60_MEMBER=12071_PSO,,
GEN=61_MEMBER=12129_PSO,GEN=60_MEMBER=11921_PSO,,
GEN=61_MEMBER=12131_PSO,GEN=60_MEMBER=12097_PSO,,
GEN=61_MEMBER=12133_PSO,GEN=60_MEMBER=12069_PSO,,
GEN=61_MEMBER=12135_PSO,GEN=60_MEMBER=12059_PSO,,
GEN=61_MEMBER=12137_PSO,GEN=60_MEMBER=12077_PSO,,
GEN=61_MEMBER=12139_PSO,GEN=59_MEMBER=11843_PSO,,
GEN=61_MEMBER=12141_PSO,GEN=59_MEMBER=11761_PSO,,
GEN=61_MEMBER=12143_PSO,GEN=60_MEMBER=12021_PSO,,
GEN=61_MEMBER=12145_PSO,GEN=58_MEMBER=11609_PSO,,
GEN=61_MEMBER=12147_PSO,GEN=60_MEMBER=12039_PSO,,
GEN=61_MEMBER=12149_PSO,GEN=60_MEMBER=11923_PSO,,
GEN=61_MEMBER=12151_PSO,GEN=60_MEMBER=11999_PSO,,
GEN=61_MEMBER=12153_PSO,GEN=60_MEMBER=12029_PSO,,
GEN=61_MEMBER=12155_PSO,GEN=60_MEMBER=12087_PSO,,
GEN=61_MEMBER=12157_PSO,GEN=60_MEMBER=11993_PSO,,
GEN=61_MEMBER=12159_PSO,GEN=60_MEMBER=11983_PSO,,
GEN=61_MEMBER=12161_PSO,GEN=60_MEMBER=11903_PSO,,
GEN=61_MEMBER=12163_PSO,GEN=60_MEMBER=11957_PSO,,
GEN=61_MEMBER=12165_PSO,GEN=60_MEMBER=12047_PSO,,
GEN=61_MEMBER=12167_PSO,GEN=57_MEMBER=11449_PSO,,
GEN=61_MEMBER=12169_PSO,GEN=59_MEMBER=11887_PSO,,
GEN=61_MEMBER=12171_PSO,GEN=59_MEMBER=11755_PSO,,
GEN=61_MEMBER=12173_PSO,GEN=60_MEMBER=11987_PSO,,
GEN=61_MEMBER=12175_PSO,GEN=59_MEMBER=11879_PSO,,
GEN=61_MEMBER=12177_PSO,GEN=59_MEMBER=11707_PSO,,
GEN=61_MEMBER=12179_PSO,GEN=50_MEMBER=9997_PSO,,
GEN=61_MEMBER=12181_PSO,GEN=59_MEMBER=11767_PSO,,
GEN=61_MEMBER=12183_PSO,GEN=60_MEMBER=11917_PSO,,
GEN=61_MEMBER=12185_PSO,GEN=56_MEMBER=11289_PSO,,
GEN=61_MEMBER=12187_PSO,GEN=59_MEMBER=11895_PSO,,
GEN=61_MEMBER=12189_PSO,GEN=60_MEMBER=12013_PSO,,
GEN=61_MEMBER=12191_PSO,GEN=60_MEMBER=12015_PSO,,
GEN=61_MEMBER=12193_PSO,GEN=60_MEMBER=12001_PSO,,
GEN=61_MEMBER=12195_PSO,GEN=60_MEMBER=11935_PSO,,
GEN=61_MEMBER=12197_PSO,GEN=59_MEMBER=11881_PSO,,
GEN=61_MEMBER=12199_PSO,GEN=60_MEMBER=11919_PSO,,
GEN=61_MEMBER=12201_PSO,GEN=60_MEMBER=11905_PSO,,
GEN=61_MEMBER=12203_PSO,GEN=60_MEMBER=12075_PSO,,
GEN=61_MEMBER=12205_PSO,GEN=60_MEMBER=12005_PSO,,
GEN=61_MEMBER=12207_PSO,GEN=59_MEMBER=11841_PSO,,
GEN=61_MEMBER=12209_PSO,GEN=59_MEMBER=11883_PSO,,
GEN=61_MEMBER=12211_PSO,GEN=59_MEMBER=11709_PSO,,
GEN=61_MEMBER=12213_PSO,GEN=57_MEMBER=11437_PSO,,
GEN=61_MEMBER=12215_PSO,GEN=60_MEMBER=11901_PSO,,
GEN=61_MEMBER=12217_PSO,GEN=58_MEMBER=11613_PSO,,
GEN=61_MEMBER=12219_PSO,GEN=47_MEMBER=9303_PSO,,
GEN=61_MEMBER=12221_PSO,GEN=59_MEMBER=11851_PSO,,
GEN=61_MEMBER=12223_PSO,GEN=57_MEMBER=11303_PSO,,
GEN=61_MEMBER=12225_PSO,GEN=53_MEMBER=10625_PSO,,
GEN=61_MEMBER=12227_PSO,GEN=60_MEMBER=12025_PSO,,
GEN=61_MEMBER=12229_PSO,GEN=59_MEMBER=11775_PSO,,
GEN=61_MEMBER=12231_PSO,GEN=60_MEMBER=11907_PSO,,
GEN=61_MEMBER=12233_PSO,GEN=59_MEMBER=11857_PSO,,
GEN=61_MEMBER=12235_PSO,GEN=56_MEMBER=11287_PSO,,
GEN=61_MEMBER=12237_PSO,GEN=57_MEMBER=11451_PSO,,
GEN=61_MEMBER=12239_PSO,GEN=60_MEMBER=11913_PSO,,
GEN=61_MEMBER=12241_PSO,GEN=60_MEMBER=12035_PSO,,
GEN=61_MEMBER=12243_PSO,GEN=60_MEMBER=12063_PSO,,
GEN=61_MEMBER=12245_PSO,GEN=56_MEMBER=11205_PSO,,
GEN=61_MEMBER=12247_PSO,GEN=60_MEMBER=11981_PSO,,
GEN=61_MEMBER=12249_PSO,GEN=60_MEMBER=11937_PSO,,
GEN=61_MEMBER=12251_PSO,GEN=58_MEMBER=11563_PSO,,
GEN=61_MEMBER=12253_PSO,GEN=58_MEMBER=11537_PSO,,
GEN=61_MEMBER=12255_PSO,GEN=60_MEMBER=12067_PSO,,
GEN=61_MEMBER=12257_PSO,GEN=58_MEMBER=11665_PSO,,
GEN=61_MEMBER=12259_PSO,GEN=59_MEMBER=11833_PSO,,
GEN=61_MEMBER=12261_PSO,GEN=60_MEMBER=12053_PSO,,
GEN=61_MEMBER=12263_PSO,GEN=60_MEMBER=12019_PSO,,
GEN=61_MEMBER=12265_PSO,GEN=50_MEMBER=10051_PSO,,
GEN=61_MEMBER=12267_PSO,GEN=58_MEMBER=11629_PSO,,
GEN=61_MEMBER=12269_PSO,GEN=60_MEMBER=12093_PSO,,
GEN=61_MEMBER=12271_PSO,GEN=59_MEMBER=11899_PSO,,
GEN=61_MEMBER=12273_PSO,GEN=56_MEMBER=11277_PSO,,
GEN=61_MEMBER=12275_PSO,GEN=58_MEMBER=11691_PSO,,
GEN=61_MEMBER=12277_PSO,GEN=59_MEMBER=11867_PSO,,
GEN=61_MEMBER=12279_PSO,GEN=55_MEMBER=10997_PSO,,
GEN=61_MEMBER=12281_PSO,GEN=59_MEMBER=11877_PSO,,
GEN=61_MEMBER=12283_PSO,GEN=53_MEMBER=10677_PSO,,
GEN=61_MEMBER=12285_PSO,GEN=55_MEMBER=10973_PSO,,
GEN=61_MEMBER=12287_PSO,GEN=55_MEMBER=11037_PSO,,
GEN=61_MEMBER=12289_PSO,GEN=56_MEMBER=11259_PSO,,
GEN=61_MEMBER=12291_PSO,GEN=59_MEMBER=11889_PSO,,
GEN=61_MEMBER=12293_PSO,GEN=56_MEMBER=11219_PSO,,
GEN=61_MEMBER=12295_PSO,GEN=57_MEMBER=11495_PSO,,
GEN=61_MEMBER=12297_PSO,GEN=56_MEMBER=11129_PSO,,
GEN=61_MEMBER=12299_PSO,GEN=53_MEMBER=10609_PSO,,
GEN=62_MEMBER=12301_PSO,GEN=61_MEMBER=12291_PSO,,
GEN=62_MEMBER=12303_PSO,GEN=61_MEMBER=12223_PSO,,
GEN=62_MEMBER=12305_PSO,GEN=61_MEMBER=12297_PSO,,
GEN=62_MEMBER=12307_PSO,GEN=61_MEMBER=12277_PSO,,
GEN=62_MEMBER=12309_PSO,GEN=61_MEMBER=12145_PSO,,
GEN=62_MEMBER=12311_PSO,GEN=60_MEMBER=11967_PSO,,
GEN=62_MEMBER=12313_PSO,GEN=61_MEMBER=12261_PSO,,
GEN=62_MEMBER=12315_PSO,GEN=61_MEMBER=12171_PSO,,
GEN=62_MEMBER=12317_PSO,GEN=61_MEMBER=12249_PSO,,
GEN=62_MEMBER=12319_PSO,GEN=60_MEMBER=12099_PSO,,
GEN=62_MEMBER=12321_PSO,GEN=59_MEMBER=11791_PSO,,
GEN=62_MEMBER=12323_PSO,GEN=61_MEMBER=12213_PSO,,
GEN=62_MEMBER=12325_PSO,GEN=61_MEMBER=12207_PSO,,
GEN=62_MEMBER=12327_PSO,GEN=61_MEMBER=12263_PSO,,
GEN=62_MEMBER=12329_PSO,GEN=60_MEMBER=11921_PSO,,
GEN=62_MEMBER=12331_PSO,GEN=60_MEMBER=12097_PSO,,
GEN=62_MEMBER=12333_PSO,GEN=60_MEMBER=12069_PSO,,
GEN=62_MEMBER=12335_PSO,GEN=61_MEMBER=12255_PSO,,
GEN=62_MEMBER=12337_PSO,GEN=61_MEMBER=12299_PSO,,
GEN=62_MEMBER=12339_PSO,GEN=61_MEMBER=12267_PSO,,
GEN=62_MEMBER=12341_PSO,GEN=59_MEMBER=11761_PSO,,
GEN=62_MEMBER=12343_PSO,GEN=61_MEMBER=12265_PSO,,
GEN=62_MEMBER=12345_PSO,GEN=58_MEMBER=11609_PSO,,
GEN=62_MEMBER=12347_PSO,GEN=61_MEMBER=12109_PSO,,
GEN=62_MEMBER=12349_PSO,GEN=61_MEMBER=12257_PSO,,
GEN=62_MEMBER=12351_PSO,GEN=61_MEMBER=12281_PSO,,
GEN=62_MEMBER=12353_PSO,GEN=61_MEMBER=12243_PSO,,
GEN=62_MEMBER=12355_PSO,GEN=61_MEMBER=12155_PSO,,
GEN=62_MEMBER=12357_PSO,GEN=61_MEMBER=12113_PSO,,
GEN=62_MEMBER=12359_PSO,GEN=60_MEMBER=11983_PSO,,
GEN=62_MEMBER=12361_PSO,GEN=61_MEMBER=12191_PSO,,
GEN=62_MEMBER=12363_PSO,GEN=60_MEMBER=11957_PSO,,
GEN=62_MEMBER=12365_PSO,GEN=60_MEMBER=12047_PSO,,
GEN=62_MEMBER=12367_PSO,GEN=57_MEMBER=11449_PSO,,
GEN=62_MEMBER=12369_PSO,GEN=59_MEMBER=11887_PSO,,
GEN=62_MEMBER=12371_PSO,GEN=59_MEMBER=11755_PSO,,
GEN=62_MEMBER=12373_PSO,GEN=61_MEMBER=12295_PSO,,
GEN=62_MEMBER=12375_PSO,GEN=59_MEMBER=11879_PSO,,
GEN=62_MEMBER=12377_PSO,GEN=61_MEMBER=12167_PSO,,
GEN=62_MEMBER=12379_PSO,GEN=50_MEMBER=9997_PSO,,
GEN=62_MEMBER=12381_PSO,GEN=61_MEMBER=12241_PSO,,
GEN=62_MEMBER=12383_PSO,GEN=60_MEMBER=11917_PSO,,
GEN=62_MEMBER=12385_PSO,GEN=61_MEMBER=12139_PSO,,
GEN=62_MEMBER=12387_PSO,GEN=61_MEMBER=12147_PSO,,
GEN=62_MEMBER=12389_PSO,GEN=60_MEMBER=12013_PSO,,
GEN=62_MEMBER=12391_PSO,GEN=61_MEMBER=12259_PSO,,
GEN=62_MEMBER=12393_PSO,GEN=61_MEMBER=12271_PSO,,
GEN=62_MEMBER=12395_PSO,GEN=61_MEMBER=12175_PSO,,
GEN=62_MEMBER=12397_PSO,GEN=59_MEMBER=11881_PSO,,
GEN=62_MEMBER=12399_PSO,GEN=60_MEMBER=11919_PSO,,
GEN=62_MEMBER=12401_PSO,GEN=61_MEMBER=12161_PSO,,
GEN=62_MEMBER=12403_PSO,GEN=60_MEMBER=12075_PSO,,
GEN=62_MEMBER=12405_PSO,GEN=61_MEMBER=12183_PSO,,
GEN=62_MEMBER=12407_PSO,GEN=59_MEMBER=11841_PSO,,
GEN=62_MEMBER=12409_PSO,GEN=59_MEMBER=11883_PSO,,
GEN=62_MEMBER=12411_PSO,GEN=59_MEMBER=11709_PSO,,
GEN=62_MEMBER=12413_PSO,GEN=61_MEMBER=12101_PSO,,
GEN=62_MEMBER=12415_PSO,GEN=60_MEMBER=11901_PSO,,
GEN=62_MEMBER=12417_PSO,GEN=61_MEMBER=12151_PSO,,
GEN=62_MEMBER=12419_PSO,GEN=47_MEMBER=9303_PSO,,
GEN=62_MEMBER=12421_PSO,GEN=59_MEMBER=11851_PSO,,
GEN=62_MEMBER=12423_PSO,GEN=61_MEMBER=12293_PSO,,
GEN=62_MEMBER=12425_PSO,GEN=53_MEMBER=10625_PSO,,
GEN=62_MEMBER=12427_PSO,GEN=60_MEMBER=12025_PSO,,
GEN=62_MEMBER=12429_PSO,GEN=61_MEMBER=12211_PSO,,
GEN=62_MEMBER=12431_PSO,GEN=60_MEMBER=11907_PSO,,
GEN=62_MEMBER=12433_PSO,GEN=59_MEMBER=11857_PSO,,
GEN=62_MEMBER=12435_PSO,GEN=61_MEMBER=12221_PSO,,
GEN=62_MEMBER=12437_PSO,GEN=57_MEMBER=11451_PSO,,
GEN=62_MEMBER=12439_PSO,GEN=60_MEMBER=11913_PSO,,
GEN=62_MEMBER=12441_PSO,GEN=60_MEMBER=12035_PSO,,
GEN=62_MEMBER=12443_PSO,GEN=61_MEMBER=12289_PSO,,
GEN=62_MEMBER=12445_PSO,GEN=56_MEMBER=11205_PSO,,
GEN=62_MEMBER=12447_PSO,GEN=61_MEMBER=12231_PSO,,
GEN=62_MEMBER=12449_PSO,GEN=60_MEMBER=11937_PSO,,
GEN=62_MEMBER=12451_PSO,GEN=58_MEMBER=11563_PSO,,
GEN=62_MEMBER=12453_PSO,GEN=58_MEMBER=11537_PSO,,
GEN=62_MEMBER=12455_PSO,GEN=61_MEMBER=12227_PSO,,
GEN=62_MEMBER=12457_PSO,GEN=58_MEMBER=11665_PSO,,
GEN=62_MEMBER=12459_PSO,GEN=59_MEMBER=11833_PSO,,
GEN=62_MEMBER=12461_PSO,GEN=60_MEMBER=12053_PSO,,
GEN=62_MEMBER=12463_PSO,GEN=60_MEMBER=12019_PSO,,
GEN=62_MEMBER=12465_PSO,GEN=50_MEMBER=10051_PSO,,
GEN=62_MEMBER=12467_PSO,GEN=58_MEMBER=11629_PSO,,
GEN=62_MEMBER=12469_PSO,GEN=60_MEMBER=12093_PSO,,
GEN=62_MEMBER=12471_PSO,GEN=61_MEMBER=12279_PSO,,
GEN=62_MEMBER=12473_PSO,GEN=56_MEMBER=11277_PSO,,
GEN=62_MEMBER=12475_PSO,GEN=61_MEMBER=12133_PSO,,
GEN=62_MEMBER=12477_PSO,GEN=59_MEMBER=11867_PSO,,
GEN=62_MEMBER=12479_PSO,GEN=55_MEMBER=10997_PSO,,
GEN=62_MEMBER=12481_PSO,GEN=61_MEMBER=12239_PSO,,
GEN=62_MEMBER=12483_PSO,GEN=53_MEMBER=10677_PSO,,
GEN=62_MEMBER=12485_PSO,GEN=55_MEMBER=10973_PSO,,
GEN=62_MEMBER=12487_PSO,GEN=55_MEMBER=11037_PSO,,
GEN=62_MEMBER=12489_PSO,GEN=56_MEMBER=11259_PSO,,
GEN=62_MEMBER=12491_PSO,GEN=59_MEMBER=11889_PSO,,
GEN=62_MEMBER=12493_PSO,GEN=56_MEMBER=11219_PSO,,
GEN=62_MEMBER=12495_PSO,GEN=57_MEMBER=11495_PSO,,
GEN=62_MEMBER=12497_PSO,GEN=61_MEMBER=12135_PSO,,
GEN=62_MEMBER=12499_PSO,GEN=53_MEMBER=10609_PSO,,
GEN=63_MEMBER=12501_PSO,GEN=62_MEMBER=12449_PSO,,
GEN=63_MEMBER=12503_PSO,GEN=62_MEMBER=12357_PSO,,
GEN=63_MEMBER=12505_PSO,GEN=62_MEMBER=12439_PSO,,
GEN=63_MEMBER=12507_PSO,GEN=62_MEMBER=12493_PSO,,
GEN=63_MEMBER=12509_PSO,GEN=62_MEMBER=12499_PSO,,
GEN=63_MEMBER=12511_PSO,GEN=62_MEMBER=12451_PSO,,
GEN=63_MEMBER=12513_PSO,GEN=62_MEMBER=12479_PSO,,
GEN=63_MEMBER=12515_PSO,GEN=62_MEMBER=12447_PSO,,
GEN=63_MEMBER=12517_PSO,GEN=62_MEMBER=12441_PSO,,
GEN=63_MEMBER=12519_PSO,GEN=62_MEMBER=12475_PSO,,
GEN=63_MEMBER=12521_PSO,GEN=62_MEMBER=12443_PSO,,
GEN=63_MEMBER=12523_PSO,GEN=62_MEMBER=12471_PSO,,
GEN=63_MEMBER=12525_PSO,GEN=62_MEMBER=12377_PSO,,
GEN=63_MEMBER=12527_PSO,GEN=62_MEMBER=12355_PSO,,
GEN=63_MEMBER=12529_PSO,GEN=60_MEMBER=11921_PSO,,
GEN=63_MEMBER=12531_PSO,GEN=62_MEMBER=12467_PSO,,
GEN=63_MEMBER=12533_PSO,GEN=62_MEMBER=12395_PSO,,
GEN=63_MEMBER=12535_PSO,GEN=62_MEMBER=12463_PSO,,
GEN=63_MEMBER=12537_PSO,GEN=62_MEMBER=12317_PSO,,
GEN=63_MEMBER=12539_PSO,GEN=61_MEMBER=12267_PSO,,
GEN=63_MEMBER=12541_PSO,GEN=62_MEMBER=12457_PSO,,
GEN=63_MEMBER=12543_PSO,GEN=62_MEMBER=12383_PSO,,
GEN=63_MEMBER=12545_PSO,GEN=58_MEMBER=11609_PSO,,
GEN=63_MEMBER=12547_PSO,GEN=61_MEMBER=12109_PSO,,
GEN=63_MEMBER=12549_PSO,GEN=62_MEMBER=12331_PSO,,
GEN=63_MEMBER=12551_PSO,GEN=62_MEMBER=12325_PSO,,
GEN=63_MEMBER=12553_PSO,GEN=62_MEMBER=12379_PSO,,
GEN=63_MEMBER=12555_PSO,GEN=61_MEMBER=12155_PSO,,
GEN=63_MEMBER=12557_PSO,GEN=62_MEMBER=12477_PSO,,
GEN=63_MEMBER=12559_PSO,GEN=62_MEMBER=12481_PSO,,
GEN=63_MEMBER=12561_PSO,GEN=62_MEMBER=12429_PSO,,
GEN=63_MEMBER=12563_PSO,GEN=60_MEMBER=11957_PSO,,
GEN=63_MEMBER=12565_PSO,GEN=60_MEMBER=12047_PSO,,
GEN=63_MEMBER=12567_PSO,GEN=57_MEMBER=11449_PSO,,
GEN=63_MEMBER=12569_PSO,GEN=59_MEMBER=11887_PSO,,
GEN=63_MEMBER=12571_PSO,GEN=59_MEMBER=11755_PSO,,
GEN=63_MEMBER=12573_PSO,GEN=62_MEMBER=12411_PSO,,
GEN=63_MEMBER=12575_PSO,GEN=62_MEMBER=12305_PSO,,
GEN=63_MEMBER=12577_PSO,GEN=61_MEMBER=12167_PSO,,
GEN=63_MEMBER=12579_PSO,GEN=62_MEMBER=12423_PSO,,
GEN=63_MEMBER=12581_PSO,GEN=62_MEMBER=12453_PSO,,
GEN=63_MEMBER=12583_PSO,GEN=62_MEMBER=12303_PSO,,
GEN=63_MEMBER=12585_PSO,GEN=61_MEMBER=12139_PSO,,
GEN=63_MEMBER=12587_PSO,GEN=62_MEMBER=12315_PSO,,
GEN=63_MEMBER=12589_PSO,GEN=60_MEMBER=12013_PSO,,
GEN=63_MEMBER=12591_PSO,GEN=62_MEMBER=12349_PSO,,
GEN=63_MEMBER=12593_PSO,GEN=61_MEMBER=12271_PSO,,
GEN=63_MEMBER=12595_PSO,GEN=62_MEMBER=12431_PSO,,
GEN=63_MEMBER=12597_PSO,GEN=62_MEMBER=12311_PSO,,
GEN=63_MEMBER=12599_PSO,GEN=62_MEMBER=12393_PSO,,
GEN=63_MEMBER=12601_PSO,GEN=61_MEMBER=12161_PSO,,
GEN=63_MEMBER=12603_PSO,GEN=60_MEMBER=12075_PSO,,
GEN=63_MEMBER=12605_PSO,GEN=61_MEMBER=12183_PSO,,
GEN=63_MEMBER=12607_PSO,GEN=59_MEMBER=11841_PSO,,
GEN=63_MEMBER=12609_PSO,GEN=59_MEMBER=11883_PSO,,
GEN=63_MEMBER=12611_PSO,GEN=59_MEMBER=11709_PSO,,
GEN=63_MEMBER=12613_PSO,GEN=61_MEMBER=12101_PSO,,
GEN=63_MEMBER=12615_PSO,GEN=62_MEMBER=12369_PSO,,
GEN=63_MEMBER=12617_PSO,GEN=62_MEMBER=12495_PSO,,
GEN=63_MEMBER=12619_PSO,GEN=47_MEMBER=9303_PSO,,
GEN=63_MEMBER=12621_PSO,GEN=59_MEMBER=11851_PSO,,
GEN=63_MEMBER=12623_PSO,GEN=62_MEMBER=12301_PSO,,
GEN=63_MEMBER=12625_PSO,GEN=62_MEMBER=12405_PSO,,
GEN=63_MEMBER=12627_PSO,GEN=62_MEMBER=12413_PSO,,
GEN=63_MEMBER=12629_PSO,GEN=62_MEMBER=12487_PSO,,
GEN=63_MEMBER=12631_PSO,GEN=60_MEMBER=11907_PSO,,
GEN=63_MEMBER=12633_PSO,GEN=59_MEMBER=11857_PSO,,
GEN=63_MEMBER=12635_PSO,GEN=62_MEMBER=12351_PSO,,
GEN=63_MEMBER=12637_PSO,GEN=57_MEMBER=11451_PSO,,
GEN=63_MEMBER=12639_PSO,GEN=60_MEMBER=11913_PSO,,
GEN=63_MEMBER=12641_PSO,GEN=60_MEMBER=12035_PSO,,
GEN=63_MEMBER=12643_PSO,GEN=62_MEMBER=12459_PSO,,
GEN=63_MEMBER=12645_PSO,GEN=56_MEMBER=11205_PSO,,
GEN=63_MEMBER=12647_PSO,GEN=61_MEMBER=12231_PSO,,
GEN=63_MEMBER=12649_PSO,GEN=60_MEMBER=11937_PSO,,
GEN=63_MEMBER=12651_PSO,GEN=58_MEMBER=11563_PSO,,
GEN=63_MEMBER=12653_PSO,GEN=62_MEMBER=12417_PSO,,
GEN=63_MEMBER=12655_PSO,GEN=62_MEMBER=12497_PSO,,
GEN=63_MEMBER=12657_PSO,GEN=58_MEMBER=11665_PSO,,
GEN=63_MEMBER=12659_PSO,GEN=59_MEMBER=11833_PSO,,
GEN=63_MEMBER=12661_PSO,GEN=62_MEMBER=12461_PSO,,
GEN=63_MEMBER=12663_PSO,GEN=60_MEMBER=12019_PSO,,
GEN=63_MEMBER=12665_PSO,GEN=62_MEMBER=12407_PSO,,
GEN=63_MEMBER=12667_PSO,GEN=58_MEMBER=11629_PSO,,
GEN=63_MEMBER=12669_PSO,GEN=60_MEMBER=12093_PSO,,
GEN=63_MEMBER=12671_PSO,GEN=61_MEMBER=12279_PSO,,
GEN=63_MEMBER=12673_PSO,GEN=56_MEMBER=11277_PSO,,
GEN=63_MEMBER=12675_PSO,GEN=61_MEMBER=12133_PSO,,
GEN=63_MEMBER=12677_PSO,GEN=59_MEMBER=11867_PSO,,
GEN=63_MEMBER=12679_PSO,GEN=55_MEMBER=10997_PSO,,
GEN=63_MEMBER=12681_PSO,GEN=61_MEMBER=12239_PSO,,
GEN=63_MEMBER=12683_PSO,GEN=53_MEMBER=10677_PSO,,
GEN=63_MEMBER=12685_PSO,GEN=55_MEMBER=10973_PSO,,
GEN=63_MEMBER=12687_PSO,GEN=55_MEMBER=11037_PSO,,
GEN=63_MEMBER=12689_PSO,GEN=56_MEMBER=11259_PSO,,
GEN=63_MEMBER=12691_PSO,GEN=59_MEMBER=11889_PSO,,
GEN=63_MEMBER=12693_PSO,GEN=56_MEMBER=11219_PSO,,
GEN=63_MEMBER=12695_PSO,GEN=62_MEMBER=12491_PSO,,
GEN=63_MEMBER=12697_PSO,GEN=61_MEMBER=12135_PSO,,
GEN=63_MEMBER=12699_PSO,GEN=62_MEMBER=12313_PSO,,
GEN=64_MEMBER=12701_PSO,GEN=63_MEMBER=12693_PSO,,
GEN=64_MEMBER=12703_PSO,GEN=63_MEMBER=12667_PSO,,
GEN=64_MEMBER=12705_PSO,GEN=63_MEMBER=12599_PSO,,
GEN=64_MEMBER=12707_PSO,GEN=63_MEMBER=12581_PSO,,
GEN=64_MEMBER=12709_PSO,GEN=63_MEMBER=12623_PSO,,
GEN=64_MEMBER=12711_PSO,GEN=63_MEMBER=12627_PSO,,
GEN=64_MEMBER=12713_PSO,GEN=63_MEMBER=12665_PSO,,
GEN=64_MEMBER=12715_PSO,GEN=63_MEMBER=12671_PSO,,
GEN=64_MEMBER=12717_PSO,GEN=62_MEMBER=12441_PSO,,
GEN=64_MEMBER=12719_PSO,GEN=63_MEMBER=12687_PSO,,
GEN=64_MEMBER=12721_PSO,GEN=63_MEMBER=12563_PSO,,
GEN=64_MEMBER=12723_PSO,GEN=63_MEMBER=12663_PSO,,
GEN=64_MEMBER=12725_PSO,GEN=63_MEMBER=12629_PSO,,
GEN=64_MEMBER=12727_PSO,GEN=63_MEMBER=12601_PSO,,
GEN=64_MEMBER=12729_PSO,GEN=63_MEMBER=12525_PSO,,
GEN=64_MEMBER=12731_PSO,GEN=63_MEMBER=12609_PSO,,
GEN=64_MEMBER=12733_PSO,GEN=63_MEMBER=12651_PSO,,
GEN=64_MEMBER=12735_PSO,GEN=63_MEMBER=12675_PSO,,
GEN=64_MEMBER=12737_PSO,GEN=62_MEMBER=12317_PSO,,
GEN=64_MEMBER=12739_PSO,GEN=61_MEMBER=12267_PSO,,
GEN=64_MEMBER=12741_PSO,GEN=63_MEMBER=12537_PSO,,
GEN=64_MEMBER=12743_PSO,GEN=62_MEMBER=12383_PSO,,
GEN=64_MEMBER=12745_PSO,GEN=63_MEMBER=12613_PSO,,
GEN=64_MEMBER=12747_PSO,GEN=63_MEMBER=12625_PSO,,
GEN=64_MEMBER=12749_PSO,GEN=62_MEMBER=12331_PSO,,
GEN=64_MEMBER=12751_PSO,GEN=62_MEMBER=12325_PSO,,
GEN=64_MEMBER=12753_PSO,GEN=63_MEMBER=12555_PSO,,
GEN=64_MEMBER=12755_PSO,GEN=63_MEMBER=12543_PSO,,
GEN=64_MEMBER=12757_PSO,GEN=62_MEMBER=12477_PSO,,
GEN=64_MEMBER=12759_PSO,GEN=63_MEMBER=12657_PSO,,
GEN=64_MEMBER=12761_PSO,GEN=62_MEMBER=12429_PSO,,
GEN=64_MEMBER=12763_PSO,GEN=63_MEMBER=12533_PSO,,
GEN=64_MEMBER=12765_PSO,GEN=60_MEMBER=12047_PSO,,
GEN=64_MEMBER=12767_PSO,GEN=63_MEMBER=12513_PSO,,
GEN=64_MEMBER=12769_PSO,GEN=63_MEMBER=12621_PSO,,
GEN=64_MEMBER=12771_PSO,GEN=59_MEMBER=11755_PSO,,
GEN=64_MEMBER=12773_PSO,GEN=63_MEMBER=12691_PSO,,
GEN=64_MEMBER=12775_PSO,GEN=63_MEMBER=12607_PSO,,
GEN=64_MEMBER=12777_PSO,GEN=61_MEMBER=12167_PSO,,
GEN=64_MEMBER=12779_PSO,GEN=63_MEMBER=12505_PSO,,
GEN=64_MEMBER=12781_PSO,GEN=63_MEMBER=12617_PSO,,
GEN=64_MEMBER=12783_PSO,GEN=63_MEMBER=12677_PSO,,
GEN=64_MEMBER=12785_PSO,GEN=63_MEMBER=12699_PSO,,
GEN=64_MEMBER=12787_PSO,GEN=62_MEMBER=12315_PSO,,
GEN=64_MEMBER=12789_PSO,GEN=60_MEMBER=12013_PSO,,
GEN=64_MEMBER=12791_PSO,GEN=63_MEMBER=12567_PSO,,
GEN=64_MEMBER=12793_PSO,GEN=61_MEMBER=12271_PSO,,
GEN=64_MEMBER=12795_PSO,GEN=63_MEMBER=12591_PSO,,
GEN=64_MEMBER=12797_PSO,GEN=62_MEMBER=12311_PSO,,
GEN=64_MEMBER=12799_PSO,GEN=62_MEMBER=12393_PSO,,
GEN=64_MEMBER=12801_PSO,GEN=61_MEMBER=12161_PSO,,
GEN=64_MEMBER=12803_PSO,GEN=60_MEMBER=12075_PSO,,
GEN=64_MEMBER=12805_PSO,GEN=63_MEMBER=12551_PSO,,
GEN=64_MEMBER=12807_PSO,GEN=59_MEMBER=11841_PSO,,
GEN=64_MEMBER=12809_PSO,GEN=59_MEMBER=11883_PSO,,
GEN=64_MEMBER=12811_PSO,GEN=59_MEMBER=11709_PSO,,
GEN=64_MEMBER=12813_PSO,GEN=63_MEMBER=12593_PSO,,
GEN=64_MEMBER=12815_PSO,GEN=63_MEMBER=12603_PSO,,
GEN=64_MEMBER=12817_PSO,GEN=62_MEMBER=12495_PSO,,
GEN=64_MEMBER=12819_PSO,GEN=63_MEMBER=12641_PSO,,
GEN=64_MEMBER=12821_PSO,GEN=63_MEMBER=12561_PSO,,
GEN=64_MEMBER=12823_PSO,GEN=62_MEMBER=12301_PSO,,
GEN=64_MEMBER=12825_PSO,GEN=62_MEMBER=12405_PSO,,
GEN=64_MEMBER=12827_PSO,GEN=62_MEMBER=12413_PSO,,
GEN=64_MEMBER=12829_PSO,GEN=62_MEMBER=12487_PSO,,
GEN=64_MEMBER=12831_PSO,GEN=63_MEMBER=12643_PSO,,
GEN=64_MEMBER=12833_PSO,GEN=63_MEMBER=12557_PSO,,
GEN=64_MEMBER=12835_PSO,GEN=62_MEMBER=12351_PSO,,
GEN=64_MEMBER=12837_PSO,GEN=63_MEMBER=12661_PSO,,
GEN=64_MEMBER=12839_PSO,GEN=60_MEMBER=11913_PSO,,
GEN=64_MEMBER=12841_PSO,GEN=60_MEMBER=12035_PSO,,
GEN=64_MEMBER=12843_PSO,GEN=62_MEMBER=12459_PSO,,
GEN=64_MEMBER=12845_PSO,GEN=56_MEMBER=11205_PSO,,
GEN=64_MEMBER=12847_PSO,GEN=63_MEMBER=12583_PSO,,
GEN=64_MEMBER=12849_PSO,GEN=60_MEMBER=11937_PSO,,
GEN=64_MEMBER=12851_PSO,GEN=58_MEMBER=11563_PSO,,
GEN=64_MEMBER=12853_PSO,GEN=62_MEMBER=12417_PSO,,
GEN=64_MEMBER=12855_PSO,GEN=63_MEMBER=12577_PSO,,
GEN=64_MEMBER=12857_PSO,GEN=58_MEMBER=11665_PSO,,
GEN=64_MEMBER=12859_PSO,GEN=63_MEMBER=12611_PSO,,
GEN=64_MEMBER=12861_PSO,GEN=63_MEMBER=12645_PSO,,
GEN=64_MEMBER=12863_PSO,GEN=60_MEMBER=12019_PSO,,
GEN=64_MEMBER=12865_PSO,GEN=62_MEMBER=12407_PSO,,
GEN=64_MEMBER=12867_PSO,GEN=58_MEMBER=11629_PSO,,
GEN=64_MEMBER=12869_PSO,GEN=60_MEMBER=12093_PSO,,
GEN=64_MEMBER=12871_PSO,GEN=61_MEMBER=12279_PSO,,
GEN=64_MEMBER=12873_PSO,GEN=56_MEMBER=11277_PSO,,
GEN=64_MEMBER=12875_PSO,GEN=61_MEMBER=12133_PSO,,
GEN=64_MEMBER=12877_PSO,GEN=59_MEMBER=11867_PSO,,
GEN=64_MEMBER=12879_PSO,GEN=55_MEMBER=10997_PSO,,
GEN=64_MEMBER=12881_PSO,GEN=63_MEMBER=12655_PSO,,
GEN=64_MEMBER=12883_PSO,GEN=53_MEMBER=10677_PSO,,
GEN=64_MEMBER=12885_PSO,GEN=55_MEMBER=10973_PSO,,
GEN=64_MEMBER=12887_PSO,GEN=55_MEMBER=11037_PSO,,
GEN=64_MEMBER=12889_PSO,GEN=56_MEMBER=11259_PSO,,
GEN=64_MEMBER=12891_PSO,GEN=63_MEMBER=12649_PSO,,
GEN=64_MEMBER=12893_PSO,GEN=63_MEMBER=12639_PSO,,
GEN=64_MEMBER=12895_PSO,GEN=62_MEMBER=12491_PSO,,
GEN=64_MEMBER=12897_PSO,GEN=61_MEMBER=12135_PSO,,
GEN=64_MEMBER=12899_PSO,GEN=62_MEMBER=12313_PSO,,
GEN=65_MEMBER=12901_PSO,GEN=64_MEMBER=12831_PSO,,
GEN=65_MEMBER=12903_PSO,GEN=64_MEMBER=12899_PSO,,
GEN=65_MEMBER=12905_PSO,GEN=64_MEMBER=12893_PSO,,
GEN=65_MEMBER=12907_PSO,GEN=64_MEMBER=12835_PSO,,
GEN=65_MEMBER=12909_PSO,GEN=64_MEMBER=12769_PSO,,
GEN=65_MEMBER=12911_PSO,GEN=64_MEMBER=12785_PSO,,
GEN=65_MEMBER=12913_PSO,GEN=64_MEMBER=12745_PSO,,
GEN=65_MEMBER=12915_PSO,GEN=64_MEMBER=12897_PSO,,
GEN=65_MEMBER=12917_PSO,GEN=64_MEMBER=12861_PSO,,
GEN=65_MEMBER=12919_PSO,GEN=64_MEMBER=12805_PSO,,
GEN=65_MEMBER=12921_PSO,GEN=64_MEMBER=12871_PSO,,
GEN=65_MEMBER=12923_PSO,GEN=64_MEMBER=12767_PSO,,
GEN=65_MEMBER=12925_PSO,GEN=63_MEMBER=12629_PSO,,
GEN=65_MEMBER=12927_PSO,GEN=64_MEMBER=12879_PSO,,
GEN=65_MEMBER=12929_PSO,GEN=63_MEMBER=12525_PSO,,
GEN=65_MEMBER=12931_PSO,GEN=64_MEMBER=12867_PSO,,
GEN=65_MEMBER=12933_PSO,GEN=64_MEMBER=12865_PSO,,
GEN=65_MEMBER=12935_PSO,GEN=64_MEMBER=12713_PSO,,
GEN=65_MEMBER=12937_PSO,GEN=62_MEMBER=12317_PSO,,
GEN=65_MEMBER=12939_PSO,GEN=64_MEMBER=12849_PSO,,
GEN=65_MEMBER=12941_PSO,GEN=64_MEMBER=12729_PSO,,
GEN=65_MEMBER=12943_PSO,GEN=64_MEMBER=12807_PSO,,
GEN=65_MEMBER=12945_PSO,GEN=64_MEMBER=12873_PSO,,
GEN=65_MEMBER=12947_PSO,GEN=64_MEMBER=12703_PSO,,
GEN=65_MEMBER=12949_PSO,GEN=64_MEMBER=12863_PSO,,
GEN=65_MEMBER=12951_PSO,GEN=64_MEMBER=12869_PSO,,
GEN=65_MEMBER=12953_PSO,GEN=63_MEMBER=12555_PSO,,
GEN=65_MEMBER=12955_PSO,GEN=63_MEMBER=12543_PSO,,
GEN=65_MEMBER=12957_PSO,GEN=64_MEMBER=12877_PSO,,
GEN=65_MEMBER=12959_PSO,GEN=64_MEMBER=12857_PSO,,
GEN=65_MEMBER=12961_PSO,GEN=64_MEMBER=12887_PSO,,
GEN=65_MEMBER=12963_PSO,GEN=64_MEMBER=12793_PSO,,
GEN=65_MEMBER=12965_PSO,GEN=60_MEMBER=12047_PSO,,
GEN=65_MEMBER=12967_PSO,GEN=63_MEMBER=12513_PSO,,
GEN=65_MEMBER=12969_PSO,GEN=64_MEMBER=12847_PSO,,
GEN=65_MEMBER=12971_PSO,GEN=59_MEMBER=11755_PSO,,
GEN=65_MEMBER=12973_PSO,GEN=64_MEMBER=12777_PSO,,
GEN=65_MEMBER=12975_PSO,GEN=63_MEMBER=12607_PSO,,
GEN=65_MEMBER=12977_PSO,GEN=64_MEMBER=12759_PSO,,
GEN=65_MEMBER=12979_PSO,GEN=64_MEMBER=12773_PSO,,
GEN=65_MEMBER=12981_PSO,GEN=64_MEMBER=12765_PSO,,
GEN=65_MEMBER=12983_PSO,GEN=63_MEMBER=12677_PSO,,
GEN=65_MEMBER=12985_PSO,GEN=64_MEMBER=12813_PSO,,
GEN=65_MEMBER=12987_PSO,GEN=64_MEMBER=12891_PSO,,
GEN=65_MEMBER=12989_PSO,GEN=64_MEMBER=12853_PSO,,
GEN=65_MEMBER=12991_PSO,GEN=64_MEMBER=12839_PSO,,
GEN=65_MEMBER=12993_PSO,GEN=64_MEMBER=12819_PSO,,
GEN=65_MEMBER=12995_PSO,GEN=64_MEMBER=12837_PSO,,
GEN=65_MEMBER=12997_PSO,GEN=62_MEMBER=12311_PSO,,
GEN=65_MEMBER=12999_PSO,GEN=62_MEMBER=12393_PSO,,
GEN=65_MEMBER=13001_PSO,GEN=61_MEMBER=12161_PSO,,
GEN=65_MEMBER=13003_PSO,GEN=60_MEMBER=12075_PSO,,
GEN=65_MEMBER=13005_PSO,GEN=63_MEMBER=12551_PSO,,
GEN=65_MEMBER=13007_PSO,GEN=64_MEMBER=12735_PSO,,
GEN=65_MEMBER=13009_PSO,GEN=64_MEMBER=12775_PSO,,
GEN=65_MEMBER=13011_PSO,GEN=64_MEMBER=12719_PSO,,
GEN=65_MEMBER=13013_PSO,GEN=64_MEMBER=12845_PSO,,
GEN=65_MEMBER=13015_PSO,GEN=64_MEMBER=12821_PSO,,
GEN=65_MEMBER=13017_PSO,GEN=62_MEMBER=12495_PSO,,
GEN=65_MEMBER=13019_PSO,GEN=64_MEMBER=12817_PSO,,
GEN=65_MEMBER=13021_PSO,GEN=63_MEMBER=12561_PSO,,
GEN=65_MEMBER=13023_PSO,GEN=64_MEMBER=12791_PSO,,
GEN=65_MEMBER=13025_PSO,GEN=64_MEMBER=12803_PSO,,
GEN=65_MEMBER=13027_PSO,GEN=62_MEMBER=12413_PSO,,
GEN=65_MEMBER=13029_PSO,GEN=64_MEMBER=12829_PSO,,
GEN=65_MEMBER=13031_PSO,GEN=64_MEMBER=12727_PSO,,
GEN=65_MEMBER=13033_PSO,GEN=63_MEMBER=12557_PSO,,
GEN=65_MEMBER=13035_PSO,GEN=62_MEMBER=12351_PSO,,
GEN=65_MEMBER=13037_PSO,GEN=63_MEMBER=12661_PSO,,
GEN=65_MEMBER=13039_PSO,GEN=60_MEMBER=11913_PSO,,
GEN=65_MEMBER=13041_PSO,GEN=60_MEMBER=12035_PSO,,
GEN=65_MEMBER=13043_PSO,GEN=64_MEMBER=12875_PSO,,
GEN=65_MEMBER=13045_PSO,GEN=56_MEMBER=11205_PSO,,
GEN=65_MEMBER=13047_PSO,GEN=64_MEMBER=12787_PSO,,
GEN=65_MEMBER=13049_PSO,GEN=60_MEMBER=11937_PSO,,
GEN=65_MEMBER=13051_PSO,GEN=64_MEMBER=12815_PSO,,
GEN=65_MEMBER=13053_PSO,GEN=62_MEMBER=12417_PSO,,
GEN=65_MEMBER=13055_PSO,GEN=63_MEMBER=12577_PSO,,
GEN=65_MEMBER=13057_PSO,GEN=58_MEMBER=11665_PSO,,
GEN=65_MEMBER=13059_PSO,GEN=63_MEMBER=12611_PSO,,
GEN=65_MEMBER=13061_PSO,GEN=63_MEMBER=12645_PSO,,
GEN=65_MEMBER=13063_PSO,GEN=60_MEMBER=12019_PSO,,
GEN=65_MEMBER=13065_PSO,GEN=62_MEMBER=12407_PSO,,
GEN=65_MEMBER=13067_PSO,GEN=58_MEMBER=11629_PSO,,
GEN=65_MEMBER=13069_PSO,GEN=64_MEMBER=12761_PSO,,
GEN=65_MEMBER=13071_PSO,GEN=61_MEMBER=12279_PSO,,
GEN=65_MEMBER=13073_PSO,GEN=56_MEMBER=11277_PSO,,
GEN=65_MEMBER=13075_PSO,GEN=64_MEMBER=12757_PSO,,
GEN=65_MEMBER=13077_PSO,GEN=59_MEMBER=11867_PSO,,
GEN=65_MEMBER=13079_PSO,GEN=64_MEMBER=12811_PSO,,
GEN=65_MEMBER=13081_PSO,GEN=63_MEMBER=12655_PSO,,
GEN=65_MEMBER=13083_PSO,GEN=53_MEMBER=10677_PSO,,
GEN=65_MEMBER=13085_PSO,GEN=55_MEMBER=10973_PSO,,
GEN=65_MEMBER=13087_PSO,GEN=55_MEMBER=11037_PSO,,
GEN=65_MEMBER=13089_PSO,GEN=56_MEMBER=11259_PSO,,
GEN=65_MEMBER=13091_PSO,GEN=63_MEMBER=12649_PSO,,
GEN=65_MEMBER=13093_PSO,GEN=63_MEMBER=12639_PSO,,
GEN=65_MEMBER=13095_PSO,GEN=62_MEMBER=12491_PSO,,
GEN=65_MEMBER=13097_PSO,GEN=61_MEMBER=12135_PSO,,
GEN=65_MEMBER=13099_PSO,GEN=62_MEMBER=12313_PSO,,
GEN=66_MEMBER=13101_PSO,GEN=65_MEMBER=12999_PSO,,
GEN=66_MEMBER=13103_PSO,GEN=65_MEMBER=13039_PSO,,
GEN=66_MEMBER=13105_PSO,GEN=65_MEMBER=13009_PSO,,
GEN=66_MEMBER=13107_PSO,GEN=65_MEMBER=13043_PSO,,
GEN=66_MEMBER=13109_PSO,GEN=65_MEMBER=13069_PSO,,
GEN=66_MEMBER=13111_PSO,GEN=65_MEMBER=13067_PSO,,
GEN=66_MEMBER=13113_PSO,GEN=65_MEMBER=13053_PSO,,
GEN=66_MEMBER=13115_PSO,GEN=65_MEMBER=13059_PSO,,
GEN=66_MEMBER=13117_PSO,GEN=65_MEMBER=12937_PSO,,
GEN=66_MEMBER=13119_PSO,GEN=65_MEMBER=13055_PSO,,
GEN=66_MEMBER=13121_PSO,GEN=65_MEMBER=13087_PSO,,
GEN=66_MEMBER=13123_PSO,GEN=65_MEMBER=12907_PSO,,
GEN=66_MEMBER=13125_PSO,GEN=65_MEMBER=13015_PSO,,
GEN=66_MEMBER=13127_PSO,GEN=65_MEMBER=13001_PSO,,
GEN=66_MEMBER=13129_PSO,GEN=65_MEMBER=12941_PSO,,
GEN=66_MEMBER=13131_PSO,GEN=65_MEMBER=13049_PSO,,
GEN=66_MEMBER=13133_PSO,GEN=65_MEMBER=13075_PSO,,
GEN=66_MEMBER=13135_PSO,GEN=65_MEMBER=13013_PSO,,
GEN=66_MEMBER=13137_PSO,GEN=62_MEMBER=12317_PSO,,
GEN=66_MEMBER=13139_PSO,GEN=65_MEMBER=13047_PSO,,
GEN=66_MEMBER=13141_PSO,GEN=64_MEMBER=12729_PSO,,
GEN=66_MEMBER=13143_PSO,GEN=65_MEMBER=13097_PSO,,
GEN=66_MEMBER=13145_PSO,GEN=64_MEMBER=12873_PSO,,
GEN=66_MEMBER=13147_PSO,GEN=64_MEMBER=12703_PSO,,
GEN=66_MEMBER=13149_PSO,GEN=64_MEMBER=12863_PSO,,
GEN=66_MEMBER=13151_PSO,GEN=65_MEMBER=12951_PSO,,
GEN=66_MEMBER=13153_PSO,GEN=63_MEMBER=12555_PSO,,
GEN=66_MEMBER=13155_PSO,GEN=63_MEMBER=12543_PSO,,
GEN=66_MEMBER=13157_PSO,GEN=64_MEMBER=12877_PSO,,
GEN=66_MEMBER=13159_PSO,GEN=65_MEMBER=13005_PSO,,
GEN=66_MEMBER=13161_PSO,GEN=64_MEMBER=12887_PSO,,
GEN=66_MEMBER=13163_PSO,GEN=65_MEMBER=12929_PSO,,
GEN=66_MEMBER=13165_PSO,GEN=65_MEMBER=13061_PSO,,
GEN=66_MEMBER=13167_PSO,GEN=65_MEMBER=12991_PSO,,
GEN=66_MEMBER=13169_PSO,GEN=64_MEMBER=12847_PSO,,
GEN=66_MEMBER=13171_PSO,GEN=65_MEMBER=13081_PSO,,
GEN=66_MEMBER=13173_PSO,GEN=65_MEMBER=13033_PSO,,
GEN=66_MEMBER=13175_PSO,GEN=63_MEMBER=12607_PSO,,
GEN=66_MEMBER=13177_PSO,GEN=65_MEMBER=12995_PSO,,
GEN=66_MEMBER=13179_PSO,GEN=65_MEMBER=13011_PSO,,
GEN=66_MEMBER=13181_PSO,GEN=64_MEMBER=12765_PSO,,
GEN=66_MEMBER=13183_PSO,GEN=63_MEMBER=12677_PSO,,
GEN=66_MEMBER=13185_PSO,GEN=65_MEMBER=12901_PSO,,
GEN=66_MEMBER=13187_PSO,GEN=65_MEMBER=13023_PSO,,
GEN=66_MEMBER=13189_PSO,GEN=65_MEMBER=13091_PSO,,
GEN=66_MEMBER=13191_PSO,GEN=64_MEMBER=12839_PSO,,
GEN=66_MEMBER=13193_PSO,GEN=65_MEMBER=13063_PSO,,
GEN=66_MEMBER=13195_PSO,GEN=64_MEMBER=12837_PSO,,
GEN=66_MEMBER=13197_PSO,GEN=62_MEMBER=12311_PSO,,
GEN=66_MEMBER=13199_PSO,GEN=62_MEMBER=12393_PSO,,
GEN=66_MEMBER=13201_PSO,GEN=65_MEMBER=13031_PSO,,
GEN=66_MEMBER=13203_PSO,GEN=65_MEMBER=12927_PSO,,
GEN=66_MEMBER=13205_PSO,GEN=65_MEMBER=12957_PSO,,
GEN=66_MEMBER=13207_PSO,GEN=64_MEMBER=12735_PSO,,
GEN=66_MEMBER=13209_PSO,GEN=65_MEMBER=12975_PSO,,
GEN=66_MEMBER=13211_PSO,GEN=65_MEMBER=13093_PSO,,
GEN=66_MEMBER=13213_PSO,GEN=64_MEMBER=12845_PSO,,
GEN=66_MEMBER=13215_PSO,GEN=64_MEMBER=12821_PSO,,
GEN=66_MEMBER=13217_PSO,GEN=65_MEMBER=13035_PSO,,
GEN=66_MEMBER=13219_PSO,GEN=65_MEMBER=13077_PSO,,
GEN=66_MEMBER=13221_PSO,GEN=63_MEMBER=12561_PSO,,
GEN=66_MEMBER=13223_PSO,GEN=64_MEMBER=12791_PSO,,
GEN=66_MEMBER=13225_PSO,GEN=65_MEMBER=13051_PSO,,
GEN=66_MEMBER=13227_PSO,GEN=65_MEMBER=13007_PSO,,
GEN=66_MEMBER=13229_PSO,GEN=65_MEMBER=12903_PSO,,
GEN=66_MEMBER=13231_PSO,GEN=64_MEMBER=12727_PSO,,
GEN=66_MEMBER=13233_PSO,GEN=63_MEMBER=12557_PSO,,
GEN=66_MEMBER=13235_PSO,GEN=65_MEMBER=12921_PSO,,
GEN=66_MEMBER=13237_PSO,GEN=63_MEMBER=12661_PSO,,
GEN=66_MEMBER=13239_PSO,GEN=60_MEMBER=11913_PSO,,
GEN=66_MEMBER=13241_PSO,GEN=60_MEMBER=12035_PSO,,
GEN=66_MEMBER=13243_PSO,GEN=64_MEMBER=12875_PSO,,
GEN=66_MEMBER=13245_PSO,GEN=65_MEMBER=12943_PSO,,
GEN=66_MEMBER=13247_PSO,GEN=64_MEMBER=12787_PSO,,
GEN=66_MEMBER=13249_PSO,GEN=60_MEMBER=11937_PSO,,
GEN=66_MEMBER=13251_PSO,GEN=64_MEMBER=12815_PSO,,
GEN=66_MEMBER=13253_PSO,GEN=65_MEMBER=13079_PSO,,
GEN=66_MEMBER=13255_PSO,GEN=65_MEMBER=12945_PSO,,
GEN=66_MEMBER=13257_PSO,GEN=58_MEMBER=11665_PSO,,
GEN=66_MEMBER=13259_PSO,GEN=63_MEMBER=12611_PSO,,
GEN=66_MEMBER=13261_PSO,GEN=63_MEMBER=12645_PSO,,
GEN=66_MEMBER=13263_PSO,GEN=60_MEMBER=12019_PSO,,
GEN=66_MEMBER=13265_PSO,GEN=62_MEMBER=12407_PSO,,
GEN=66_MEMBER=13267_PSO,GEN=58_MEMBER=11629_PSO,,
GEN=66_MEMBER=13269_PSO,GEN=64_MEMBER=12761_PSO,,
GEN=66_MEMBER=13271_PSO,GEN=61_MEMBER=12279_PSO,,
GEN=66_MEMBER=13273_PSO,GEN=56_MEMBER=11277_PSO,,
GEN=66_MEMBER=13275_PSO,GEN=64_MEMBER=12757_PSO,,
GEN=66_MEMBER=13277_PSO,GEN=65_MEMBER=13071_PSO,,
GEN=66_MEMBER=13279_PSO,GEN=64_MEMBER=12811_PSO,,
GEN=66_MEMBER=13281_PSO,GEN=63_MEMBER=12655_PSO,,
GEN=66_MEMBER=13283_PSO,GEN=53_MEMBER=10677_PSO,,
GEN=66_MEMBER=13285_PSO,GEN=55_MEMBER=10973_PSO,,
GEN=66_MEMBER=13287_PSO,GEN=55_MEMBER=11037_PSO,,
GEN=66_MEMBER=13289_PSO,GEN=56_MEMBER=11259_PSO,,
GEN=66_MEMBER=13291_PSO,GEN=65_MEMBER=12987_PSO,,
GEN=66_MEMBER=13293_PSO,GEN=63_MEMBER=12639_PSO,,
GEN=66_MEMBER=13295_PSO,GEN=62_MEMBER=12491_PSO,,
GEN=66_MEMBER=13297_PSO,GEN=61_MEMBER=12135_PSO,,
GEN=66_MEMBER=13299_PSO,GEN=62_MEMBER=12313_PSO,,
GEN=67_MEMBER=13301_PSO,GEN=66_MEMBER=13257_PSO,,
GEN=67_MEMBER=13303_PSO,GEN=66_MEMBER=13279_PSO,,
GEN=67_MEMBER=13305_PSO,GEN=66_MEMBER=13223_PSO,,
GEN=67_MEMBER=13307_PSO,GEN=66_MEMBER=13215_PSO,,
GEN=67_MEMBER=13309_PSO,GEN=66_MEMBER=13267_PSO,,
GEN=67_MEMBER=13311_PSO,GEN=66_MEMBER=13253_PSO,,
GEN=67_MEMBER=13313_PSO,GEN=66_MEMBER=13275_PSO,,
GEN=67_MEMBER=13315_PSO,GEN=66_MEMBER=13283_PSO,,
GEN=67_MEMBER=13317_PSO,GEN=66_MEMBER=13205_PSO,,
GEN=67_MEMBER=13319_PSO,GEN=65_MEMBER=13055_PSO,,
GEN=67_MEMBER=13321_PSO,GEN=66_MEMBER=13185_PSO,,
GEN=67_MEMBER=13323_PSO,GEN=66_MEMBER=13147_PSO,,
GEN=67_MEMBER=13325_PSO,GEN=66_MEMBER=13299_PSO,,
GEN=67_MEMBER=13327_PSO,GEN=66_MEMBER=13297_PSO,,
GEN=67_MEMBER=13329_PSO,GEN=66_MEMBER=13197_PSO,,
GEN=67_MEMBER=13331_PSO,GEN=66_MEMBER=13237_PSO,,
GEN=67_MEMBER=13333_PSO,GEN=66_MEMBER=13181_PSO,,
GEN=67_MEMBER=13335_PSO,GEN=66_MEMBER=13135_PSO,,
GEN=67_MEMBER=13337_PSO,GEN=62_MEMBER=12317_PSO,,
GEN=67_MEMBER=13339_PSO,GEN=66_MEMBER=13133_PSO,,
GEN=67_MEMBER=13341_PSO,GEN=66_MEMBER=13293_PSO,,
GEN=67_MEMBER=13343_PSO,GEN=65_MEMBER=13097_PSO,,
GEN=67_MEMBER=13345_PSO,GEN=66_MEMBER=13209_PSO,,
GEN=67_MEMBER=13347_PSO,GEN=64_MEMBER=12703_PSO,,
GEN=67_MEMBER=13349_PSO,GEN=66_MEMBER=13169_PSO,,
GEN=67_MEMBER=13351_PSO,GEN=66_MEMBER=13221_PSO,,
GEN=67_MEMBER=13353_PSO,GEN=66_MEMBER=13113_PSO,,
GEN=67_MEMBER=13355_PSO,GEN=66_MEMBER=13259_PSO,,
GEN=67_MEMBER=13357_PSO,GEN=64_MEMBER=12877_PSO,,
GEN=67_MEMBER=13359_PSO,GEN=65_MEMBER=13005_PSO,,
GEN=67_MEMBER=13361_PSO,GEN=66_MEMBER=13261_PSO,,
GEN=67_MEMBER=13363_PSO,GEN=66_MEMBER=13217_PSO,,
GEN=67_MEMBER=13365_PSO,GEN=66_MEMBER=13287_PSO,,
GEN=67_MEMBER=13367_PSO,GEN=66_MEMBER=13143_PSO,,
GEN=67_MEMBER=13369_PSO,GEN=66_MEMBER=13123_PSO,,
GEN=67_MEMBER=13371_PSO,GEN=66_MEMBER=13175_PSO,,
GEN=67_MEMBER=13373_PSO,GEN=66_MEMBER=13101_PSO,,
GEN=67_MEMBER=13375_PSO,GEN=66_MEMBER=13207_PSO,,
GEN=67_MEMBER=13377_PSO,GEN=66_MEMBER=13251_PSO,,
GEN=67_MEMBER=13379_PSO,GEN=66_MEMBER=13271_PSO,,
GEN=67_MEMBER=13381_PSO,GEN=64_MEMBER=12765_PSO,,
GEN=67_MEMBER=13383_PSO,GEN=63_MEMBER=12677_PSO,,
GEN=67_MEMBER=13385_PSO,GEN=66_MEMBER=13241_PSO,,
GEN=67_MEMBER=13387_PSO,GEN=65_MEMBER=13023_PSO,,
GEN=67_MEMBER=13389_PSO,GEN=65_MEMBER=13091_PSO,,
GEN=67_MEMBER=13391_PSO,GEN=64_MEMBER=12839_PSO,,
GEN=67_MEMBER=13393_PSO,GEN=65_MEMBER=13063_PSO,,
GEN=67_MEMBER=13395_PSO,GEN=66_MEMBER=13199_PSO,,
GEN=67_MEMBER=13397_PSO,GEN=62_MEMBER=12311_PSO,,
GEN=67_MEMBER=13399_PSO,GEN=62_MEMBER=12393_PSO,,
GEN=67_MEMBER=13401_PSO,GEN=65_MEMBER=13031_PSO,,
GEN=67_MEMBER=13403_PSO,GEN=65_MEMBER=12927_PSO,,
GEN=67_MEMBER=13405_PSO,GEN=66_MEMBER=13119_PSO,,
GEN=67_MEMBER=13407_PSO,GEN=64_MEMBER=12735_PSO,,
GEN=67_MEMBER=13409_PSO,GEN=66_MEMBER=13157_PSO,,
GEN=67_MEMBER=13411_PSO,GEN=65_MEMBER=13093_PSO,,
GEN=67_MEMBER=13413_PSO,GEN=66_MEMBER=13263_PSO,,
GEN=67_MEMBER=13415_PSO,GEN=64_MEMBER=12821_PSO,,
GEN=67_MEMBER=13417_PSO,GEN=65_MEMBER=13035_PSO,,
GEN=67_MEMBER=13419_PSO,GEN=65_MEMBER=13077_PSO,,
GEN=67_MEMBER=13421_PSO,GEN=63_MEMBER=12561_PSO,,
GEN=67_MEMBER=13423_PSO,GEN=64_MEMBER=12791_PSO,,
GEN=67_MEMBER=13425_PSO,GEN=66_MEMBER=13109_PSO,,
GEN=67_MEMBER=13427_PSO,GEN=65_MEMBER=13007_PSO,,
GEN=67_MEMBER=13429_PSO,GEN=65_MEMBER=12903_PSO,,
GEN=67_MEMBER=13431_PSO,GEN=66_MEMBER=13295_PSO,,
GEN=67_MEMBER=13433_PSO,GEN=63_MEMBER=12557_PSO,,
GEN=67_MEMBER=13435_PSO,GEN=65_MEMBER=12921_PSO,,
GEN=67_MEMBER=13437_PSO,GEN=66_MEMBER=13151_PSO,,
GEN=67_MEMBER=13439_PSO,GEN=60_MEMBER=11913_PSO,,
GEN=67_MEMBER=13441_PSO,GEN=60_MEMBER=12035_PSO,,
GEN=67_MEMBER=13443_PSO,GEN=64_MEMBER=12875_PSO,,
GEN=67_MEMBER=13445_PSO,GEN=65_MEMBER=12943_PSO,,
GEN=67_MEMBER=13447_PSO,GEN=64_MEMBER=12787_PSO,,
GEN=67_MEMBER=13449_PSO,GEN=66_MEMBER=13213_PSO,,
GEN=67_MEMBER=13451_PSO,GEN=64_MEMBER=12815_PSO,,
GEN=67_MEMBER=13453_PSO,GEN=66_MEMBER=13231_PSO,,
GEN=67_MEMBER=13455_PSO,GEN=65_MEMBER=12945_PSO,,
GEN=67_MEMBER=13457_PSO,GEN=58_MEMBER=11665_PSO,,
GEN=67_MEMBER=13459_PSO,GEN=66_MEMBER=13111_PSO,,
GEN=67_MEMBER=13461_PSO,GEN=63_MEMBER=12645_PSO,,
GEN=67_MEMBER=13463_PSO,GEN=60_MEMBER=12019_PSO,,
GEN=67_MEMBER=13465_PSO,GEN=62_MEMBER=12407_PSO,,
GEN=67_MEMBER=13467_PSO,GEN=58_MEMBER=11629_PSO,,
GEN=67_MEMBER=13469_PSO,GEN=66_MEMBER=13273_PSO,,
GEN=67_MEMBER=13471_PSO,GEN=61_MEMBER=12279_PSO,,
GEN=67_MEMBER=13473_PSO,GEN=56_MEMBER=11277_PSO,,
GEN=67_MEMBER=13475_PSO,GEN=64_MEMBER=12757_PSO,,
GEN=67_MEMBER=13477_PSO,GEN=66_MEMBER=13227_PSO,,
GEN=67_MEMBER=13479_PSO,GEN=64_MEMBER=12811_PSO,,
GEN=67_MEMBER=13481_PSO,GEN=66_MEMBER=13203_PSO,,
GEN=67_MEMBER=13483_PSO,GEN=53_MEMBER=10677_PSO,,
GEN=67_MEMBER=13485_PSO,GEN=55_MEMBER=10973_PSO,,
GEN=67_MEMBER=13487_PSO,GEN=66_MEMBER=13285_PSO,,
GEN=67_MEMBER=13489_PSO,GEN=56_MEMBER=11259_PSO,,
GEN=67_MEMBER=13491_PSO,GEN=65_MEMBER=12987_PSO,,
GEN=67_MEMBER=13493_PSO,GEN=63_MEMBER=12639_PSO,,
GEN=67_MEMBER=13495_PSO,GEN=62_MEMBER=12491_PSO,,
GEN=67_MEMBER=13497_PSO,GEN=61_MEMBER=12135_PSO,,
GEN=67_MEMBER=13499_PSO,GEN=62_MEMBER=12313_PSO,,
GEN=68_MEMBER=13501_PSO,GEN=67_MEMBER=13463_PSO,,
GEN=68_MEMBER=13503_PSO,GEN=67_MEMBER=13479_PSO,,
GEN=68_MEMBER=13505_PSO,GEN=67_MEMBER=13481_PSO,,
GEN=68_MEMBER=13507_PSO,GEN=67_MEMBER=13457_PSO,,
GEN=68_MEMBER=13509_PSO,GEN=67_MEMBER=13499_PSO,,
GEN=68_MEMBER=13511_PSO,GEN=67_MEMBER=13433_PSO,,
GEN=68_MEMBER=13513_PSO,GEN=67_MEMBER=13381_PSO,,
GEN=68_MEMBER=13515_PSO,GEN=67_MEMBER=13469_PSO,,
GEN=68_MEMBER=13517_PSO,GEN=67_MEMBER=13431_PSO,,
GEN=68_MEMBER=13519_PSO,GEN=67_MEMBER=13475_PSO,,
GEN=68_MEMBER=13521_PSO,GEN=66_MEMBER=13185_PSO,,
GEN=68_MEMBER=13523_PSO,GEN=67_MEMBER=13423_PSO,,
GEN=68_MEMBER=13525_PSO,GEN=67_MEMBER=13327_PSO,,
GEN=68_MEMBER=13527_PSO,GEN=66_MEMBER=13297_PSO,,
GEN=68_MEMBER=13529_PSO,GEN=66_MEMBER=13197_PSO,,
GEN=68_MEMBER=13531_PSO,GEN=67_MEMBER=13439_PSO,,
GEN=68_MEMBER=13533_PSO,GEN=66_MEMBER=13181_PSO,,
GEN=68_MEMBER=13535_PSO,GEN=67_MEMBER=13403_PSO,,
GEN=68_MEMBER=13537_PSO,GEN=62_MEMBER=12317_PSO,,
GEN=68_MEMBER=13539_PSO,GEN=67_MEMBER=13477_PSO,,
GEN=68_MEMBER=13541_PSO,GEN=66_MEMBER=13293_PSO,,
GEN=68_MEMBER=13543_PSO,GEN=67_MEMBER=13307_PSO,,
GEN=68_MEMBER=13545_PSO,GEN=67_MEMBER=13487_PSO,,
GEN=68_MEMBER=13547_PSO,GEN=67_MEMBER=13347_PSO,,
GEN=68_MEMBER=13549_PSO,GEN=66_MEMBER=13169_PSO,,
GEN=68_MEMBER=13551_PSO,GEN=66_MEMBER=13221_PSO,,
GEN=68_MEMBER=13553_PSO,GEN=67_MEMBER=13413_PSO,,
GEN=68_MEMBER=13555_PSO,GEN=67_MEMBER=13445_PSO,,
GEN=68_MEMBER=13557_PSO,GEN=64_MEMBER=12877_PSO,,
GEN=68_MEMBER=13559_PSO,GEN=65_MEMBER=13005_PSO,,
GEN=68_MEMBER=13561_PSO,GEN=66_MEMBER=13261_PSO,,
GEN=68_MEMBER=13563_PSO,GEN=67_MEMBER=13305_PSO,,
GEN=68_MEMBER=13565_PSO,GEN=67_MEMBER=13333_PSO,,
GEN=68_MEMBER=13567_PSO,GEN=66_MEMBER=13143_PSO,,
GEN=68_MEMBER=13569_PSO,GEN=66_MEMBER=13123_PSO,,
GEN=68_MEMBER=13571_PSO,GEN=66_MEMBER=13175_PSO,,
GEN=68_MEMBER=13573_PSO,GEN=66_MEMBER=13101_PSO,,
GEN=68_MEMBER=13575_PSO,GEN=67_MEMBER=13493_PSO,,
GEN=68_MEMBER=13577_PSO,GEN=66_MEMBER=13251_PSO,,
GEN=68_MEMBER=13579_PSO,GEN=67_MEMBER=13313_PSO,,
GEN=68_MEMBER=13581_PSO,GEN=67_MEMBER=13489_PSO,,
GEN=68_MEMBER=13583_PSO,GEN=67_MEMBER=13389_PSO,,
GEN=68_MEMBER=13585_PSO,GEN=66_MEMBER=13241_PSO,,
GEN=68_MEMBER=13587_PSO,GEN=67_MEMBER=13491_PSO,,
GEN=68_MEMBER=13589_PSO,GEN=65_MEMBER=13091_PSO,,
GEN=68_MEMBER=13591_PSO,GEN=64_MEMBER=12839_PSO,,
GEN=68_MEMBER=13593_PSO,GEN=65_MEMBER=13063_PSO,,
GEN=68_MEMBER=13595_PSO,GEN=66_MEMBER=13199_PSO,,
GEN=68_MEMBER=13597_PSO,GEN=67_MEMBER=13447_PSO,,
GEN=68_MEMBER=13599_PSO,GEN=62_MEMBER=12393_PSO,,
GEN=68_MEMBER=13601_PSO,GEN=67_MEMBER=13401_PSO,,
GEN=68_MEMBER=13603_PSO,GEN=65_MEMBER=12927_PSO,,
GEN=68_MEMBER=13605_PSO,GEN=66_MEMBER=13119_PSO,,
GEN=68_MEMBER=13607_PSO,GEN=64_MEMBER=12735_PSO,,
GEN=68_MEMBER=13609_PSO,GEN=67_MEMBER=13443_PSO,,
GEN=68_MEMBER=13611_PSO,GEN=65_MEMBER=13093_PSO,,
GEN=68_MEMBER=13613_PSO,GEN=67_MEMBER=13377_PSO,,
GEN=68_MEMBER=13615_PSO,GEN=64_MEMBER=12821_PSO,,
GEN=68_MEMBER=13617_PSO,GEN=65_MEMBER=13035_PSO,,
GEN=68_MEMBER=13619_PSO,GEN=65_MEMBER=13077_PSO,,
GEN=68_MEMBER=13621_PSO,GEN=63_MEMBER=12561_PSO,,
GEN=68_MEMBER=13623_PSO,GEN=67_MEMBER=13395_PSO,,
GEN=68_MEMBER=13625_PSO,GEN=66_MEMBER=13109_PSO,,
GEN=68_MEMBER=13627_PSO,GEN=65_MEMBER=13007_PSO,,
GEN=68_MEMBER=13629_PSO,GEN=67_MEMBER=13449_PSO,,
GEN=68_MEMBER=13631_PSO,GEN=66_MEMBER=13295_PSO,,
GEN=68_MEMBER=13633_PSO,GEN=63_MEMBER=12557_PSO,,
GEN=68_MEMBER=13635_PSO,GEN=65_MEMBER=12921_PSO,,
GEN=68_MEMBER=13637_PSO,GEN=66_MEMBER=13151_PSO,,
GEN=68_MEMBER=13639_PSO,GEN=60_MEMBER=11913_PSO,,
GEN=68_MEMBER=13641_PSO,GEN=60_MEMBER=12035_PSO,,
GEN=68_MEMBER=13643_PSO,GEN=67_MEMBER=13467_PSO,,
GEN=68_MEMBER=13645_PSO,GEN=65_MEMBER=12943_PSO,,
GEN=68_MEMBER=13647_PSO,GEN=64_MEMBER=12787_PSO,,
GEN=68_MEMBER=13649_PSO,GEN=66_MEMBER=13213_PSO,,
GEN=68_MEMBER=13651_PSO,GEN=64_MEMBER=12815_PSO,,
GEN=68_MEMBER=13653_PSO,GEN=66_MEMBER=13231_PSO,,
GEN=68_MEMBER=13655_PSO,GEN=65_MEMBER=12945_PSO,,
GEN=68_MEMBER=13657_PSO,GEN=58_MEMBER=11665_PSO,,
GEN=68_MEMBER=13659_PSO,GEN=67_MEMBER=13485_PSO,,
GEN=68_MEMBER=13661_PSO,GEN=63_MEMBER=12645_PSO,,
GEN=68_MEMBER=13663_PSO,GEN=60_MEMBER=12019_PSO,,
GEN=68_MEMBER=13665_PSO,GEN=62_MEMBER=12407_PSO,,
GEN=68_MEMBER=13667_PSO,GEN=67_MEMBER=13341_PSO,,
GEN=68_MEMBER=13669_PSO,GEN=66_MEMBER=13273_PSO,,
GEN=68_MEMBER=13671_PSO,GEN=61_MEMBER=12279_PSO,,
GEN=68_MEMBER=13673_PSO,GEN=56_MEMBER=11277_PSO,,
GEN=68_MEMBER=13675_PSO,GEN=64_MEMBER=12757_PSO,,
GEN=68_MEMBER=13677_PSO,GEN=67_MEMBER=13393_PSO,,
GEN=68_MEMBER=13679_PSO,GEN=64_MEMBER=12811_PSO,,
GEN=68_MEMBER=13681_PSO,GEN=67_MEMBER=13465_PSO,,
GEN=68_MEMBER=13683_PSO,GEN=53_MEMBER=10677_PSO,,
GEN=68_MEMBER=13685_PSO,GEN=55_MEMBER=10973_PSO,,
GEN=68_MEMBER=13687_PSO,GEN=66_MEMBER=13285_PSO,,
GEN=68_MEMBER=13689_PSO,GEN=56_MEMBER=11259_PSO,,
GEN=68_MEMBER=13691_PSO,GEN=65_MEMBER=12987_PSO,,
GEN=68_MEMBER=13693_PSO,GEN=63_MEMBER=12639_PSO,,
GEN=68_MEMBER=13695_PSO,GEN=62_MEMBER=12491_PSO,,
GEN=68_MEMBER=13697_PSO,GEN=61_MEMBER=12135_PSO,,
GEN=68_MEMBER=13699_PSO,GEN=62_MEMBER=12313_PSO,,
GEN=69_MEMBER=13701_PSO,GEN=68_MEMBER=13581_PSO,,
GEN=69_MEMBER=13703_PSO,GEN=68_MEMBER=13677_PSO,,
GEN=69_MEMBER=13705_PSO,GEN=68_MEMBER=13631_PSO,,
GEN=69_MEMBER=13707_PSO,GEN=68_MEMBER=13699_PSO,,
GEN=69_MEMBER=13709_PSO,GEN=68_MEMBER=13589_PSO,,
GEN=69_MEMBER=13711_PSO,GEN=68_MEMBER=13657_PSO,,
GEN=69_MEMBER=13713_PSO,GEN=68_MEMBER=13597_PSO,,
GEN=69_MEMBER=13715_PSO,GEN=68_MEMBER=13577_PSO,,
GEN=69_MEMBER=13717_PSO,GEN=68_MEMBER=13511_PSO,,
GEN=69_MEMBER=13719_PSO,GEN=68_MEMBER=13517_PSO,,
GEN=69_MEMBER=13721_PSO,GEN=66_MEMBER=13185_PSO,,
GEN=69_MEMBER=13723_PSO,GEN=68_MEMBER=13687_PSO,,
GEN=69_MEMBER=13725_PSO,GEN=68_MEMBER=13569_PSO,,
GEN=69_MEMBER=13727_PSO,GEN=68_MEMBER=13603_PSO,,
GEN=69_MEMBER=13729_PSO,GEN=66_MEMBER=13197_PSO,,
GEN=69_MEMBER=13731_PSO,GEN=68_MEMBER=13509_PSO,,
GEN=69_MEMBER=13733_PSO,GEN=68_MEMBER=13507_PSO,,
GEN=69_MEMBER=13735_PSO,GEN=68_MEMBER=13679_PSO,,
GEN=69_MEMBER=13737_PSO,GEN=62_MEMBER=12317_PSO,,
GEN=69_MEMBER=13739_PSO,GEN=67_MEMBER=13477_PSO,,
GEN=69_MEMBER=13741_PSO,GEN=66_MEMBER=13293_PSO,,
GEN=69_MEMBER=13743_PSO,GEN=68_MEMBER=13673_PSO,,
GEN=69_MEMBER=13745_PSO,GEN=68_MEMBER=13565_PSO,,
GEN=69_MEMBER=13747_PSO,GEN=68_MEMBER=13667_PSO,,
GEN=69_MEMBER=13749_PSO,GEN=66_MEMBER=13169_PSO,,
GEN=69_MEMBER=13751_PSO,GEN=66_MEMBER=13221_PSO,,
GEN=69_MEMBER=13753_PSO,GEN=67_MEMBER=13413_PSO,,
GEN=69_MEMBER=13755_PSO,GEN=67_MEMBER=13445_PSO,,
GEN=69_MEMBER=13757_PSO,GEN=68_MEMBER=13643_PSO,,
GEN=69_MEMBER=13759_PSO,GEN=65_MEMBER=13005_PSO,,
GEN=69_MEMBER=13761_PSO,GEN=66_MEMBER=13261_PSO,,
GEN=69_MEMBER=13763_PSO,GEN=68_MEMBER=13515_PSO,,
GEN=69_MEMBER=13765_PSO,GEN=68_MEMBER=13501_PSO,,
GEN=69_MEMBER=13767_PSO,GEN=66_MEMBER=13143_PSO,,
GEN=69_MEMBER=13769_PSO,GEN=68_MEMBER=13669_PSO,,
GEN=69_MEMBER=13771_PSO,GEN=68_MEMBER=13579_PSO,,
GEN=69_MEMBER=13773_PSO,GEN=66_MEMBER=13101_PSO,,
GEN=69_MEMBER=13775_PSO,GEN=67_MEMBER=13493_PSO,,
GEN=69_MEMBER=13777_PSO,GEN=68_MEMBER=13617_PSO,,
GEN=69_MEMBER=13779_PSO,GEN=68_MEMBER=13519_PSO,,
GEN=69_MEMBER=13781_PSO,GEN=68_MEMBER=13649_PSO,,
GEN=69_MEMBER=13783_PSO,GEN=67_MEMBER=13389_PSO,,
GEN=69_MEMBER=13785_PSO,GEN=68_MEMBER=13661_PSO,,
GEN=69_MEMBER=13787_PSO,GEN=68_MEMBER=13627_PSO,,
GEN=69_MEMBER=13789_PSO,GEN=68_MEMBER=13685_PSO,,
GEN=69_MEMBER=13791_PSO,GEN=68_MEMBER=13641_PSO,,
GEN=69_MEMBER=13793_PSO,GEN=68_MEMBER=13551_PSO,,
GEN=69_MEMBER=13795_PSO,GEN=66_MEMBER=13199_PSO,,
GEN=69_MEMBER=13797_PSO,GEN=68_MEMBER=13693_PSO,,
GEN=69_MEMBER=13799_PSO,GEN=68_MEMBER=13681_PSO,,
GEN=69_MEMBER=13801_PSO,GEN=67_MEMBER=13401_PSO,,
GEN=69_MEMBER=13803_PSO,GEN=65_MEMBER=12927_PSO,,
GEN=69_MEMBER=13805_PSO,GEN=66_MEMBER=13119_PSO,,
GEN=69_MEMBER=13807_PSO,GEN=64_MEMBER=12735_PSO,,
GEN=69_MEMBER=13809_PSO,GEN=68_MEMBER=13651_PSO,,
GEN=69_MEMBER=13811_PSO,GEN=65_MEMBER=13093_PSO,,
GEN=69_MEMBER=13813_PSO,GEN=68_MEMBER=13583_PSO,,
GEN=69_MEMBER=13815_PSO,GEN=64_MEMBER=12821_PSO,,
GEN=69_MEMBER=13817_PSO,GEN=68_MEMBER=13671_PSO,,
GEN=69_MEMBER=13819_PSO,GEN=68_MEMBER=13557_PSO,,
GEN=69_MEMBER=13821_PSO,GEN=68_MEMBER=13639_PSO,,
GEN=69_MEMBER=13823_PSO,GEN=67_MEMBER=13395_PSO,,
GEN=69_MEMBER=13825_PSO,GEN=66_MEMBER=13109_PSO,,
GEN=69_MEMBER=13827_PSO,GEN=65_MEMBER=13007_PSO,,
GEN=69_MEMBER=13829_PSO,GEN=68_MEMBER=13505_PSO,,
GEN=69_MEMBER=13831_PSO,GEN=66_MEMBER=13295_PSO,,
GEN=69_MEMBER=13833_PSO,GEN=63_MEMBER=12557_PSO,,
GEN=69_MEMBER=13835_PSO,GEN=65_MEMBER=12921_PSO,,
GEN=69_MEMBER=13837_PSO,GEN=66_MEMBER=13151_PSO,,
GEN=69_MEMBER=13839_PSO,GEN=60_MEMBER=11913_PSO,,
GEN=69_MEMBER=13841_PSO,GEN=60_MEMBER=12035_PSO,,
GEN=69_MEMBER=13843_PSO,GEN=67_MEMBER=13467_PSO,,
GEN=69_MEMBER=13845_PSO,GEN=65_MEMBER=12943_PSO,,
GEN=69_MEMBER=13847_PSO,GEN=64_MEMBER=12787_PSO,,
GEN=69_MEMBER=13849_PSO,GEN=66_MEMBER=13213_PSO,,
GEN=69_MEMBER=13851_PSO,GEN=64_MEMBER=12815_PSO,,
GEN=69_MEMBER=13853_PSO,GEN=66_MEMBER=13231_PSO,,
GEN=69_MEMBER=13855_PSO,GEN=68_MEMBER=13647_PSO,,
GEN=69_MEMBER=13857_PSO,GEN=58_MEMBER=11665_PSO,,
GEN=69_MEMBER=13859_PSO,GEN=68_MEMBER=13691_PSO,,
GEN=69_MEMBER=13861_PSO,GEN=63_MEMBER=12645_PSO,,
GEN=69_MEMBER=13863_PSO,GEN=60_MEMBER=12019_PSO,,
GEN=69_MEMBER=13865_PSO,GEN=62_MEMBER=12407_PSO,,
GEN=69_MEMBER=13867_PSO,GEN=67_MEMBER=13341_PSO,,
GEN=69_MEMBER=13869_PSO,GEN=66_MEMBER=13273_PSO,,
GEN=69_MEMBER=13871_PSO,GEN=61_MEMBER=12279_PSO,,
GEN=69_MEMBER=13873_PSO,GEN=56_MEMBER=11277_PSO,,
GEN=69_MEMBER=13875_PSO,GEN=64_MEMBER=12757_PSO,,
GEN=69_MEMBER=13877_PSO,GEN=68_MEMBER=13625_PSO,,
GEN=69_MEMBER=13879_PSO,GEN=64_MEMBER=12811_PSO,,
GEN=69_MEMBER=13881_PSO,GEN=67_MEMBER=13465_PSO,,
GEN=69_MEMBER=13883_PSO,GEN=53_MEMBER=10677_PSO,,
GEN=69_MEMBER=13885_PSO,GEN=55_MEMBER=10973_PSO,,
GEN=69_MEMBER=13887_PSO,GEN=66_MEMBER=13285_PSO,,
GEN=69_MEMBER=13889_PSO,GEN=68_MEMBER=13633_PSO,,
GEN=69_MEMBER=13891_PSO,GEN=65_MEMBER=12987_PSO,,
GEN=69_MEMBER=13893_PSO,GEN=63_MEMBER=12639_PSO,,
GEN=69_MEMBER=13895_PSO,GEN=62_MEMBER=12491_PSO,,
GEN=69_MEMBER=13897_PSO,GEN=68_MEMBER=13665_PSO,,
GEN=69_MEMBER=13899_PSO,GEN=62_MEMBER=12313_PSO,,
GEN=70_MEMBER=13901_PSO,GEN=69_MEMBER=13887_PSO,,
GEN=70_MEMBER=13903_PSO,GEN=69_MEMBER=13897_PSO,,
GEN=70_MEMBER=13905_PSO,GEN=69_MEMBER=13893_PSO,,
GEN=70_MEMBER=13907_PSO,GEN=69_MEMBER=13885_PSO,,
GEN=70_MEMBER=13909_PSO,GEN=69_MEMBER=13845_PSO,,
GEN=70_MEMBER=13911_PSO,GEN=69_MEMBER=13743_PSO,,
GEN=70_MEMBER=13913_PSO,GEN=69_MEMBER=13787_PSO,,
GEN=70_MEMBER=13915_PSO,GEN=69_MEMBER=13877_PSO,,
GEN=70_MEMBER=13917_PSO,GEN=68_MEMBER=13511_PSO,,
GEN=70_MEMBER=13919_PSO,GEN=69_MEMBER=13789_PSO,,
GEN=70_MEMBER=13921_PSO,GEN=69_MEMBER=13871_PSO,,
GEN=70_MEMBER=13923_PSO,GEN=69_MEMBER=13829_PSO,,
GEN=70_MEMBER=13925_PSO,GEN=69_MEMBER=13785_PSO,,
GEN=70_MEMBER=13927_PSO,GEN=69_MEMBER=13773_PSO,,
GEN=70_MEMBER=13929_PSO,GEN=69_MEMBER=13855_PSO,,
GEN=70_MEMBER=13931_PSO,GEN=69_MEMBER=13859_PSO,,
GEN=70_MEMBER=13933_PSO,GEN=68_MEMBER=13507_PSO,,
GEN=70_MEMBER=13935_PSO,GEN=69_MEMBER=13847_PSO,,
GEN=70_MEMBER=13937_PSO,GEN=69_MEMBER=13875_PSO,,
GEN=70_MEMBER=13939_PSO,GEN=69_MEMBER=13737_PSO,,
GEN=70_MEMBER=13941_PSO,GEN=66_MEMBER=13293_PSO,,
GEN=70_MEMBER=13943_PSO,GEN=68_MEMBER=13673_PSO,,
GEN=70_MEMBER=13945_PSO,GEN=69_MEMBER=13867_PSO,,
GEN=70_MEMBER=13947_PSO,GEN=69_MEMBER=13745_PSO,,
GEN=70_MEMBER=13949_PSO,GEN=69_MEMBER=13707_PSO,,
GEN=70_MEMBER=13951_PSO,GEN=69_MEMBER=13881_PSO,,
GEN=70_MEMBER=13953_PSO,GEN=67_MEMBER=13413_PSO,,
GEN=70_MEMBER=13955_PSO,GEN=67_MEMBER=13445_PSO,,
GEN=70_MEMBER=13957_PSO,GEN=68_MEMBER=13643_PSO,,
GEN=70_MEMBER=13959_PSO,GEN=65_MEMBER=13005_PSO,,
GEN=70_MEMBER=13961_PSO,GEN=66_MEMBER=13261_PSO,,
GEN=70_MEMBER=13963_PSO,GEN=69_MEMBER=13727_PSO,,
GEN=70_MEMBER=13965_PSO,GEN=69_MEMBER=13709_PSO,,
GEN=70_MEMBER=13967_PSO,GEN=69_MEMBER=13817_PSO,,
GEN=70_MEMBER=13969_PSO,GEN=68_MEMBER=13669_PSO,,
GEN=70_MEMBER=13971_PSO,GEN=68_MEMBER=13579_PSO,,
GEN=70_MEMBER=13973_PSO,GEN=69_MEMBER=13841_PSO,,
GEN=70_MEMBER=13975_PSO,GEN=69_MEMBER=13731_PSO,,
GEN=70_MEMBER=13977_PSO,GEN=69_MEMBER=13811_PSO,,
GEN=70_MEMBER=13979_PSO,GEN=68_MEMBER=13519_PSO,,
GEN=70_MEMBER=13981_PSO,GEN=68_MEMBER=13649_PSO,,
GEN=70_MEMBER=13983_PSO,GEN=69_MEMBER=13751_PSO,,
GEN=70_MEMBER=13985_PSO,GEN=68_MEMBER=13661_PSO,,
GEN=70_MEMBER=13987_PSO,GEN=69_MEMBER=13827_PSO,,
GEN=70_MEMBER=13989_PSO,GEN=68_MEMBER=13685_PSO,,
GEN=70_MEMBER=13991_PSO,GEN=69_MEMBER=13767_PSO,,
GEN=70_MEMBER=13993_PSO,GEN=68_MEMBER=13551_PSO,,
GEN=70_MEMBER=13995_PSO,GEN=66_MEMBER=13199_PSO,,
GEN=70_MEMBER=13997_PSO,GEN=68_MEMBER=13693_PSO,,
GEN=70_MEMBER=13999_PSO,GEN=69_MEMBER=13815_PSO,,
GEN=70_MEMBER=14001_PSO,GEN=67_MEMBER=13401_PSO,,
GEN=70_MEMBER=14003_PSO,GEN=65_MEMBER=12927_PSO,,
GEN=70_MEMBER=14005_PSO,GEN=66_MEMBER=13119_PSO,,
GEN=70_MEMBER=14007_PSO,GEN=69_MEMBER=13725_PSO,,
GEN=70_MEMBER=14009_PSO,GEN=69_MEMBER=13843_PSO,,
GEN=70_MEMBER=14011_PSO,GEN=69_MEMBER=13821_PSO,,
GEN=70_MEMBER=14013_PSO,GEN=69_MEMBER=13799_PSO,,
GEN=70_MEMBER=14015_PSO,GEN=64_MEMBER=12821_PSO,,
GEN=70_MEMBER=14017_PSO,GEN=69_MEMBER=13839_PSO,,
GEN=70_MEMBER=14019_PSO,GEN=68_MEMBER=13557_PSO,,
GEN=70_MEMBER=14021_PSO,GEN=68_MEMBER=13639_PSO,,
GEN=70_MEMBER=14023_PSO,GEN=67_MEMBER=13395_PSO,,
GEN=70_MEMBER=14025_PSO,GEN=66_MEMBER=13109_PSO,,
GEN=70_MEMBER=14027_PSO,GEN=69_MEMBER=13753_PSO,,
GEN=70_MEMBER=14029_PSO,GEN=68_MEMBER=13505_PSO,,
GEN=70_MEMBER=14031_PSO,GEN=66_MEMBER=13295_PSO,,
GEN=70_MEMBER=14033_PSO,GEN=69_MEMBER=13837_PSO,,
GEN=70_MEMBER=14035_PSO,GEN=65_MEMBER=12921_PSO,,
GEN=70_MEMBER=14037_PSO,GEN=66_MEMBER=13151_PSO,,
GEN=70_MEMBER=14039_PSO,GEN=60_MEMBER=11913_PSO,,
GEN=70_MEMBER=14041_PSO,GEN=60_MEMBER=12035_PSO,,
GEN=70_MEMBER=14043_PSO,GEN=67_MEMBER=13467_PSO,,
GEN=70_MEMBER=14045_PSO,GEN=65_MEMBER=12943_PSO,,
GEN=70_MEMBER=14047_PSO,GEN=69_MEMBER=13853_PSO,,
GEN=70_MEMBER=14049_PSO,GEN=69_MEMBER=13805_PSO,,
GEN=70_MEMBER=14051_PSO,GEN=64_MEMBER=12815_PSO,,
GEN=70_MEMBER=14053_PSO,GEN=66_MEMBER=13231_PSO,,
GEN=70_MEMBER=14055_PSO,GEN=68_MEMBER=13647_PSO,,
GEN=70_MEMBER=14057_PSO,GEN=58_MEMBER=11665_PSO,,
GEN=70_MEMBER=14059_PSO,GEN=68_MEMBER=13691_PSO,,
GEN=70_MEMBER=14061_PSO,GEN=69_MEMBER=13711_PSO,,
GEN=70_MEMBER=14063_PSO,GEN=60_MEMBER=12019_PSO,,
GEN=70_MEMBER=14065_PSO,GEN=62_MEMBER=12407_PSO,,
GEN=70_MEMBER=14067_PSO,GEN=69_MEMBER=13763_PSO,,
GEN=70_MEMBER=14069_PSO,GEN=66_MEMBER=13273_PSO,,
GEN=70_MEMBER=14071_PSO,GEN=61_MEMBER=12279_PSO,,
GEN=70_MEMBER=14073_PSO,GEN=56_MEMBER=11277_PSO,,
GEN=70_MEMBER=14075_PSO,GEN=69_MEMBER=13783_PSO,,
GEN=70_MEMBER=14077_PSO,GEN=68_MEMBER=13625_PSO,,
GEN=70_MEMBER=14079_PSO,GEN=64_MEMBER=12811_PSO,,
GEN=70_MEMBER=14081_PSO,GEN=67_MEMBER=13465_PSO,,
GEN=70_MEMBER=14083_PSO,GEN=53_MEMBER=10677_PSO,,
GEN=70_MEMBER=14085_PSO,GEN=55_MEMBER=10973_PSO,,
GEN=70_MEMBER=14087_PSO,GEN=66_MEMBER=13285_PSO,,
GEN=70_MEMBER=14089_PSO,GEN=68_MEMBER=13633_PSO,,
GEN=70_MEMBER=14091_PSO,GEN=65_MEMBER=12987_PSO,,
GEN=70_MEMBER=14093_PSO,GEN=63_MEMBER=12639_PSO,,
GEN=70_MEMBER=14095_PSO,GEN=62_MEMBER=12491_PSO,,
GEN=70_MEMBER=14097_PSO,GEN=68_MEMBER=13665_PSO,,
GEN=70_MEMBER=14099_PSO,GEN=62_MEMBER=12313_PSO,,
GEN=71_MEMBER=14101_PSO,GEN=70_MEMBER=14089_PSO,,
GEN=71_MEMBER=14103_PSO,GEN=70_MEMBER=14069_PSO,,
GEN=71_MEMBER=14105_PSO,GEN=70_MEMBER=14093_PSO,,
GEN=71_MEMBER=14107_PSO,GEN=70_MEMBER=14071_PSO,,
GEN=71_MEMBER=14109_PSO,GEN=70_MEMBER=14023_PSO,,
GEN=71_MEMBER=14111_PSO,GEN=70_MEMBER=14043_PSO,,
GEN=71_MEMBER=14113_PSO,GEN=69_MEMBER=13787_PSO,,
GEN=71_MEMBER=14115_PSO,GEN=70_MEMBER=13965_PSO,,
GEN=71_MEMBER=14117_PSO,GEN=70_MEMBER=14059_PSO,,
GEN=71_MEMBER=14119_PSO,GEN=70_MEMBER=13983_PSO,,
GEN=71_MEMBER=14121_PSO,GEN=70_MEMBER=13925_PSO,,
GEN=71_MEMBER=14123_PSO,GEN=70_MEMBER=14033_PSO,,
GEN=71_MEMBER=14125_PSO,GEN=70_MEMBER=14061_PSO,,
GEN=71_MEMBER=14127_PSO,GEN=69_MEMBER=13773_PSO,,
GEN=71_MEMBER=14129_PSO,GEN=70_MEMBER=13979_PSO,,
GEN=71_MEMBER=14131_PSO,GEN=70_MEMBER=14097_PSO,,
GEN=71_MEMBER=14133_PSO,GEN=68_MEMBER=13507_PSO,,
GEN=71_MEMBER=14135_PSO,GEN=69_MEMBER=13847_PSO,,
GEN=71_MEMBER=14137_PSO,GEN=70_MEMBER=13977_PSO,,
GEN=71_MEMBER=14139_PSO,GEN=70_MEMBER=14081_PSO,,
GEN=71_MEMBER=14141_PSO,GEN=70_MEMBER=13999_PSO,,
GEN=71_MEMBER=14143_PSO,GEN=70_MEMBER=14031_PSO,,
GEN=71_MEMBER=14145_PSO,GEN=70_MEMBER=14045_PSO,,
GEN=71_MEMBER=14147_PSO,GEN=70_MEMBER=13987_PSO,,
GEN=71_MEMBER=14149_PSO,GEN=70_MEMBER=14053_PSO,,
GEN=71_MEMBER=14151_PSO,GEN=70_MEMBER=14017_PSO,,
GEN=71_MEMBER=14153_PSO,GEN=70_MEMBER=14079_PSO,,
GEN=71_MEMBER=14155_PSO,GEN=70_MEMBER=14035_PSO,,
GEN=71_MEMBER=14157_PSO,GEN=68_MEMBER=13643_PSO,,
GEN=71_MEMBER=14159_PSO,GEN=65_MEMBER=13005_PSO,,
GEN=71_MEMBER=14161_PSO,GEN=70_MEMBER=14077_PSO,,
GEN=71_MEMBER=14163_PSO,GEN=69_MEMBER=13727_PSO,,
GEN=71_MEMBER=14165_PSO,GEN=70_MEMBER=14047_PSO,,
GEN=71_MEMBER=14167_PSO,GEN=70_MEMBER=14015_PSO,,
GEN=71_MEMBER=14169_PSO,GEN=70_MEMBER=14099_PSO,,
GEN=71_MEMBER=14171_PSO,GEN=68_MEMBER=13579_PSO,,
GEN=71_MEMBER=14173_PSO,GEN=70_MEMBER=13955_PSO,,
GEN=71_MEMBER=14175_PSO,GEN=70_MEMBER=13997_PSO,,
GEN=71_MEMBER=14177_PSO,GEN=70_MEMBER=13957_PSO,,
GEN=71_MEMBER=14179_PSO,GEN=70_MEMBER=14087_PSO,,
GEN=71_MEMBER=14181_PSO,GEN=70_MEMBER=13991_PSO,,
GEN=71_MEMBER=14183_PSO,GEN=69_MEMBER=13751_PSO,,
GEN=71_MEMBER=14185_PSO,GEN=68_MEMBER=13661_PSO,,
GEN=71_MEMBER=14187_PSO,GEN=70_MEMBER=14055_PSO,,
GEN=71_MEMBER=14189_PSO,GEN=68_MEMBER=13685_PSO,,
GEN=71_MEMBER=14191_PSO,GEN=69_MEMBER=13767_PSO,,
GEN=71_MEMBER=14193_PSO,GEN=70_MEMBER=13949_PSO,,
GEN=71_MEMBER=14195_PSO,GEN=66_MEMBER=13199_PSO,,
GEN=71_MEMBER=14197_PSO,GEN=68_MEMBER=13693_PSO,,
GEN=71_MEMBER=14199_PSO,GEN=70_MEMBER=13967_PSO,,
GEN=71_MEMBER=14201_PSO,GEN=70_MEMBER=13921_PSO,,
GEN=71_MEMBER=14203_PSO,GEN=70_MEMBER=13993_PSO,,
GEN=71_MEMBER=14205_PSO,GEN=66_MEMBER=13119_PSO,,
GEN=71_MEMBER=14207_PSO,GEN=69_MEMBER=13725_PSO,,
GEN=71_MEMBER=14209_PSO,GEN=69_MEMBER=13843_PSO,,
GEN=71_MEMBER=14211_PSO,GEN=69_MEMBER=13821_PSO,,
GEN=71_MEMBER=14213_PSO,GEN=69_MEMBER=13799_PSO,,
GEN=71_MEMBER=14215_PSO,GEN=64_MEMBER=12821_PSO,,
GEN=71_MEMBER=14217_PSO,GEN=69_MEMBER=13839_PSO,,
GEN=71_MEMBER=14219_PSO,GEN=68_MEMBER=13557_PSO,,
GEN=71_MEMBER=14221_PSO,GEN=68_MEMBER=13639_PSO,,
GEN=71_MEMBER=14223_PSO,GEN=70_MEMBER=13913_PSO,,
GEN=71_MEMBER=14225_PSO,GEN=66_MEMBER=13109_PSO,,
GEN=71_MEMBER=14227_PSO,GEN=70_MEMBER=14019_PSO,,
GEN=71_MEMBER=14229_PSO,GEN=68_MEMBER=13505_PSO,,
GEN=71_MEMBER=14231_PSO,GEN=66_MEMBER=13295_PSO,,
GEN=71_MEMBER=14233_PSO,GEN=70_MEMBER=14067_PSO,,
GEN=71_MEMBER=14235_PSO,GEN=70_MEMBER=13905_PSO,,
GEN=71_MEMBER=14237_PSO,GEN=66_MEMBER=13151_PSO,,
GEN=71_MEMBER=14239_PSO,GEN=60_MEMBER=11913_PSO,,
GEN=71_MEMBER=14241_PSO,GEN=70_MEMBER=13995_PSO,,
GEN=71_MEMBER=14243_PSO,GEN=70_MEMBER=14083_PSO,,
GEN=71_MEMBER=14245_PSO,GEN=65_MEMBER=12943_PSO,,
GEN=71_MEMBER=14247_PSO,GEN=70_MEMBER=14039_PSO,,
GEN=71_MEMBER=14249_PSO,GEN=69_MEMBER=13805_PSO,,
GEN=71_MEMBER=14251_PSO,GEN=64_MEMBER=12815_PSO,,
GEN=71_MEMBER=14253_PSO,GEN=66_MEMBER=13231_PSO,,
GEN=71_MEMBER=14255_PSO,GEN=68_MEMBER=13647_PSO,,
GEN=71_MEMBER=14257_PSO,GEN=58_MEMBER=11665_PSO,,
GEN=71_MEMBER=14259_PSO,GEN=70_MEMBER=14001_PSO,,
GEN=71_MEMBER=14261_PSO,GEN=69_MEMBER=13711_PSO,,
GEN=71_MEMBER=14263_PSO,GEN=60_MEMBER=12019_PSO,,
GEN=71_MEMBER=14265_PSO,GEN=62_MEMBER=12407_PSO,,
GEN=71_MEMBER=14267_PSO,GEN=70_MEMBER=13909_PSO,,
GEN=71_MEMBER=14269_PSO,GEN=66_MEMBER=13273_PSO,,
GEN=71_MEMBER=14271_PSO,GEN=61_MEMBER=12279_PSO,,
GEN=71_MEMBER=14273_PSO,GEN=56_MEMBER=11277_PSO,,
GEN=71_MEMBER=14275_PSO,GEN=69_MEMBER=13783_PSO,,
GEN=71_MEMBER=14277_PSO,GEN=68_MEMBER=13625_PSO,,
GEN=71_MEMBER=14279_PSO,GEN=64_MEMBER=12811_PSO,,
GEN=71_MEMBER=14281_PSO,GEN=67_MEMBER=13465_PSO,,
GEN=71_MEMBER=14283_PSO,GEN=53_MEMBER=10677_PSO,,
GEN=71_MEMBER=14285_PSO,GEN=55_MEMBER=10973_PSO,,
GEN=71_MEMBER=14287_PSO,GEN=66_MEMBER=13285_PSO,,
GEN=71_MEMBER=14289_PSO,GEN=70_MEMBER=14075_PSO,,
GEN=71_MEMBER=14291_PSO,GEN=65_MEMBER=12987_PSO,,
GEN=71_MEMBER=14293_PSO,GEN=70_MEMBER=14005_PSO,,
GEN=71_MEMBER=14295_PSO,GEN=62_MEMBER=12491_PSO,,
GEN=71_MEMBER=14297_PSO,GEN=68_MEMBER=13665_PSO,,
GEN=71_MEMBER=14299_PSO,GEN=62_MEMBER=12313_PSO,,
GEN=72_MEMBER=14301_PSO,GEN=71_MEMBER=14299_PSO,,
GEN=72_MEMBER=14303_PSO,GEN=71_MEMBER=14291_PSO,,
GEN=72_MEMBER=14305_PSO,GEN=71_MEMBER=14279_PSO,,
GEN=72_MEMBER=14307_PSO,GEN=71_MEMBER=14253_PSO,,
GEN=72_MEMBER=14309_PSO,GEN=71_MEMBER=14235_PSO,,
GEN=72_MEMBER=14311_PSO,GEN=71_MEMBER=14157_PSO,,
GEN=72_MEMBER=14313_PSO,GEN=69_MEMBER=13787_PSO,,
GEN=72_MEMBER=14315_PSO,GEN=71_MEMBER=14293_PSO,,
GEN=72_MEMBER=14317_PSO,GEN=70_MEMBER=14059_PSO,,
GEN=72_MEMBER=14319_PSO,GEN=71_MEMBER=14289_PSO,,
GEN=72_MEMBER=14321_PSO,GEN=70_MEMBER=13925_PSO,,
GEN=72_MEMBER=14323_PSO,GEN=71_MEMBER=14251_PSO,,
GEN=72_MEMBER=14325_PSO,GEN=71_MEMBER=14217_PSO,,
GEN=72_MEMBER=14327_PSO,GEN=71_MEMBER=14107_PSO,,
GEN=72_MEMBER=14329_PSO,GEN=71_MEMBER=14265_PSO,,
GEN=72_MEMBER=14331_PSO,GEN=71_MEMBER=14231_PSO,,
GEN=72_MEMBER=14333_PSO,GEN=71_MEMBER=14249_PSO,,
GEN=72_MEMBER=14335_PSO,GEN=69_MEMBER=13847_PSO,,
GEN=72_MEMBER=14337_PSO,GEN=70_MEMBER=13977_PSO,,
GEN=72_MEMBER=14339_PSO,GEN=71_MEMBER=14233_PSO,,
GEN=72_MEMBER=14341_PSO,GEN=71_MEMBER=14297_PSO,,
GEN=72_MEMBER=14343_PSO,GEN=71_MEMBER=14123_PSO,,
GEN=72_MEMBER=14345_PSO,GEN=70_MEMBER=14045_PSO,,
GEN=72_MEMBER=14347_PSO,GEN=71_MEMBER=14117_PSO,,
GEN=72_MEMBER=14349_PSO,GEN=71_MEMBER=14237_PSO,,
GEN=72_MEMBER=14351_PSO,GEN=71_MEMBER=14127_PSO,,
GEN=72_MEMBER=14353_PSO,GEN=70_MEMBER=14079_PSO,,
GEN=72_MEMBER=14355_PSO,GEN=70_MEMBER=14035_PSO,,
GEN=72_MEMBER=14357_PSO,GEN=68_MEMBER=13643_PSO,,
GEN=72_MEMBER=14359_PSO,GEN=65_MEMBER=13005_PSO,,
GEN=72_MEMBER=14361_PSO,GEN=70_MEMBER=14077_PSO,,
GEN=72_MEMBER=14363_PSO,GEN=71_MEMBER=14275_PSO,,
GEN=72_MEMBER=14365_PSO,GEN=71_MEMBER=14153_PSO,,
GEN=72_MEMBER=14367_PSO,GEN=70_MEMBER=14015_PSO,,
GEN=72_MEMBER=14369_PSO,GEN=70_MEMBER=14099_PSO,,
GEN=72_MEMBER=14371_PSO,GEN=68_MEMBER=13579_PSO,,
GEN=72_MEMBER=14373_PSO,GEN=71_MEMBER=14257_PSO,,
GEN=72_MEMBER=14375_PSO,GEN=70_MEMBER=13997_PSO,,
GEN=72_MEMBER=14377_PSO,GEN=70_MEMBER=13957_PSO,,
GEN=72_MEMBER=14379_PSO,GEN=70_MEMBER=14087_PSO,,
GEN=72_MEMBER=14381_PSO,GEN=71_MEMBER=14149_PSO,,
GEN=72_MEMBER=14383_PSO,GEN=71_MEMBER=14287_PSO,,
GEN=72_MEMBER=14385_PSO,GEN=68_MEMBER=13661_PSO,,
GEN=72_MEMBER=14387_PSO,GEN=71_MEMBER=14101_PSO,,
GEN=72_MEMBER=14389_PSO,GEN=71_MEMBER=14131_PSO,,
GEN=72_MEMBER=14391_PSO,GEN=71_MEMBER=14151_PSO,,
GEN=72_MEMBER=14393_PSO,GEN=71_MEMBER=14281_PSO,,
GEN=72_MEMBER=14395_PSO,GEN=71_MEMBER=14271_PSO,,
GEN=72_MEMBER=14397_PSO,GEN=68_MEMBER=13693_PSO,,
GEN=72_MEMBER=14399_PSO,GEN=71_MEMBER=14241_PSO,,
GEN=72_MEMBER=14401_PSO,GEN=70_MEMBER=13921_PSO,,
GEN=72_MEMBER=14403_PSO,GEN=71_MEMBER=14261_PSO,,
GEN=72_MEMBER=14405_PSO,GEN=71_MEMBER=14263_PSO,,
GEN=72_MEMBER=14407_PSO,GEN=71_MEMBER=14183_PSO,,
GEN=72_MEMBER=14409_PSO,GEN=69_MEMBER=13843_PSO,,
GEN=72_MEMBER=14411_PSO,GEN=69_MEMBER=13821_PSO,,
GEN=72_MEMBER=14413_PSO,GEN=71_MEMBER=14189_PSO,,
GEN=72_MEMBER=14415_PSO,GEN=64_MEMBER=12821_PSO,,
GEN=72_MEMBER=14417_PSO,GEN=69_MEMBER=13839_PSO,,
GEN=72_MEMBER=14419_PSO,GEN=68_MEMBER=13557_PSO,,
GEN=72_MEMBER=14421_PSO,GEN=68_MEMBER=13639_PSO,,
GEN=72_MEMBER=14423_PSO,GEN=70_MEMBER=13913_PSO,,
GEN=72_MEMBER=14425_PSO,GEN=71_MEMBER=14255_PSO,,
GEN=72_MEMBER=14427_PSO,GEN=70_MEMBER=14019_PSO,,
GEN=72_MEMBER=14429_PSO,GEN=71_MEMBER=14193_PSO,,
GEN=72_MEMBER=14431_PSO,GEN=66_MEMBER=13295_PSO,,
GEN=72_MEMBER=14433_PSO,GEN=71_MEMBER=14113_PSO,,
GEN=72_MEMBER=14435_PSO,GEN=70_MEMBER=13905_PSO,,
GEN=72_MEMBER=14437_PSO,GEN=66_MEMBER=13151_PSO,,
GEN=72_MEMBER=14439_PSO,GEN=71_MEMBER=14273_PSO,,
GEN=72_MEMBER=14441_PSO,GEN=70_MEMBER=13995_PSO,,
GEN=72_MEMBER=14443_PSO,GEN=70_MEMBER=14083_PSO,,
GEN=72_MEMBER=14445_PSO,GEN=71_MEMBER=14109_PSO,,
GEN=72_MEMBER=14447_PSO,GEN=70_MEMBER=14039_PSO,,
GEN=72_MEMBER=14449_PSO,GEN=69_MEMBER=13805_PSO,,
GEN=72_MEMBER=14451_PSO,GEN=71_MEMBER=14277_PSO,,
GEN=72_MEMBER=14453_PSO,GEN=66_MEMBER=13231_PSO,,
GEN=72_MEMBER=14455_PSO,GEN=68_MEMBER=13647_PSO,,
GEN=72_MEMBER=14457_PSO,GEN=58_MEMBER=11665_PSO,,
GEN=72_MEMBER=14459_PSO,GEN=70_MEMBER=14001_PSO,,
GEN=72_MEMBER=14461_PSO,GEN=69_MEMBER=13711_PSO,,
GEN=72_MEMBER=14463_PSO,GEN=60_MEMBER=12019_PSO,,
GEN=72_MEMBER=14465_PSO,GEN=62_MEMBER=12407_PSO,,
GEN=72_MEMBER=14467_PSO,GEN=70_MEMBER=13909_PSO,,
GEN=72_MEMBER=14469_PSO,GEN=71_MEMBER=14243_PSO,,
GEN=72_MEMBER=14471_PSO,GEN=71_MEMBER=14213_PSO,,
GEN=72_MEMBER=14473_PSO,GEN=56_MEMBER=11277_PSO,,
GEN=72_MEMBER=14475_PSO,GEN=71_MEMBER=14181_PSO,,
GEN=72_MEMBER=14477_PSO,GEN=68_MEMBER=13625_PSO,,
GEN=72_MEMBER=14479_PSO,GEN=64_MEMBER=12811_PSO,,
GEN=72_MEMBER=14481_PSO,GEN=71_MEMBER=14259_PSO,,
GEN=72_MEMBER=14483_PSO,GEN=71_MEMBER=14245_PSO,,
GEN=72_MEMBER=14485_PSO,GEN=71_MEMBER=14161_PSO,,
GEN=72_MEMBER=14487_PSO,GEN=71_MEMBER=14111_PSO,,
GEN=72_MEMBER=14489_PSO,GEN=70_MEMBER=14075_PSO,,
GEN=72_MEMBER=14491_PSO,GEN=65_MEMBER=12987_PSO,,
GEN=72_MEMBER=14493_PSO,GEN=71_MEMBER=14143_PSO,,
GEN=72_MEMBER=14495_PSO,GEN=62_MEMBER=12491_PSO,,
GEN=72_MEMBER=14497_PSO,GEN=68_MEMBER=13665_PSO,,
GEN=72_MEMBER=14499_PSO,GEN=71_MEMBER=14211_PSO,,
GEN=73_MEMBER=14501_PSO,GEN=72_MEMBER=14401_PSO,,
GEN=73_MEMBER=14503_PSO,GEN=72_MEMBER=14453_PSO,,
GEN=73_MEMBER=14505_PSO,GEN=72_MEMBER=14467_PSO,,
GEN=73_MEMBER=14507_PSO,GEN=72_MEMBER=14459_PSO,,
GEN=73_MEMBER=14509_PSO,GEN=72_MEMBER=14435_PSO,,
GEN=73_MEMBER=14511_PSO,GEN=72_MEMBER=14421_PSO,,
GEN=73_MEMBER=14513_PSO,GEN=72_MEMBER=14497_PSO,,
GEN=73_MEMBER=14515_PSO,GEN=72_MEMBER=14477_PSO,,
GEN=73_MEMBER=14517_PSO,GEN=72_MEMBER=14491_PSO,,
GEN=73_MEMBER=14519_PSO,GEN=72_MEMBER=14449_PSO,,
GEN=73_MEMBER=14521_PSO,GEN=72_MEMBER=14487_PSO,,
GEN=73_MEMBER=14523_PSO,GEN=72_MEMBER=14475_PSO,,
GEN=73_MEMBER=14525_PSO,GEN=71_MEMBER=14217_PSO,,
GEN=73_MEMBER=14527_PSO,GEN=72_MEMBER=14439_PSO,,
GEN=73_MEMBER=14529_PSO,GEN=71_MEMBER=14265_PSO,,
GEN=73_MEMBER=14531_PSO,GEN=71_MEMBER=14231_PSO,,
GEN=73_MEMBER=14533_PSO,GEN=72_MEMBER=14485_PSO,,
GEN=73_MEMBER=14535_PSO,GEN=72_MEMBER=14489_PSO,,
GEN=73_MEMBER=14537_PSO,GEN=70_MEMBER=13977_PSO,,
GEN=73_MEMBER=14539_PSO,GEN=71_MEMBER=14233_PSO,,
GEN=73_MEMBER=14541_PSO,GEN=71_MEMBER=14297_PSO,,
GEN=73_MEMBER=14543_PSO,GEN=71_MEMBER=14123_PSO,,
GEN=73_MEMBER=14545_PSO,GEN=72_MEMBER=14483_PSO,,
GEN=73_MEMBER=14547_PSO,GEN=72_MEMBER=14365_PSO,,
GEN=73_MEMBER=14549_PSO,GEN=71_MEMBER=14237_PSO,,
GEN=73_MEMBER=14551_PSO,GEN=71_MEMBER=14127_PSO,,
GEN=73_MEMBER=14553_PSO,GEN=70_MEMBER=14079_PSO,,
GEN=73_MEMBER=14555_PSO,GEN=72_MEMBER=14499_PSO,,
GEN=73_MEMBER=14557_PSO,GEN=68_MEMBER=13643_PSO,,
GEN=73_MEMBER=14559_PSO,GEN=65_MEMBER=13005_PSO,,
GEN=73_MEMBER=14561_PSO,GEN=70_MEMBER=14077_PSO,,
GEN=73_MEMBER=14563_PSO,GEN=72_MEMBER=14377_PSO,,
GEN=73_MEMBER=14565_PSO,GEN=71_MEMBER=14153_PSO,,
GEN=73_MEMBER=14567_PSO,GEN=72_MEMBER=14303_PSO,,
GEN=73_MEMBER=14569_PSO,GEN=70_MEMBER=14099_PSO,,
GEN=73_MEMBER=14571_PSO,GEN=72_MEMBER=14445_PSO,,
GEN=73_MEMBER=14573_PSO,GEN=71_MEMBER=14257_PSO,,
GEN=73_MEMBER=14575_PSO,GEN=72_MEMBER=14463_PSO,,
GEN=73_MEMBER=14577_PSO,GEN=72_MEMBER=14305_PSO,,
GEN=73_MEMBER=14579_PSO,GEN=72_MEMBER=14413_PSO,,
GEN=73_MEMBER=14581_PSO,GEN=72_MEMBER=14313_PSO,,
GEN=73_MEMBER=14583_PSO,GEN=71_MEMBER=14287_PSO,,
GEN=73_MEMBER=14585_PSO,GEN=68_MEMBER=13661_PSO,,
GEN=73_MEMBER=14587_PSO,GEN=71_MEMBER=14101_PSO,,
GEN=73_MEMBER=14589_PSO,GEN=72_MEMBER=14407_PSO,,
GEN=73_MEMBER=14591_PSO,GEN=72_MEMBER=14379_PSO,,
GEN=73_MEMBER=14593_PSO,GEN=72_MEMBER=14493_PSO,,
GEN=73_MEMBER=14595_PSO,GEN=72_MEMBER=14315_PSO,,
GEN=73_MEMBER=14597_PSO,GEN=68_MEMBER=13693_PSO,,
GEN=73_MEMBER=14599_PSO,GEN=71_MEMBER=14241_PSO,,
GEN=73_MEMBER=14601_PSO,GEN=70_MEMBER=13921_PSO,,
GEN=73_MEMBER=14603_PSO,GEN=72_MEMBER=14427_PSO,,
GEN=73_MEMBER=14605_PSO,GEN=71_MEMBER=14263_PSO,,
GEN=73_MEMBER=14607_PSO,GEN=71_MEMBER=14183_PSO,,
GEN=73_MEMBER=14609_PSO,GEN=69_MEMBER=13843_PSO,,
GEN=73_MEMBER=14611_PSO,GEN=69_MEMBER=13821_PSO,,
GEN=73_MEMBER=14613_PSO,GEN=71_MEMBER=14189_PSO,,
GEN=73_MEMBER=14615_PSO,GEN=72_MEMBER=14447_PSO,,
GEN=73_MEMBER=14617_PSO,GEN=72_MEMBER=14399_PSO,,
GEN=73_MEMBER=14619_PSO,GEN=68_MEMBER=13557_PSO,,
GEN=73_MEMBER=14621_PSO,GEN=68_MEMBER=13639_PSO,,
GEN=73_MEMBER=14623_PSO,GEN=70_MEMBER=13913_PSO,,
GEN=73_MEMBER=14625_PSO,GEN=71_MEMBER=14255_PSO,,
GEN=73_MEMBER=14627_PSO,GEN=72_MEMBER=14355_PSO,,
GEN=73_MEMBER=14629_PSO,GEN=71_MEMBER=14193_PSO,,
GEN=73_MEMBER=14631_PSO,GEN=66_MEMBER=13295_PSO,,
GEN=73_MEMBER=14633_PSO,GEN=72_MEMBER=14409_PSO,,
GEN=73_MEMBER=14635_PSO,GEN=70_MEMBER=13905_PSO,,
GEN=73_MEMBER=14637_PSO,GEN=66_MEMBER=13151_PSO,,
GEN=73_MEMBER=14639_PSO,GEN=71_MEMBER=14273_PSO,,
GEN=73_MEMBER=14641_PSO,GEN=70_MEMBER=13995_PSO,,
GEN=73_MEMBER=14643_PSO,GEN=70_MEMBER=14083_PSO,,
GEN=73_MEMBER=14645_PSO,GEN=72_MEMBER=14455_PSO,,
GEN=73_MEMBER=14647_PSO,GEN=70_MEMBER=14039_PSO,,
GEN=73_MEMBER=14649_PSO,GEN=72_MEMBER=14395_PSO,,
GEN=73_MEMBER=14651_PSO,GEN=72_MEMBER=14431_PSO,,
GEN=73_MEMBER=14653_PSO,GEN=66_MEMBER=13231_PSO,,
GEN=73_MEMBER=14655_PSO,GEN=68_MEMBER=13647_PSO,,
GEN=73_MEMBER=14657_PSO,GEN=72_MEMBER=14325_PSO,,
GEN=73_MEMBER=14659_PSO,GEN=72_MEMBER=14411_PSO,,
GEN=73_MEMBER=14661_PSO,GEN=72_MEMBER=14381_PSO,,
GEN=73_MEMBER=14663_PSO,GEN=72_MEMBER=14465_PSO,,
GEN=73_MEMBER=14665_PSO,GEN=62_MEMBER=12407_PSO,,
GEN=73_MEMBER=14667_PSO,GEN=72_MEMBER=14481_PSO,,
GEN=73_MEMBER=14669_PSO,GEN=72_MEMBER=14423_PSO,,
GEN=73_MEMBER=14671_PSO,GEN=72_MEMBER=14479_PSO,,
GEN=73_MEMBER=14673_PSO,GEN=56_MEMBER=11277_PSO,,
GEN=73_MEMBER=14675_PSO,GEN=72_MEMBER=14351_PSO,,
GEN=73_MEMBER=14677_PSO,GEN=68_MEMBER=13625_PSO,,
GEN=73_MEMBER=14679_PSO,GEN=64_MEMBER=12811_PSO,,
GEN=73_MEMBER=14681_PSO,GEN=71_MEMBER=14259_PSO,,
GEN=73_MEMBER=14683_PSO,GEN=71_MEMBER=14245_PSO,,
GEN=73_MEMBER=14685_PSO,GEN=71_MEMBER=14161_PSO,,
GEN=73_MEMBER=14687_PSO,GEN=71_MEMBER=14111_PSO,,
GEN=73_MEMBER=14689_PSO,GEN=72_MEMBER=14337_PSO,,
GEN=73_MEMBER=14691_PSO,GEN=65_MEMBER=12987_PSO,,
GEN=73_MEMBER=14693_PSO,GEN=71_MEMBER=14143_PSO,,
GEN=73_MEMBER=14695_PSO,GEN=62_MEMBER=12491_PSO,,
GEN=73_MEMBER=14697_PSO,GEN=72_MEMBER=14397_PSO,,
GEN=73_MEMBER=14699_PSO,GEN=71_MEMBER=14211_PSO,,
GEN=74_MEMBER=14701_PSO,GEN=73_MEMBER=14697_PSO,,
GEN=74_MEMBER=14703_PSO,GEN=73_MEMBER=14657_PSO,,
GEN=74_MEMBER=14705_PSO,GEN=73_MEMBER=14679_PSO,,
GEN=74_MEMBER=14707_PSO,GEN=73_MEMBER=14637_PSO,,
GEN=74_MEMBER=14709_PSO,GEN=73_MEMBER=14669_PSO,,
GEN=74_MEMBER=14711_PSO,GEN=73_MEMBER=14699_PSO,,
GEN=74_MEMBER=14713_PSO,GEN=73_MEMBER=14663_PSO,,
GEN=74_MEMBER=14715_PSO,GEN=73_MEMBER=14621_PSO,,
GEN=74_MEMBER=14717_PSO,GEN=73_MEMBER=14591_PSO,,
GEN=74_MEMBER=14719_PSO,GEN=73_MEMBER=14583_PSO,,
GEN=74_MEMBER=14721_PSO,GEN=72_MEMBER=14487_PSO,,
GEN=74_MEMBER=14723_PSO,GEN=73_MEMBER=14685_PSO,,
GEN=74_MEMBER=14725_PSO,GEN=71_MEMBER=14217_PSO,,
GEN=74_MEMBER=14727_PSO,GEN=73_MEMBER=14639_PSO,,
GEN=74_MEMBER=14729_PSO,GEN=73_MEMBER=14585_PSO,,
GEN=74_MEMBER=14731_PSO,GEN=73_MEMBER=14687_PSO,,
GEN=74_MEMBER=14733_PSO,GEN=72_MEMBER=14485_PSO,,
GEN=74_MEMBER=14735_PSO,GEN=73_MEMBER=14569_PSO,,
GEN=74_MEMBER=14737_PSO,GEN=73_MEMBER=14615_PSO,,
GEN=74_MEMBER=14739_PSO,GEN=73_MEMBER=14659_PSO,,
GEN=74_MEMBER=14741_PSO,GEN=71_MEMBER=14297_PSO,,
GEN=74_MEMBER=14743_PSO,GEN=73_MEMBER=14647_PSO,,
GEN=74_MEMBER=14745_PSO,GEN=73_MEMBER=14511_PSO,,
GEN=74_MEMBER=14747_PSO,GEN=73_MEMBER=14563_PSO,,
GEN=74_MEMBER=14749_PSO,GEN=73_MEMBER=14589_PSO,,
GEN=74_MEMBER=14751_PSO,GEN=73_MEMBER=14631_PSO,,
GEN=74_MEMBER=14753_PSO,GEN=70_MEMBER=14079_PSO,,
GEN=74_MEMBER=14755_PSO,GEN=72_MEMBER=14499_PSO,,
GEN=74_MEMBER=14757_PSO,GEN=73_MEMBER=14547_PSO,,
GEN=74_MEMBER=14759_PSO,GEN=73_MEMBER=14501_PSO,,
GEN=74_MEMBER=14761_PSO,GEN=70_MEMBER=14077_PSO,,
GEN=74_MEMBER=14763_PSO,GEN=73_MEMBER=14635_PSO,,
GEN=74_MEMBER=14765_PSO,GEN=73_MEMBER=14675_PSO,,
GEN=74_MEMBER=14767_PSO,GEN=73_MEMBER=14507_PSO,,
GEN=74_MEMBER=14769_PSO,GEN=73_MEMBER=14627_PSO,,
GEN=74_MEMBER=14771_PSO,GEN=73_MEMBER=14661_PSO,,
GEN=74_MEMBER=14773_PSO,GEN=73_MEMBER=14577_PSO,,
GEN=74_MEMBER=14775_PSO,GEN=73_MEMBER=14561_PSO,,
GEN=74_MEMBER=14777_PSO,GEN=72_MEMBER=14305_PSO,,
GEN=74_MEMBER=14779_PSO,GEN=72_MEMBER=14413_PSO,,
GEN=74_MEMBER=14781_PSO,GEN=73_MEMBER=14527_PSO,,
GEN=74_MEMBER=14783_PSO,GEN=71_MEMBER=14287_PSO,,
GEN=74_MEMBER=14785_PSO,GEN=73_MEMBER=14503_PSO,,
GEN=74_MEMBER=14787_PSO,GEN=71_MEMBER=14101_PSO,,
GEN=74_MEMBER=14789_PSO,GEN=72_MEMBER=14407_PSO,,
GEN=74_MEMBER=14791_PSO,GEN=73_MEMBER=14603_PSO,,
GEN=74_MEMBER=14793_PSO,GEN=72_MEMBER=14493_PSO,,
GEN=74_MEMBER=14795_PSO,GEN=72_MEMBER=14315_PSO,,
GEN=74_MEMBER=14797_PSO,GEN=73_MEMBER=14677_PSO,,
GEN=74_MEMBER=14799_PSO,GEN=71_MEMBER=14241_PSO,,
GEN=74_MEMBER=14801_PSO,GEN=73_MEMBER=14609_PSO,,
GEN=74_MEMBER=14803_PSO,GEN=72_MEMBER=14427_PSO,,
GEN=74_MEMBER=14805_PSO,GEN=73_MEMBER=14633_PSO,,
GEN=74_MEMBER=14807_PSO,GEN=73_MEMBER=14541_PSO,,
GEN=74_MEMBER=14809_PSO,GEN=69_MEMBER=13843_PSO,,
GEN=74_MEMBER=14811_PSO,GEN=69_MEMBER=13821_PSO,,
GEN=74_MEMBER=14813_PSO,GEN=73_MEMBER=14623_PSO,,
GEN=74_MEMBER=14815_PSO,GEN=72_MEMBER=14447_PSO,,
GEN=74_MEMBER=14817_PSO,GEN=73_MEMBER=14595_PSO,,
GEN=74_MEMBER=14819_PSO,GEN=73_MEMBER=14521_PSO,,
GEN=74_MEMBER=14821_PSO,GEN=73_MEMBER=14555_PSO,,
GEN=74_MEMBER=14823_PSO,GEN=73_MEMBER=14693_PSO,,
GEN=74_MEMBER=14825_PSO,GEN=73_MEMBER=14667_PSO,,
GEN=74_MEMBER=14827_PSO,GEN=72_MEMBER=14355_PSO,,
GEN=74_MEMBER=14829_PSO,GEN=71_MEMBER=14193_PSO,,
GEN=74_MEMBER=14831_PSO,GEN=73_MEMBER=14515_PSO,,
GEN=74_MEMBER=14833_PSO,GEN=72_MEMBER=14409_PSO,,
GEN=74_MEMBER=14835_PSO,GEN=70_MEMBER=13905_PSO,,
GEN=74_MEMBER=14837_PSO,GEN=73_MEMBER=14587_PSO,,
GEN=74_MEMBER=14839_PSO,GEN=71_MEMBER=14273_PSO,,
GEN=74_MEMBER=14841_PSO,GEN=73_MEMBER=14643_PSO,,
GEN=74_MEMBER=14843_PSO,GEN=70_MEMBER=14083_PSO,,
GEN=74_MEMBER=14845_PSO,GEN=72_MEMBER=14455_PSO,,
GEN=74_MEMBER=14847_PSO,GEN=70_MEMBER=14039_PSO,,
GEN=74_MEMBER=14849_PSO,GEN=72_MEMBER=14395_PSO,,
GEN=74_MEMBER=14851_PSO,GEN=72_MEMBER=14431_PSO,,
GEN=74_MEMBER=14853_PSO,GEN=73_MEMBER=14651_PSO,,
GEN=74_MEMBER=14855_PSO,GEN=68_MEMBER=13647_PSO,,
GEN=74_MEMBER=14857_PSO,GEN=72_MEMBER=14325_PSO,,
GEN=74_MEMBER=14859_PSO,GEN=72_MEMBER=14411_PSO,,
GEN=74_MEMBER=14861_PSO,GEN=72_MEMBER=14381_PSO,,
GEN=74_MEMBER=14863_PSO,GEN=72_MEMBER=14465_PSO,,
GEN=74_MEMBER=14865_PSO,GEN=62_MEMBER=12407_PSO,,
GEN=74_MEMBER=14867_PSO,GEN=72_MEMBER=14481_PSO,,
GEN=74_MEMBER=14869_PSO,GEN=72_MEMBER=14423_PSO,,
GEN=74_MEMBER=14871_PSO,GEN=72_MEMBER=14479_PSO,,
GEN=74_MEMBER=14873_PSO,GEN=56_MEMBER=11277_PSO,,
GEN=74_MEMBER=14875_PSO,GEN=72_MEMBER=14351_PSO,,
GEN=74_MEMBER=14877_PSO,GEN=68_MEMBER=13625_PSO,,
GEN=74_MEMBER=14879_PSO,GEN=73_MEMBER=14683_PSO,,
GEN=74_MEMBER=14881_PSO,GEN=71_MEMBER=14259_PSO,,
GEN=74_MEMBER=14883_PSO,GEN=71_MEMBER=14245_PSO,,
GEN=74_MEMBER=14885_PSO,GEN=73_MEMBER=14537_PSO,,
GEN=74_MEMBER=14887_PSO,GEN=71_MEMBER=14111_PSO,,
GEN=74_MEMBER=14889_PSO,GEN=72_MEMBER=14337_PSO,,
GEN=74_MEMBER=14891_PSO,GEN=65_MEMBER=12987_PSO,,
GEN=74_MEMBER=14893_PSO,GEN=73_MEMBER=14619_PSO,,
GEN=74_MEMBER=14895_PSO,GEN=62_MEMBER=12491_PSO,,
GEN=74_MEMBER=14897_PSO,GEN=73_MEMBER=14673_PSO,,
GEN=74_MEMBER=14899_PSO,GEN=73_MEMBER=14551_PSO,,
GEN=75_MEMBER=14901_PSO,GEN=74_MEMBER=14883_PSO,,
GEN=75_MEMBER=14903_PSO,GEN=74_MEMBER=14893_PSO,,
GEN=75_MEMBER=14905_PSO,GEN=74_MEMBER=14849_PSO,,
GEN=75_MEMBER=14907_PSO,GEN=74_MEMBER=14877_PSO,,
GEN=75_MEMBER=14909_PSO,GEN=74_MEMBER=14861_PSO,,
GEN=75_MEMBER=14911_PSO,GEN=74_MEMBER=14879_PSO,,
GEN=75_MEMBER=14913_PSO,GEN=74_MEMBER=14881_PSO,,
GEN=75_MEMBER=14915_PSO,GEN=74_MEMBER=14767_PSO,,
GEN=75_MEMBER=14917_PSO,GEN=74_MEMBER=14807_PSO,,
GEN=75_MEMBER=14919_PSO,GEN=74_MEMBER=14889_PSO,,
GEN=75_MEMBER=14921_PSO,GEN=74_MEMBER=14823_PSO,,
GEN=75_MEMBER=14923_PSO,GEN=73_MEMBER=14685_PSO,,
GEN=75_MEMBER=14925_PSO,GEN=74_MEMBER=14865_PSO,,
GEN=75_MEMBER=14927_PSO,GEN=74_MEMBER=14891_PSO,,
GEN=75_MEMBER=14929_PSO,GEN=73_MEMBER=14585_PSO,,
GEN=75_MEMBER=14931_PSO,GEN=74_MEMBER=14827_PSO,,
GEN=75_MEMBER=14933_PSO,GEN=74_MEMBER=14779_PSO,,
GEN=75_MEMBER=14935_PSO,GEN=74_MEMBER=14867_PSO,,
GEN=75_MEMBER=14937_PSO,GEN=74_MEMBER=14839_PSO,,
GEN=75_MEMBER=14939_PSO,GEN=73_MEMBER=14659_PSO,,
GEN=75_MEMBER=14941_PSO,GEN=74_MEMBER=14735_PSO,,
GEN=75_MEMBER=14943_PSO,GEN=74_MEMBER=14887_PSO,,
GEN=75_MEMBER=14945_PSO,GEN=74_MEMBER=14815_PSO,,
GEN=75_MEMBER=14947_PSO,GEN=74_MEMBER=14717_PSO,,
GEN=75_MEMBER=14949_PSO,GEN=74_MEMBER=14841_PSO,,
GEN=75_MEMBER=14951_PSO,GEN=74_MEMBER=14895_PSO,,
GEN=75_MEMBER=14953_PSO,GEN=74_MEMBER=14793_PSO,,
GEN=75_MEMBER=14955_PSO,GEN=74_MEMBER=14707_PSO,,
GEN=75_MEMBER=14957_PSO,GEN=73_MEMBER=14547_PSO,,
GEN=75_MEMBER=14959_PSO,GEN=74_MEMBER=14817_PSO,,
GEN=75_MEMBER=14961_PSO,GEN=70_MEMBER=14077_PSO,,
GEN=75_MEMBER=14963_PSO,GEN=73_MEMBER=14635_PSO,,
GEN=75_MEMBER=14965_PSO,GEN=73_MEMBER=14675_PSO,,
GEN=75_MEMBER=14967_PSO,GEN=73_MEMBER=14507_PSO,,
GEN=75_MEMBER=14969_PSO,GEN=74_MEMBER=14715_PSO,,
GEN=75_MEMBER=14971_PSO,GEN=73_MEMBER=14661_PSO,,
GEN=75_MEMBER=14973_PSO,GEN=73_MEMBER=14577_PSO,,
GEN=75_MEMBER=14975_PSO,GEN=74_MEMBER=14873_PSO,,
GEN=75_MEMBER=14977_PSO,GEN=74_MEMBER=14701_PSO,,
GEN=75_MEMBER=14979_PSO,GEN=74_MEMBER=14727_PSO,,
GEN=75_MEMBER=14981_PSO,GEN=73_MEMBER=14527_PSO,,
GEN=75_MEMBER=14983_PSO,GEN=74_MEMBER=14763_PSO,,
GEN=75_MEMBER=14985_PSO,GEN=74_MEMBER=14777_PSO,,
GEN=75_MEMBER=14987_PSO,GEN=71_MEMBER=14101_PSO,,
GEN=75_MEMBER=14989_PSO,GEN=72_MEMBER=14407_PSO,,
GEN=75_MEMBER=14991_PSO,GEN=73_MEMBER=14603_PSO,,
GEN=75_MEMBER=14993_PSO,GEN=74_MEMBER=14837_PSO,,
GEN=75_MEMBER=14995_PSO,GEN=74_MEMBER=14719_PSO,,
GEN=75_MEMBER=14997_PSO,GEN=73_MEMBER=14677_PSO,,
GEN=75_MEMBER=14999_PSO,GEN=71_MEMBER=14241_PSO,,
GEN=75_MEMBER=15001_PSO,GEN=73_MEMBER=14609_PSO,,
GEN=75_MEMBER=15003_PSO,GEN=72_MEMBER=14427_PSO,,
GEN=75_MEMBER=15005_PSO,GEN=73_MEMBER=14633_PSO,,
GEN=75_MEMBER=15007_PSO,GEN=74_MEMBER=14725_PSO,,
GEN=75_MEMBER=15009_PSO,GEN=69_MEMBER=13843_PSO,,
GEN=75_MEMBER=15011_PSO,GEN=74_MEMBER=14871_PSO,,
GEN=75_MEMBER=15013_PSO,GEN=73_MEMBER=14623_PSO,,
GEN=75_MEMBER=15015_PSO,GEN=72_MEMBER=14447_PSO,,
GEN=75_MEMBER=15017_PSO,GEN=74_MEMBER=14897_PSO,,
GEN=75_MEMBER=15019_PSO,GEN=73_MEMBER=14521_PSO,,
GEN=75_MEMBER=15021_PSO,GEN=73_MEMBER=14555_PSO,,
GEN=75_MEMBER=15023_PSO,GEN=73_MEMBER=14693_PSO,,
GEN=75_MEMBER=15025_PSO,GEN=74_MEMBER=14799_PSO,,
GEN=75_MEMBER=15027_PSO,GEN=72_MEMBER=14355_PSO,,
GEN=75_MEMBER=15029_PSO,GEN=71_MEMBER=14193_PSO,,
GEN=75_MEMBER=15031_PSO,GEN=74_MEMBER=14795_PSO,,
GEN=75_MEMBER=15033_PSO,GEN=72_MEMBER=14409_PSO,,
GEN=75_MEMBER=15035_PSO,GEN=74_MEMBER=14863_PSO,,
GEN=75_MEMBER=15037_PSO,GEN=73_MEMBER=14587_PSO,,
GEN=75_MEMBER=15039_PSO,GEN=74_MEMBER=14857_PSO,,
GEN=75_MEMBER=15041_PSO,GEN=73_MEMBER=14643_PSO,,
GEN=75_MEMBER=15043_PSO,GEN=70_MEMBER=14083_PSO,,
GEN=75_MEMBER=15045_PSO,GEN=72_MEMBER=14455_PSO,,
GEN=75_MEMBER=15047_PSO,GEN=70_MEMBER=14039_PSO,,
GEN=75_MEMBER=15049_PSO,GEN=72_MEMBER=14395_PSO,,
GEN=75_MEMBER=15051_PSO,GEN=72_MEMBER=14431_PSO,,
GEN=75_MEMBER=15053_PSO,GEN=73_MEMBER=14651_PSO,,
GEN=75_MEMBER=15055_PSO,GEN=68_MEMBER=13647_PSO,,
GEN=75_MEMBER=15057_PSO,GEN=72_MEMBER=14325_PSO,,
GEN=75_MEMBER=15059_PSO,GEN=72_MEMBER=14411_PSO,,
GEN=75_MEMBER=15061_PSO,GEN=74_MEMBER=14721_PSO,,
GEN=75_MEMBER=15063_PSO,GEN=72_MEMBER=14465_PSO,,
GEN=75_MEMBER=15065_PSO,GEN=62_MEMBER=12407_PSO,,
GEN=75_MEMBER=15067_PSO,GEN=72_MEMBER=14481_PSO,,
GEN=75_MEMBER=15069_PSO,GEN=72_MEMBER=14423_PSO,,
GEN=75_MEMBER=15071_PSO,GEN=72_MEMBER=14479_PSO,,
GEN=75_MEMBER=15073_PSO,GEN=74_MEMBER=14847_PSO,,
GEN=75_MEMBER=15075_PSO,GEN=72_MEMBER=14351_PSO,,
GEN=75_MEMBER=15077_PSO,GEN=74_MEMBER=14875_PSO,,
GEN=75_MEMBER=15079_PSO,GEN=73_MEMBER=14683_PSO,,
GEN=75_MEMBER=15081_PSO,GEN=71_MEMBER=14259_PSO,,
GEN=75_MEMBER=15083_PSO,GEN=74_MEMBER=14843_PSO,,
GEN=75_MEMBER=15085_PSO,GEN=73_MEMBER=14537_PSO,,
GEN=75_MEMBER=15087_PSO,GEN=71_MEMBER=14111_PSO,,
GEN=75_MEMBER=15089_PSO,GEN=72_MEMBER=14337_PSO,,
GEN=75_MEMBER=15091_PSO,GEN=65_MEMBER=12987_PSO,,
GEN=75_MEMBER=15093_PSO,GEN=73_MEMBER=14619_PSO,,
GEN=75_MEMBER=15095_PSO,GEN=62_MEMBER=12491_PSO,,
GEN=75_MEMBER=15097_PSO,GEN=73_MEMBER=14673_PSO,,
GEN=75_MEMBER=15099_PSO,GEN=74_MEMBER=14743_PSO,,
GEN=76_MEMBER=15101_PSO,GEN=75_MEMBER=15093_PSO,,
GEN=76_MEMBER=15103_PSO,GEN=75_MEMBER=15071_PSO,,
GEN=76_MEMBER=15105_PSO,GEN=75_MEMBER=15085_PSO,,
GEN=76_MEMBER=15107_PSO,GEN=75_MEMBER=14957_PSO,,
GEN=76_MEMBER=15109_PSO,GEN=75_MEMBER=15087_PSO,,
GEN=76_MEMBER=15111_PSO,GEN=75_MEMBER=14973_PSO,,
GEN=76_MEMBER=15113_PSO,GEN=75_MEMBER=15067_PSO,,
GEN=76_MEMBER=15115_PSO,GEN=75_MEMBER=15005_PSO,,
GEN=76_MEMBER=15117_PSO,GEN=74_MEMBER=14807_PSO,,
GEN=76_MEMBER=15119_PSO,GEN=75_MEMBER=14995_PSO,,
GEN=76_MEMBER=15121_PSO,GEN=75_MEMBER=15089_PSO,,
GEN=76_MEMBER=15123_PSO,GEN=73_MEMBER=14685_PSO,,
GEN=76_MEMBER=15125_PSO,GEN=75_MEMBER=15013_PSO,,
GEN=76_MEMBER=15127_PSO,GEN=74_MEMBER=14891_PSO,,
GEN=76_MEMBER=15129_PSO,GEN=75_MEMBER=14993_PSO,,
GEN=76_MEMBER=15131_PSO,GEN=75_MEMBER=15099_PSO,,
GEN=76_MEMBER=15133_PSO,GEN=75_MEMBER=14931_PSO,,
GEN=76_MEMBER=15135_PSO,GEN=74_MEMBER=14867_PSO,,
GEN=76_MEMBER=15137_PSO,GEN=74_MEMBER=14839_PSO,,
GEN=76_MEMBER=15139_PSO,GEN=75_MEMBER=15049_PSO,,
GEN=76_MEMBER=15141_PSO,GEN=75_MEMBER=15097_PSO,,
GEN=76_MEMBER=15143_PSO,GEN=75_MEMBER=14997_PSO,,
GEN=76_MEMBER=15145_PSO,GEN=75_MEMBER=15081_PSO,,
GEN=76_MEMBER=15147_PSO,GEN=75_MEMBER=15033_PSO,,
GEN=76_MEMBER=15149_PSO,GEN=75_MEMBER=15055_PSO,,
GEN=76_MEMBER=15151_PSO,GEN=75_MEMBER=14929_PSO,,
GEN=76_MEMBER=15153_PSO,GEN=74_MEMBER=14793_PSO,,
GEN=76_MEMBER=15155_PSO,GEN=74_MEMBER=14707_PSO,,
GEN=76_MEMBER=15157_PSO,GEN=75_MEMBER=15059_PSO,,
GEN=76_MEMBER=15159_PSO,GEN=75_MEMBER=14947_PSO,,
GEN=76_MEMBER=15161_PSO,GEN=70_MEMBER=14077_PSO,,
GEN=76_MEMBER=15163_PSO,GEN=75_MEMBER=15061_PSO,,
GEN=76_MEMBER=15165_PSO,GEN=73_MEMBER=14675_PSO,,
GEN=76_MEMBER=15167_PSO,GEN=75_MEMBER=15009_PSO,,
GEN=76_MEMBER=15169_PSO,GEN=74_MEMBER=14715_PSO,,
GEN=76_MEMBER=15171_PSO,GEN=73_MEMBER=14661_PSO,,
GEN=76_MEMBER=15173_PSO,GEN=75_MEMBER=14935_PSO,,
GEN=76_MEMBER=15175_PSO,GEN=74_MEMBER=14873_PSO,,
GEN=76_MEMBER=15177_PSO,GEN=74_MEMBER=14701_PSO,,
GEN=76_MEMBER=15179_PSO,GEN=75_MEMBER=14909_PSO,,
GEN=76_MEMBER=15181_PSO,GEN=75_MEMBER=15001_PSO,,
GEN=76_MEMBER=15183_PSO,GEN=75_MEMBER=14927_PSO,,
GEN=76_MEMBER=15185_PSO,GEN=74_MEMBER=14777_PSO,,
GEN=76_MEMBER=15187_PSO,GEN=75_MEMBER=15069_PSO,,
GEN=76_MEMBER=15189_PSO,GEN=72_MEMBER=14407_PSO,,
GEN=76_MEMBER=15191_PSO,GEN=75_MEMBER=15007_PSO,,
GEN=76_MEMBER=15193_PSO,GEN=74_MEMBER=14837_PSO,,
GEN=76_MEMBER=15195_PSO,GEN=74_MEMBER=14719_PSO,,
GEN=76_MEMBER=15197_PSO,GEN=73_MEMBER=14677_PSO,,
GEN=76_MEMBER=15199_PSO,GEN=75_MEMBER=14919_PSO,,
GEN=76_MEMBER=15201_PSO,GEN=75_MEMBER=14953_PSO,,
GEN=76_MEMBER=15203_PSO,GEN=72_MEMBER=14427_PSO,,
GEN=76_MEMBER=15205_PSO,GEN=73_MEMBER=14633_PSO,,
GEN=76_MEMBER=15207_PSO,GEN=75_MEMBER=15065_PSO,,
GEN=76_MEMBER=15209_PSO,GEN=69_MEMBER=13843_PSO,,
GEN=76_MEMBER=15211_PSO,GEN=74_MEMBER=14871_PSO,,
GEN=76_MEMBER=15213_PSO,GEN=75_MEMBER=15017_PSO,,
GEN=76_MEMBER=15215_PSO,GEN=72_MEMBER=14447_PSO,,
GEN=76_MEMBER=15217_PSO,GEN=74_MEMBER=14897_PSO,,
GEN=76_MEMBER=15219_PSO,GEN=75_MEMBER=14991_PSO,,
GEN=76_MEMBER=15221_PSO,GEN=75_MEMBER=15091_PSO,,
GEN=76_MEMBER=15223_PSO,GEN=73_MEMBER=14693_PSO,,
GEN=76_MEMBER=15225_PSO,GEN=74_MEMBER=14799_PSO,,
GEN=76_MEMBER=15227_PSO,GEN=72_MEMBER=14355_PSO,,
GEN=76_MEMBER=15229_PSO,GEN=71_MEMBER=14193_PSO,,
GEN=76_MEMBER=15231_PSO,GEN=75_MEMBER=15019_PSO,,
GEN=76_MEMBER=15233_PSO,GEN=72_MEMBER=14409_PSO,,
GEN=76_MEMBER=15235_PSO,GEN=74_MEMBER=14863_PSO,,
GEN=76_MEMBER=15237_PSO,GEN=73_MEMBER=14587_PSO,,
GEN=76_MEMBER=15239_PSO,GEN=75_MEMBER=15023_PSO,,
GEN=76_MEMBER=15241_PSO,GEN=75_MEMBER=15063_PSO,,
GEN=76_MEMBER=15243_PSO,GEN=70_MEMBER=14083_PSO,,
GEN=76_MEMBER=15245_PSO,GEN=72_MEMBER=14455_PSO,,
GEN=76_MEMBER=15247_PSO,GEN=70_MEMBER=14039_PSO,,
GEN=76_MEMBER=15249_PSO,GEN=72_MEMBER=14395_PSO,,
GEN=76_MEMBER=15251_PSO,GEN=72_MEMBER=14431_PSO,,
GEN=76_MEMBER=15253_PSO,GEN=75_MEMBER=14913_PSO,,
GEN=76_MEMBER=15255_PSO,GEN=75_MEMBER=15031_PSO,,
GEN=76_MEMBER=15257_PSO,GEN=72_MEMBER=14325_PSO,,
GEN=76_MEMBER=15259_PSO,GEN=72_MEMBER=14411_PSO,,
GEN=76_MEMBER=15261_PSO,GEN=74_MEMBER=14721_PSO,,
GEN=76_MEMBER=15263_PSO,GEN=72_MEMBER=14465_PSO,,
GEN=76_MEMBER=15265_PSO,GEN=62_MEMBER=12407_PSO,,
GEN=76_MEMBER=15267_PSO,GEN=72_MEMBER=14481_PSO,,
GEN=76_MEMBER=15269_PSO,GEN=75_MEMBER=14937_PSO,,
GEN=76_MEMBER=15271_PSO,GEN=75_MEMBER=14983_PSO,,
GEN=76_MEMBER=15273_PSO,GEN=74_MEMBER=14847_PSO,,
GEN=76_MEMBER=15275_PSO,GEN=72_MEMBER=14351_PSO,,
GEN=76_MEMBER=15277_PSO,GEN=74_MEMBER=14875_PSO,,
GEN=76_MEMBER=15279_PSO,GEN=73_MEMBER=14683_PSO,,
GEN=76_MEMBER=15281_PSO,GEN=71_MEMBER=14259_PSO,,
GEN=76_MEMBER=15283_PSO,GEN=74_MEMBER=14843_PSO,,
GEN=76_MEMBER=15285_PSO,GEN=75_MEMBER=14907_PSO,,
GEN=76_MEMBER=15287_PSO,GEN=71_MEMBER=14111_PSO,,
GEN=76_MEMBER=15289_PSO,GEN=75_MEMBER=15095_PSO,,
GEN=76_MEMBER=15291_PSO,GEN=65_MEMBER=12987_PSO,,
GEN=76_MEMBER=15293_PSO,GEN=75_MEMBER=15053_PSO,,
GEN=76_MEMBER=15295_PSO,GEN=62_MEMBER=12491_PSO,,
GEN=76_MEMBER=15297_PSO,GEN=73_MEMBER=14673_PSO,,
GEN=76_MEMBER=15299_PSO,GEN=74_MEMBER=14743_PSO,,
GEN=77_MEMBER=15301_PSO,GEN=76_MEMBER=15275_PSO,,
GEN=77_MEMBER=15303_PSO,GEN=76_MEMBER=15199_PSO,,
GEN=77_MEMBER=15305_PSO,GEN=76_MEMBER=15289_PSO,,
GEN=77_MEMBER=15307_PSO,GEN=76_MEMBER=15243_PSO,,
GEN=77_MEMBER=15309_PSO,GEN=76_MEMBER=15147_PSO,,
GEN=77_MEMBER=15311_PSO,GEN=76_MEMBER=15257_PSO,,
GEN=77_MEMBER=15313_PSO,GEN=76_MEMBER=15269_PSO,,
GEN=77_MEMBER=15315_PSO,GEN=76_MEMBER=15219_PSO,,
GEN=77_MEMBER=15317_PSO,GEN=76_MEMBER=15117_PSO,,
GEN=77_MEMBER=15319_PSO,GEN=76_MEMBER=15231_PSO,,
GEN=77_MEMBER=15321_PSO,GEN=76_MEMBER=15157_PSO,,
GEN=77_MEMBER=15323_PSO,GEN=73_MEMBER=14685_PSO,,
GEN=77_MEMBER=15325_PSO,GEN=76_MEMBER=15265_PSO,,
GEN=77_MEMBER=15327_PSO,GEN=76_MEMBER=15297_PSO,,
GEN=77_MEMBER=15329_PSO,GEN=76_MEMBER=15227_PSO,,
GEN=77_MEMBER=15331_PSO,GEN=76_MEMBER=15287_PSO,,
GEN=77_MEMBER=15333_PSO,GEN=76_MEMBER=15261_PSO,,
GEN=77_MEMBER=15335_PSO,GEN=76_MEMBER=15277_PSO,,
GEN=77_MEMBER=15337_PSO,GEN=76_MEMBER=15155_PSO,,
GEN=77_MEMBER=15339_PSO,GEN=75_MEMBER=15049_PSO,,
GEN=77_MEMBER=15341_PSO,GEN=76_MEMBER=15185_PSO,,
GEN=77_MEMBER=15343_PSO,GEN=75_MEMBER=14997_PSO,,
GEN=77_MEMBER=15345_PSO,GEN=75_MEMBER=15081_PSO,,
GEN=77_MEMBER=15347_PSO,GEN=75_MEMBER=15033_PSO,,
GEN=77_MEMBER=15349_PSO,GEN=76_MEMBER=15173_PSO,,
GEN=77_MEMBER=15351_PSO,GEN=76_MEMBER=15263_PSO,,
GEN=77_MEMBER=15353_PSO,GEN=74_MEMBER=14793_PSO,,
GEN=77_MEMBER=15355_PSO,GEN=76_MEMBER=15143_PSO,,
GEN=77_MEMBER=15357_PSO,GEN=76_MEMBER=15197_PSO,,
GEN=77_MEMBER=15359_PSO,GEN=76_MEMBER=15279_PSO,,
GEN=77_MEMBER=15361_PSO,GEN=76_MEMBER=15205_PSO,,
GEN=77_MEMBER=15363_PSO,GEN=76_MEMBER=15201_PSO,,
GEN=77_MEMBER=15365_PSO,GEN=76_MEMBER=15229_PSO,,
GEN=77_MEMBER=15367_PSO,GEN=76_MEMBER=15247_PSO,,
GEN=77_MEMBER=15369_PSO,GEN=76_MEMBER=15203_PSO,,
GEN=77_MEMBER=15371_PSO,GEN=76_MEMBER=15169_PSO,,
GEN=77_MEMBER=15373_PSO,GEN=76_MEMBER=15189_PSO,,
GEN=77_MEMBER=15375_PSO,GEN=76_MEMBER=15237_PSO,,
GEN=77_MEMBER=15377_PSO,GEN=76_MEMBER=15293_PSO,,
GEN=77_MEMBER=15379_PSO,GEN=75_MEMBER=14909_PSO,,
GEN=77_MEMBER=15381_PSO,GEN=76_MEMBER=15291_PSO,,
GEN=77_MEMBER=15383_PSO,GEN=75_MEMBER=14927_PSO,,
GEN=77_MEMBER=15385_PSO,GEN=74_MEMBER=14777_PSO,,
GEN=77_MEMBER=15387_PSO,GEN=75_MEMBER=15069_PSO,,
GEN=77_MEMBER=15389_PSO,GEN=76_MEMBER=15213_PSO,,
GEN=77_MEMBER=15391_PSO,GEN=76_MEMBER=15267_PSO,,
GEN=77_MEMBER=15393_PSO,GEN=74_MEMBER=14837_PSO,,
GEN=77_MEMBER=15395_PSO,GEN=76_MEMBER=15113_PSO,,
GEN=77_MEMBER=15397_PSO,GEN=73_MEMBER=14677_PSO,,
GEN=77_MEMBER=15399_PSO,GEN=75_MEMBER=14919_PSO,,
GEN=77_MEMBER=15401_PSO,GEN=75_MEMBER=14953_PSO,,
GEN=77_MEMBER=15403_PSO,GEN=72_MEMBER=14427_PSO,,
GEN=77_MEMBER=15405_PSO,GEN=76_MEMBER=15175_PSO,,
GEN=77_MEMBER=15407_PSO,GEN=75_MEMBER=15065_PSO,,
GEN=77_MEMBER=15409_PSO,GEN=76_MEMBER=15123_PSO,,
GEN=77_MEMBER=15411_PSO,GEN=74_MEMBER=14871_PSO,,
GEN=77_MEMBER=15413_PSO,GEN=75_MEMBER=15017_PSO,,
GEN=77_MEMBER=15415_PSO,GEN=76_MEMBER=15225_PSO,,
GEN=77_MEMBER=15417_PSO,GEN=74_MEMBER=14897_PSO,,
GEN=77_MEMBER=15419_PSO,GEN=76_MEMBER=15161_PSO,,
GEN=77_MEMBER=15421_PSO,GEN=76_MEMBER=15281_PSO,,
GEN=77_MEMBER=15423_PSO,GEN=73_MEMBER=14693_PSO,,
GEN=77_MEMBER=15425_PSO,GEN=74_MEMBER=14799_PSO,,
GEN=77_MEMBER=15427_PSO,GEN=72_MEMBER=14355_PSO,,
GEN=77_MEMBER=15429_PSO,GEN=71_MEMBER=14193_PSO,,
GEN=77_MEMBER=15431_PSO,GEN=76_MEMBER=15165_PSO,,
GEN=77_MEMBER=15433_PSO,GEN=72_MEMBER=14409_PSO,,
GEN=77_MEMBER=15435_PSO,GEN=74_MEMBER=14863_PSO,,
GEN=77_MEMBER=15437_PSO,GEN=73_MEMBER=14587_PSO,,
GEN=77_MEMBER=15439_PSO,GEN=76_MEMBER=15103_PSO,,
GEN=77_MEMBER=15441_PSO,GEN=76_MEMBER=15105_PSO,,
GEN=77_MEMBER=15443_PSO,GEN=76_MEMBER=15283_PSO,,
GEN=77_MEMBER=15445_PSO,GEN=72_MEMBER=14455_PSO,,
GEN=77_MEMBER=15447_PSO,GEN=70_MEMBER=14039_PSO,,
GEN=77_MEMBER=15449_PSO,GEN=72_MEMBER=14395_PSO,,
GEN=77_MEMBER=15451_PSO,GEN=76_MEMBER=15131_PSO,,
GEN=77_MEMBER=15453_PSO,GEN=75_MEMBER=14913_PSO,,
GEN=77_MEMBER=15455_PSO,GEN=75_MEMBER=15031_PSO,,
GEN=77_MEMBER=15457_PSO,GEN=72_MEMBER=14325_PSO,,
GEN=77_MEMBER=15459_PSO,GEN=76_MEMBER=15177_PSO,,
GEN=77_MEMBER=15461_PSO,GEN=74_MEMBER=14721_PSO,,
GEN=77_MEMBER=15463_PSO,GEN=72_MEMBER=14465_PSO,,
GEN=77_MEMBER=15465_PSO,GEN=62_MEMBER=12407_PSO,,
GEN=77_MEMBER=15467_PSO,GEN=76_MEMBER=15295_PSO,,
GEN=77_MEMBER=15469_PSO,GEN=75_MEMBER=14937_PSO,,
GEN=77_MEMBER=15471_PSO,GEN=76_MEMBER=15285_PSO,,
GEN=77_MEMBER=15473_PSO,GEN=76_MEMBER=15109_PSO,,
GEN=77_MEMBER=15475_PSO,GEN=72_MEMBER=14351_PSO,,
GEN=77_MEMBER=15477_PSO,GEN=74_MEMBER=14875_PSO,,
GEN=77_MEMBER=15479_PSO,GEN=73_MEMBER=14683_PSO,,
GEN=77_MEMBER=15481_PSO,GEN=71_MEMBER=14259_PSO,,
GEN=77_MEMBER=15483_PSO,GEN=74_MEMBER=14843_PSO,,
GEN=77_MEMBER=15485_PSO,GEN=75_MEMBER=14907_PSO,,
GEN=77_MEMBER=15487_PSO,GEN=71_MEMBER=14111_PSO,,
GEN=77_MEMBER=15489_PSO,GEN=75_MEMBER=15095_PSO,,
GEN=77_MEMBER=15491_PSO,GEN=76_MEMBER=15209_PSO,,
GEN=77_MEMBER=15493_PSO,GEN=75_MEMBER=15053_PSO,,
GEN=77_MEMBER=15495_PSO,GEN=62_MEMBER=12491_PSO,,
GEN=77_MEMBER=15497_PSO,GEN=73_MEMBER=14673_PSO,,
GEN=77_MEMBER=15499_PSO,GEN=74_MEMBER=14743_PSO,,
GEN=78_MEMBER=15501_PSO,GEN=77_MEMBER=15479_PSO,,
GEN=78_MEMBER=15503_PSO,GEN=77_MEMBER=15471_PSO,,
GEN=78_MEMBER=15505_PSO,GEN=77_MEMBER=15491_PSO,,
GEN=78_MEMBER=15507_PSO,GEN=77_MEMBER=15369_PSO,,
GEN=78_MEMBER=15509_PSO,GEN=77_MEMBER=15421_PSO,,
GEN=78_MEMBER=15511_PSO,GEN=77_MEMBER=15475_PSO,,
GEN=78_MEMBER=15513_PSO,GEN=77_MEMBER=15467_PSO,,
GEN=78_MEMBER=15515_PSO,GEN=77_MEMBER=15469_PSO,,
GEN=78_MEMBER=15517_PSO,GEN=77_MEMBER=15485_PSO,,
GEN=78_MEMBER=15519_PSO,GEN=77_MEMBER=15441_PSO,,
GEN=78_MEMBER=15521_PSO,GEN=77_MEMBER=15473_PSO,,
GEN=78_MEMBER=15523_PSO,GEN=77_MEMBER=15385_PSO,,
GEN=78_MEMBER=15525_PSO,GEN=77_MEMBER=15415_PSO,,
GEN=78_MEMBER=15527_PSO,GEN=77_MEMBER=15463_PSO,,
GEN=78_MEMBER=15529_PSO,GEN=76_MEMBER=15227_PSO,,
GEN=78_MEMBER=15531_PSO,GEN=77_MEMBER=15407_PSO,,
GEN=78_MEMBER=15533_PSO,GEN=77_MEMBER=15341_PSO,,
GEN=78_MEMBER=15535_PSO,GEN=77_MEMBER=15497_PSO,,
GEN=78_MEMBER=15537_PSO,GEN=77_MEMBER=15449_PSO,,
GEN=78_MEMBER=15539_PSO,GEN=77_MEMBER=15429_PSO,,
GEN=78_MEMBER=15541_PSO,GEN=77_MEMBER=15437_PSO,,
GEN=78_MEMBER=15543_PSO,GEN=77_MEMBER=15307_PSO,,
GEN=78_MEMBER=15545_PSO,GEN=75_MEMBER=15081_PSO,,
GEN=78_MEMBER=15547_PSO,GEN=77_MEMBER=15499_PSO,,
GEN=78_MEMBER=15549_PSO,GEN=77_MEMBER=15343_PSO,,
GEN=78_MEMBER=15551_PSO,GEN=76_MEMBER=15263_PSO,,
GEN=78_MEMBER=15553_PSO,GEN=77_MEMBER=15447_PSO,,
GEN=78_MEMBER=15555_PSO,GEN=76_MEMBER=15143_PSO,,
GEN=78_MEMBER=15557_PSO,GEN=77_MEMBER=15363_PSO,,
GEN=78_MEMBER=15559_PSO,GEN=77_MEMBER=15435_PSO,,
GEN=78_MEMBER=15561_PSO,GEN=77_MEMBER=15315_PSO,,
GEN=78_MEMBER=15563_PSO,GEN=77_MEMBER=15405_PSO,,
GEN=78_MEMBER=15565_PSO,GEN=76_MEMBER=15229_PSO,,
GEN=78_MEMBER=15567_PSO,GEN=77_MEMBER=15459_PSO,,
GEN=78_MEMBER=15569_PSO,GEN=76_MEMBER=15203_PSO,,
GEN=78_MEMBER=15571_PSO,GEN=77_MEMBER=15393_PSO,,
GEN=78_MEMBER=15573_PSO,GEN=77_MEMBER=15477_PSO,,
GEN=78_MEMBER=15575_PSO,GEN=77_MEMBER=15331_PSO,,
GEN=78_MEMBER=15577_PSO,GEN=76_MEMBER=15293_PSO,,
GEN=78_MEMBER=15579_PSO,GEN=75_MEMBER=14909_PSO,,
GEN=78_MEMBER=15581_PSO,GEN=77_MEMBER=15361_PSO,,
GEN=78_MEMBER=15583_PSO,GEN=75_MEMBER=14927_PSO,,
GEN=78_MEMBER=15585_PSO,GEN=74_MEMBER=14777_PSO,,
GEN=78_MEMBER=15587_PSO,GEN=75_MEMBER=15069_PSO,,
GEN=78_MEMBER=15589_PSO,GEN=76_MEMBER=15213_PSO,,
GEN=78_MEMBER=15591_PSO,GEN=77_MEMBER=15399_PSO,,
GEN=78_MEMBER=15593_PSO,GEN=74_MEMBER=14837_PSO,,
GEN=78_MEMBER=15595_PSO,GEN=77_MEMBER=15365_PSO,,
GEN=78_MEMBER=15597_PSO,GEN=73_MEMBER=14677_PSO,,
GEN=78_MEMBER=15599_PSO,GEN=77_MEMBER=15327_PSO,,
GEN=78_MEMBER=15601_PSO,GEN=77_MEMBER=15481_PSO,,
GEN=78_MEMBER=15603_PSO,GEN=77_MEMBER=15493_PSO,,
GEN=78_MEMBER=15605_PSO,GEN=77_MEMBER=15357_PSO,,
GEN=78_MEMBER=15607_PSO,GEN=75_MEMBER=15065_PSO,,
GEN=78_MEMBER=15609_PSO,GEN=76_MEMBER=15123_PSO,,
GEN=78_MEMBER=15611_PSO,GEN=77_MEMBER=15311_PSO,,
GEN=78_MEMBER=15613_PSO,GEN=75_MEMBER=15017_PSO,,
GEN=78_MEMBER=15615_PSO,GEN=76_MEMBER=15225_PSO,,
GEN=78_MEMBER=15617_PSO,GEN=74_MEMBER=14897_PSO,,
GEN=78_MEMBER=15619_PSO,GEN=76_MEMBER=15161_PSO,,
GEN=78_MEMBER=15621_PSO,GEN=77_MEMBER=15375_PSO,,
GEN=78_MEMBER=15623_PSO,GEN=73_MEMBER=14693_PSO,,
GEN=78_MEMBER=15625_PSO,GEN=74_MEMBER=14799_PSO,,
GEN=78_MEMBER=15627_PSO,GEN=72_MEMBER=14355_PSO,,
GEN=78_MEMBER=15629_PSO,GEN=71_MEMBER=14193_PSO,,
GEN=78_MEMBER=15631_PSO,GEN=76_MEMBER=15165_PSO,,
GEN=78_MEMBER=15633_PSO,GEN=72_MEMBER=14409_PSO,,
GEN=78_MEMBER=15635_PSO,GEN=74_MEMBER=14863_PSO,,
GEN=78_MEMBER=15637_PSO,GEN=73_MEMBER=14587_PSO,,
GEN=78_MEMBER=15639_PSO,GEN=76_MEMBER=15103_PSO,,
GEN=78_MEMBER=15641_PSO,GEN=76_MEMBER=15105_PSO,,
GEN=78_MEMBER=15643_PSO,GEN=76_MEMBER=15283_PSO,,
GEN=78_MEMBER=15645_PSO,GEN=77_MEMBER=15305_PSO,,
GEN=78_MEMBER=15647_PSO,GEN=77_MEMBER=15451_PSO,,
GEN=78_MEMBER=15649_PSO,GEN=72_MEMBER=14395_PSO,,
GEN=78_MEMBER=15651_PSO,GEN=76_MEMBER=15131_PSO,,
GEN=78_MEMBER=15653_PSO,GEN=75_MEMBER=14913_PSO,,
GEN=78_MEMBER=15655_PSO,GEN=75_MEMBER=15031_PSO,,
GEN=78_MEMBER=15657_PSO,GEN=72_MEMBER=14325_PSO,,
GEN=78_MEMBER=15659_PSO,GEN=76_MEMBER=15177_PSO,,
GEN=78_MEMBER=15661_PSO,GEN=74_MEMBER=14721_PSO,,
GEN=78_MEMBER=15663_PSO,GEN=72_MEMBER=14465_PSO,,
GEN=78_MEMBER=15665_PSO,GEN=62_MEMBER=12407_PSO,,
GEN=78_MEMBER=15667_PSO,GEN=76_MEMBER=15295_PSO,,
GEN=78_MEMBER=15669_PSO,GEN=75_MEMBER=14937_PSO,,
GEN=78_MEMBER=15671_PSO,GEN=76_MEMBER=15285_PSO,,
GEN=78_MEMBER=15673_PSO,GEN=76_MEMBER=15109_PSO,,
GEN=78_MEMBER=15675_PSO,GEN=72_MEMBER=14351_PSO,,
GEN=78_MEMBER=15677_PSO,GEN=74_MEMBER=14875_PSO,,
GEN=78_MEMBER=15679_PSO,GEN=77_MEMBER=15319_PSO,,
GEN=78_MEMBER=15681_PSO,GEN=71_MEMBER=14259_PSO,,
GEN=78_MEMBER=15683_PSO,GEN=74_MEMBER=14843_PSO,,
GEN=78_MEMBER=15685_PSO,GEN=75_MEMBER=14907_PSO,,
GEN=78_MEMBER=15687_PSO,GEN=71_MEMBER=14111_PSO,,
GEN=78_MEMBER=15689_PSO,GEN=75_MEMBER=15095_PSO,,
GEN=78_MEMBER=15691_PSO,GEN=76_MEMBER=15209_PSO,,
GEN=78_MEMBER=15693_PSO,GEN=77_MEMBER=15483_PSO,,
GEN=78_MEMBER=15695_PSO,GEN=77_MEMBER=15313_PSO,,
GEN=78_MEMBER=15697_PSO,GEN=73_MEMBER=14673_PSO,,
GEN=78_MEMBER=15699_PSO,GEN=77_MEMBER=15387_PSO,,
GEN=79_MEMBER=15701_PSO,GEN=78_MEMBER=15691_PSO,,
GEN=79_MEMBER=15703_PSO,GEN=78_MEMBER=15611_PSO,,
GEN=79_MEMBER=15705_PSO,GEN=78_MEMBER=15641_PSO,,
GEN=79_MEMBER=15707_PSO,GEN=78_MEMBER=15675_PSO,,
GEN=79_MEMBER=15709_PSO,GEN=78_MEMBER=15659_PSO,,
GEN=79_MEMBER=15711_PSO,GEN=78_MEMBER=15673_PSO,,
GEN=79_MEMBER=15713_PSO,GEN=78_MEMBER=15593_PSO,,
GEN=79_MEMBER=15715_PSO,GEN=78_MEMBER=15575_PSO,,
GEN=79_MEMBER=15717_PSO,GEN=78_MEMBER=15631_PSO,,
GEN=79_MEMBER=15719_PSO,GEN=78_MEMBER=15657_PSO,,
GEN=79_MEMBER=15721_PSO,GEN=78_MEMBER=15655_PSO,,
GEN=79_MEMBER=15723_PSO,GEN=78_MEMBER=15619_PSO,,
GEN=79_MEMBER=15725_PSO,GEN=77_MEMBER=15415_PSO,,
GEN=79_MEMBER=15727_PSO,GEN=78_MEMBER=15613_PSO,,
GEN=79_MEMBER=15729_PSO,GEN=78_MEMBER=15629_PSO,,
GEN=79_MEMBER=15731_PSO,GEN=78_MEMBER=15699_PSO,,
GEN=79_MEMBER=15733_PSO,GEN=78_MEMBER=15623_PSO,,
GEN=79_MEMBER=15735_PSO,GEN=78_MEMBER=15663_PSO,,
GEN=79_MEMBER=15737_PSO,GEN=78_MEMBER=15685_PSO,,
GEN=79_MEMBER=15739_PSO,GEN=77_MEMBER=15429_PSO,,
GEN=79_MEMBER=15741_PSO,GEN=78_MEMBER=15671_PSO,,
GEN=79_MEMBER=15743_PSO,GEN=77_MEMBER=15307_PSO,,
GEN=79_MEMBER=15745_PSO,GEN=78_MEMBER=15543_PSO,,
GEN=79_MEMBER=15747_PSO,GEN=77_MEMBER=15499_PSO,,
GEN=79_MEMBER=15749_PSO,GEN=78_MEMBER=15679_PSO,,
GEN=79_MEMBER=15751_PSO,GEN=78_MEMBER=15633_PSO,,
GEN=79_MEMBER=15753_PSO,GEN=78_MEMBER=15519_PSO,,
GEN=79_MEMBER=15755_PSO,GEN=78_MEMBER=15693_PSO,,
GEN=79_MEMBER=15757_PSO,GEN=78_MEMBER=15621_PSO,,
GEN=79_MEMBER=15759_PSO,GEN=78_MEMBER=15513_PSO,,
GEN=79_MEMBER=15761_PSO,GEN=78_MEMBER=15643_PSO,,
GEN=79_MEMBER=15763_PSO,GEN=78_MEMBER=15509_PSO,,
GEN=79_MEMBER=15765_PSO,GEN=78_MEMBER=15523_PSO,,
GEN=79_MEMBER=15767_PSO,GEN=78_MEMBER=15689_PSO,,
GEN=79_MEMBER=15769_PSO,GEN=78_MEMBER=15625_PSO,,
GEN=79_MEMBER=15771_PSO,GEN=77_MEMBER=15393_PSO,,
GEN=79_MEMBER=15773_PSO,GEN=78_MEMBER=15615_PSO,,
GEN=79_MEMBER=15775_PSO,GEN=77_MEMBER=15331_PSO,,
GEN=79_MEMBER=15777_PSO,GEN=76_MEMBER=15293_PSO,,
GEN=79_MEMBER=15779_PSO,GEN=75_MEMBER=14909_PSO,,
GEN=79_MEMBER=15781_PSO,GEN=77_MEMBER=15361_PSO,,
GEN=79_MEMBER=15783_PSO,GEN=75_MEMBER=14927_PSO,,
GEN=79_MEMBER=15785_PSO,GEN=78_MEMBER=15527_PSO,,
GEN=79_MEMBER=15787_PSO,GEN=75_MEMBER=15069_PSO,,
GEN=79_MEMBER=15789_PSO,GEN=76_MEMBER=15213_PSO,,
GEN=79_MEMBER=15791_PSO,GEN=78_MEMBER=15669_PSO,,
GEN=79_MEMBER=15793_PSO,GEN=78_MEMBER=15651_PSO,,
GEN=79_MEMBER=15795_PSO,GEN=77_MEMBER=15365_PSO,,
GEN=79_MEMBER=15797_PSO,GEN=78_MEMBER=15545_PSO,,
GEN=79_MEMBER=15799_PSO,GEN=77_MEMBER=15327_PSO,,
GEN=79_MEMBER=15801_PSO,GEN=77_MEMBER=15481_PSO,,
GEN=79_MEMBER=15803_PSO,GEN=77_MEMBER=15493_PSO,,
GEN=79_MEMBER=15805_PSO,GEN=77_MEMBER=15357_PSO,,
GEN=79_MEMBER=15807_PSO,GEN=78_MEMBER=15637_PSO,,
GEN=79_MEMBER=15809_PSO,GEN=78_MEMBER=15653_PSO,,
GEN=79_MEMBER=15811_PSO,GEN=77_MEMBER=15311_PSO,,
GEN=79_MEMBER=15813_PSO,GEN=78_MEMBER=15681_PSO,,
GEN=79_MEMBER=15815_PSO,GEN=78_MEMBER=15511_PSO,,
GEN=79_MEMBER=15817_PSO,GEN=74_MEMBER=14897_PSO,,
GEN=79_MEMBER=15819_PSO,GEN=78_MEMBER=15535_PSO,,
GEN=79_MEMBER=15821_PSO,GEN=77_MEMBER=15375_PSO,,
GEN=79_MEMBER=15823_PSO,GEN=73_MEMBER=14693_PSO,,
GEN=79_MEMBER=15825_PSO,GEN=74_MEMBER=14799_PSO,,
GEN=79_MEMBER=15827_PSO,GEN=72_MEMBER=14355_PSO,,
GEN=79_MEMBER=15829_PSO,GEN=71_MEMBER=14193_PSO,,
GEN=79_MEMBER=15831_PSO,GEN=76_MEMBER=15165_PSO,,
GEN=79_MEMBER=15833_PSO,GEN=78_MEMBER=15553_PSO,,
GEN=79_MEMBER=15835_PSO,GEN=74_MEMBER=14863_PSO,,
GEN=79_MEMBER=15837_PSO,GEN=78_MEMBER=15559_PSO,,
GEN=79_MEMBER=15839_PSO,GEN=78_MEMBER=15541_PSO,,
GEN=79_MEMBER=15841_PSO,GEN=76_MEMBER=15105_PSO,,
GEN=79_MEMBER=15843_PSO,GEN=76_MEMBER=15283_PSO,,
GEN=79_MEMBER=15845_PSO,GEN=78_MEMBER=15697_PSO,,
GEN=79_MEMBER=15847_PSO,GEN=77_MEMBER=15451_PSO,,
GEN=79_MEMBER=15849_PSO,GEN=72_MEMBER=14395_PSO,,
GEN=79_MEMBER=15851_PSO,GEN=76_MEMBER=15131_PSO,,
GEN=79_MEMBER=15853_PSO,GEN=75_MEMBER=14913_PSO,,
GEN=79_MEMBER=15855_PSO,GEN=75_MEMBER=15031_PSO,,
GEN=79_MEMBER=15857_PSO,GEN=72_MEMBER=14325_PSO,,
GEN=79_MEMBER=15859_PSO,GEN=76_MEMBER=15177_PSO,,
GEN=79_MEMBER=15861_PSO,GEN=74_MEMBER=14721_PSO,,
GEN=79_MEMBER=15863_PSO,GEN=72_MEMBER=14465_PSO,,
GEN=79_MEMBER=15865_PSO,GEN=62_MEMBER=12407_PSO,,
GEN=79_MEMBER=15867_PSO,GEN=76_MEMBER=15295_PSO,,
GEN=79_MEMBER=15869_PSO,GEN=75_MEMBER=14937_PSO,,
GEN=79_MEMBER=15871_PSO,GEN=76_MEMBER=15285_PSO,,
GEN=79_MEMBER=15873_PSO,GEN=76_MEMBER=15109_PSO,,
GEN=79_MEMBER=15875_PSO,GEN=72_MEMBER=14351_PSO,,
GEN=79_MEMBER=15877_PSO,GEN=74_MEMBER=14875_PSO,,
GEN=79_MEMBER=15879_PSO,GEN=77_MEMBER=15319_PSO,,
GEN=79_MEMBER=15881_PSO,GEN=71_MEMBER=14259_PSO,,
GEN=79_MEMBER=15883_PSO,GEN=74_MEMBER=14843_PSO,,
GEN=79_MEMBER=15885_PSO,GEN=75_MEMBER=14907_PSO,,
GEN=79_MEMBER=15887_PSO,GEN=71_MEMBER=14111_PSO,,
GEN=79_MEMBER=15889_PSO,GEN=75_MEMBER=15095_PSO,,
GEN=79_MEMBER=15891_PSO,GEN=76_MEMBER=15209_PSO,,
GEN=79_MEMBER=15893_PSO,GEN=77_MEMBER=15483_PSO,,
GEN=79_MEMBER=15895_PSO,GEN=77_MEMBER=15313_PSO,,
GEN=79_MEMBER=15897_PSO,GEN=73_MEMBER=14673_PSO,,
GEN=79_MEMBER=15899_PSO,GEN=77_MEMBER=15387_PSO,,
GEN=80_MEMBER=15901_PSO,GEN=79_MEMBER=15897_PSO,,
GEN=80_MEMBER=15903_PSO,GEN=79_MEMBER=15847_PSO,,
GEN=80_MEMBER=15905_PSO,GEN=79_MEMBER=15837_PSO,,
GEN=80_MEMBER=15907_PSO,GEN=79_MEMBER=15887_PSO,,
GEN=80_MEMBER=15909_PSO,GEN=79_MEMBER=15799_PSO,,
GEN=80_MEMBER=15911_PSO,GEN=79_MEMBER=15899_PSO,,
GEN=80_MEMBER=15913_PSO,GEN=78_MEMBER=15593_PSO,,
GEN=80_MEMBER=15915_PSO,GEN=79_MEMBER=15801_PSO,,
GEN=80_MEMBER=15917_PSO,GEN=79_MEMBER=15821_PSO,,
GEN=80_MEMBER=15919_PSO,GEN=78_MEMBER=15657_PSO,,
GEN=80_MEMBER=15921_PSO,GEN=79_MEMBER=15753_PSO,,
GEN=80_MEMBER=15923_PSO,GEN=78_MEMBER=15619_PSO,,
GEN=80_MEMBER=15925_PSO,GEN=77_MEMBER=15415_PSO,,
GEN=80_MEMBER=15927_PSO,GEN=79_MEMBER=15839_PSO,,
GEN=80_MEMBER=15929_PSO,GEN=79_MEMBER=15745_PSO,,
GEN=80_MEMBER=15931_PSO,GEN=79_MEMBER=15823_PSO,,
GEN=80_MEMBER=15933_PSO,GEN=79_MEMBER=15879_PSO,,
GEN=80_MEMBER=15935_PSO,GEN=78_MEMBER=15663_PSO,,
GEN=80_MEMBER=15937_PSO,GEN=79_MEMBER=15863_PSO,,
GEN=80_MEMBER=15939_PSO,GEN=79_MEMBER=15835_PSO,,
GEN=80_MEMBER=15941_PSO,GEN=78_MEMBER=15671_PSO,,
GEN=80_MEMBER=15943_PSO,GEN=79_MEMBER=15875_PSO,,
GEN=80_MEMBER=15945_PSO,GEN=78_MEMBER=15543_PSO,,
GEN=80_MEMBER=15947_PSO,GEN=79_MEMBER=15831_PSO,,
GEN=80_MEMBER=15949_PSO,GEN=78_MEMBER=15679_PSO,,
GEN=80_MEMBER=15951_PSO,GEN=79_MEMBER=15881_PSO,,
GEN=80_MEMBER=15953_PSO,GEN=79_MEMBER=15857_PSO,,
GEN=80_MEMBER=15955_PSO,GEN=78_MEMBER=15693_PSO,,
GEN=80_MEMBER=15957_PSO,GEN=78_MEMBER=15621_PSO,,
GEN=80_MEMBER=15959_PSO,GEN=79_MEMBER=15743_PSO,,
GEN=80_MEMBER=15961_PSO,GEN=78_MEMBER=15643_PSO,,
GEN=80_MEMBER=15963_PSO,GEN=79_MEMBER=15869_PSO,,
GEN=80_MEMBER=15965_PSO,GEN=79_MEMBER=15723_PSO,,
GEN=80_MEMBER=15967_PSO,GEN=79_MEMBER=15833_PSO,,
GEN=80_MEMBER=15969_PSO,GEN=78_MEMBER=15625_PSO,,
GEN=80_MEMBER=15971_PSO,GEN=79_MEMBER=15819_PSO,,
GEN=80_MEMBER=15973_PSO,GEN=79_MEMBER=15767_PSO,,
GEN=80_MEMBER=15975_PSO,GEN=79_MEMBER=15793_PSO,,
GEN=80_MEMBER=15977_PSO,GEN=76_MEMBER=15293_PSO,,
GEN=80_MEMBER=15979_PSO,GEN=75_MEMBER=14909_PSO,,
GEN=80_MEMBER=15981_PSO,GEN=77_MEMBER=15361_PSO,,
GEN=80_MEMBER=15983_PSO,GEN=79_MEMBER=15783_PSO,,
GEN=80_MEMBER=15985_PSO,GEN=78_MEMBER=15527_PSO,,
GEN=80_MEMBER=15987_PSO,GEN=75_MEMBER=15069_PSO,,
GEN=80_MEMBER=15989_PSO,GEN=79_MEMBER=15705_PSO,,
GEN=80_MEMBER=15991_PSO,GEN=78_MEMBER=15669_PSO,,
GEN=80_MEMBER=15993_PSO,GEN=78_MEMBER=15651_PSO,,
GEN=80_MEMBER=15995_PSO,GEN=79_MEMBER=15845_PSO,,
GEN=80_MEMBER=15997_PSO,GEN=78_MEMBER=15545_PSO,,
GEN=80_MEMBER=15999_PSO,GEN=79_MEMBER=15893_PSO,,
GEN=80_MEMBER=16001_PSO,GEN=79_MEMBER=15843_PSO,,
GEN=80_MEMBER=16003_PSO,GEN=79_MEMBER=15701_PSO,,
GEN=80_MEMBER=16005_PSO,GEN=77_MEMBER=15357_PSO,,
GEN=80_MEMBER=16007_PSO,GEN=79_MEMBER=15775_PSO,,
GEN=80_MEMBER=16009_PSO,GEN=79_MEMBER=15719_PSO,,
GEN=80_MEMBER=16011_PSO,GEN=77_MEMBER=15311_PSO,,
GEN=80_MEMBER=16013_PSO,GEN=78_MEMBER=15681_PSO,,
GEN=80_MEMBER=16015_PSO,GEN=79_MEMBER=15853_PSO,,
GEN=80_MEMBER=16017_PSO,GEN=74_MEMBER=14897_PSO,,
GEN=80_MEMBER=16019_PSO,GEN=78_MEMBER=15535_PSO,,
GEN=80_MEMBER=16021_PSO,GEN=77_MEMBER=15375_PSO,,
GEN=80_MEMBER=16023_PSO,GEN=79_MEMBER=15809_PSO,,
GEN=80_MEMBER=16025_PSO,GEN=79_MEMBER=15751_PSO,,
GEN=80_MEMBER=16027_PSO,GEN=72_MEMBER=14355_PSO,,
GEN=80_MEMBER=16029_PSO,GEN=71_MEMBER=14193_PSO,,
GEN=80_MEMBER=16031_PSO,GEN=79_MEMBER=15891_PSO,,
GEN=80_MEMBER=16033_PSO,GEN=79_MEMBER=15861_PSO,,
GEN=80_MEMBER=16035_PSO,GEN=74_MEMBER=14863_PSO,,
GEN=80_MEMBER=16037_PSO,GEN=79_MEMBER=15779_PSO,,
GEN=80_MEMBER=16039_PSO,GEN=78_MEMBER=15541_PSO,,
GEN=80_MEMBER=16041_PSO,GEN=76_MEMBER=15105_PSO,,
GEN=80_MEMBER=16043_PSO,GEN=79_MEMBER=15867_PSO,,
GEN=80_MEMBER=16045_PSO,GEN=79_MEMBER=15877_PSO,,
GEN=80_MEMBER=16047_PSO,GEN=77_MEMBER=15451_PSO,,
GEN=80_MEMBER=16049_PSO,GEN=72_MEMBER=14395_PSO,,
GEN=80_MEMBER=16051_PSO,GEN=79_MEMBER=15859_PSO,,
GEN=80_MEMBER=16053_PSO,GEN=75_MEMBER=14913_PSO,,
GEN=80_MEMBER=16055_PSO,GEN=79_MEMBER=15841_PSO,,
GEN=80_MEMBER=16057_PSO,GEN=72_MEMBER=14325_PSO,,
GEN=80_MEMBER=16059_PSO,GEN=76_MEMBER=15177_PSO,,
GEN=80_MEMBER=16061_PSO,GEN=79_MEMBER=15735_PSO,,
GEN=80_MEMBER=16063_PSO,GEN=72_MEMBER=14465_PSO,,
GEN=80_MEMBER=16065_PSO,GEN=62_MEMBER=12407_PSO,,
GEN=80_MEMBER=16067_PSO,GEN=76_MEMBER=15295_PSO,,
GEN=80_MEMBER=16069_PSO,GEN=75_MEMBER=14937_PSO,,
GEN=80_MEMBER=16071_PSO,GEN=79_MEMBER=15811_PSO,,
GEN=80_MEMBER=16073_PSO,GEN=79_MEMBER=15757_PSO,,
GEN=80_MEMBER=16075_PSO,GEN=72_MEMBER=14351_PSO,,
GEN=80_MEMBER=16077_PSO,GEN=74_MEMBER=14875_PSO,,
GEN=80_MEMBER=16079_PSO,GEN=77_MEMBER=15319_PSO,,
GEN=80_MEMBER=16081_PSO,GEN=71_MEMBER=14259_PSO,,
GEN=80_MEMBER=16083_PSO,GEN=79_MEMBER=15797_PSO,,
GEN=80_MEMBER=16085_PSO,GEN=75_MEMBER=14907_PSO,,
GEN=80_MEMBER=16087_PSO,GEN=71_MEMBER=14111_PSO,,
GEN=80_MEMBER=16089_PSO,GEN=79_MEMBER=15803_PSO,,
GEN=80_MEMBER=16091_PSO,GEN=76_MEMBER=15209_PSO,,
GEN=80_MEMBER=16093_PSO,GEN=77_MEMBER=15483_PSO,,
GEN=80_MEMBER=16095_PSO,GEN=77_MEMBER=15313_PSO,,
GEN=80_MEMBER=16097_PSO,GEN=73_MEMBER=14673_PSO,,
GEN=80_MEMBER=16099_PSO,GEN=79_MEMBER=15795_PSO,,
GEN=81_MEMBER=16101_PSO,GEN=80_MEMBER=16081_PSO,,
GEN=81_MEMBER=16103_PSO,GEN=80_MEMBER=16069_PSO,,
GEN=81_MEMBER=16105_PSO,GEN=80_MEMBER=16009_PSO,,
GEN=81_MEMBER=16107_PSO,GEN=80_MEMBER=16099_PSO,,
GEN=81_MEMBER=16109_PSO,GEN=80_MEMBER=16067_PSO,,
GEN=81_MEMBER=16111_PSO,GEN=79_MEMBER=15899_PSO,,
GEN=81_MEMBER=16113_PSO,GEN=80_MEMBER=16021_PSO,,
GEN=81_MEMBER=16115_PSO,GEN=80_MEMBER=16039_PSO,,
GEN=81_MEMBER=16117_PSO,GEN=80_MEMBER=16047_PSO,,
GEN=81_MEMBER=16119_PSO,GEN=78_MEMBER=15657_PSO,,
GEN=81_MEMBER=16121_PSO,GEN=80_MEMBER=16071_PSO,,
GEN=81_MEMBER=16123_PSO,GEN=80_MEMBER=16045_PSO,,
GEN=81_MEMBER=16125_PSO,GEN=80_MEMBER=15971_PSO,,
GEN=81_MEMBER=16127_PSO,GEN=80_MEMBER=16087_PSO,,
GEN=81_MEMBER=16129_PSO,GEN=80_MEMBER=16005_PSO,,
GEN=81_MEMBER=16131_PSO,GEN=79_MEMBER=15823_PSO,,
GEN=81_MEMBER=16133_PSO,GEN=80_MEMBER=16097_PSO,,
GEN=81_MEMBER=16135_PSO,GEN=80_MEMBER=16019_PSO,,
GEN=81_MEMBER=16137_PSO,GEN=80_MEMBER=16007_PSO,,
GEN=81_MEMBER=16139_PSO,GEN=80_MEMBER=15963_PSO,,
GEN=81_MEMBER=16141_PSO,GEN=78_MEMBER=15671_PSO,,
GEN=81_MEMBER=16143_PSO,GEN=80_MEMBER=16077_PSO,,
GEN=81_MEMBER=16145_PSO,GEN=80_MEMBER=15975_PSO,,
GEN=81_MEMBER=16147_PSO,GEN=80_MEMBER=16031_PSO,,
GEN=81_MEMBER=16149_PSO,GEN=80_MEMBER=15961_PSO,,
GEN=81_MEMBER=16151_PSO,GEN=80_MEMBER=15919_PSO,,
GEN=81_MEMBER=16153_PSO,GEN=79_MEMBER=15857_PSO,,
GEN=81_MEMBER=16155_PSO,GEN=78_MEMBER=15693_PSO,,
GEN=81_MEMBER=16157_PSO,GEN=78_MEMBER=15621_PSO,,
GEN=81_MEMBER=16159_PSO,GEN=79_MEMBER=15743_PSO,,
GEN=81_MEMBER=16161_PSO,GEN=78_MEMBER=15643_PSO,,
GEN=81_MEMBER=16163_PSO,GEN=80_MEMBER=15951_PSO,,
GEN=81_MEMBER=16165_PSO,GEN=80_MEMBER=15913_PSO,,
GEN=81_MEMBER=16167_PSO,GEN=80_MEMBER=16029_PSO,,
GEN=81_MEMBER=16169_PSO,GEN=78_MEMBER=15625_PSO,,
GEN=81_MEMBER=16171_PSO,GEN=80_MEMBER=16093_PSO,,
GEN=81_MEMBER=16173_PSO,GEN=79_MEMBER=15767_PSO,,
GEN=81_MEMBER=16175_PSO,GEN=79_MEMBER=15793_PSO,,
GEN=81_MEMBER=16177_PSO,GEN=76_MEMBER=15293_PSO,,
GEN=81_MEMBER=16179_PSO,GEN=75_MEMBER=14909_PSO,,
GEN=81_MEMBER=16181_PSO,GEN=77_MEMBER=15361_PSO,,
GEN=81_MEMBER=16183_PSO,GEN=80_MEMBER=16055_PSO,,
GEN=81_MEMBER=16185_PSO,GEN=78_MEMBER=15527_PSO,,
GEN=81_MEMBER=16187_PSO,GEN=80_MEMBER=16089_PSO,,
GEN=81_MEMBER=16189_PSO,GEN=80_MEMBER=16035_PSO,,
GEN=81_MEMBER=16191_PSO,GEN=78_MEMBER=15669_PSO,,
GEN=81_MEMBER=16193_PSO,GEN=80_MEMBER=15931_PSO,,
GEN=81_MEMBER=16195_PSO,GEN=79_MEMBER=15845_PSO,,
GEN=81_MEMBER=16197_PSO,GEN=78_MEMBER=15545_PSO,,
GEN=81_MEMBER=16199_PSO,GEN=79_MEMBER=15893_PSO,,
GEN=81_MEMBER=16201_PSO,GEN=79_MEMBER=15843_PSO,,
GEN=81_MEMBER=16203_PSO,GEN=79_MEMBER=15701_PSO,,
GEN=81_MEMBER=16205_PSO,GEN=77_MEMBER=15357_PSO,,
GEN=81_MEMBER=16207_PSO,GEN=80_MEMBER=16083_PSO,,
GEN=81_MEMBER=16209_PSO,GEN=79_MEMBER=15719_PSO,,
GEN=81_MEMBER=16211_PSO,GEN=80_MEMBER=15901_PSO,,
GEN=81_MEMBER=16213_PSO,GEN=78_MEMBER=15681_PSO,,
GEN=81_MEMBER=16215_PSO,GEN=79_MEMBER=15853_PSO,,
GEN=81_MEMBER=16217_PSO,GEN=80_MEMBER=16079_PSO,,
GEN=81_MEMBER=16219_PSO,GEN=78_MEMBER=15535_PSO,,
GEN=81_MEMBER=16221_PSO,GEN=77_MEMBER=15375_PSO,,
GEN=81_MEMBER=16223_PSO,GEN=80_MEMBER=15935_PSO,,
GEN=81_MEMBER=16225_PSO,GEN=79_MEMBER=15751_PSO,,
GEN=81_MEMBER=16227_PSO,GEN=80_MEMBER=16061_PSO,,
GEN=81_MEMBER=16229_PSO,GEN=71_MEMBER=14193_PSO,,
GEN=81_MEMBER=16231_PSO,GEN=80_MEMBER=15943_PSO,,
GEN=81_MEMBER=16233_PSO,GEN=80_MEMBER=15907_PSO,,
GEN=81_MEMBER=16235_PSO,GEN=74_MEMBER=14863_PSO,,
GEN=81_MEMBER=16237_PSO,GEN=79_MEMBER=15779_PSO,,
GEN=81_MEMBER=16239_PSO,GEN=78_MEMBER=15541_PSO,,
GEN=81_MEMBER=16241_PSO,GEN=80_MEMBER=15997_PSO,,
GEN=81_MEMBER=16243_PSO,GEN=79_MEMBER=15867_PSO,,
GEN=81_MEMBER=16245_PSO,GEN=79_MEMBER=15877_PSO,,
GEN=81_MEMBER=16247_PSO,GEN=77_MEMBER=15451_PSO,,
GEN=81_MEMBER=16249_PSO,GEN=72_MEMBER=14395_PSO,,
GEN=81_MEMBER=16251_PSO,GEN=79_MEMBER=15859_PSO,,
GEN=81_MEMBER=16253_PSO,GEN=75_MEMBER=14913_PSO,,
GEN=81_MEMBER=16255_PSO,GEN=79_MEMBER=15841_PSO,,
GEN=81_MEMBER=16257_PSO,GEN=80_MEMBER=16041_PSO,,
GEN=81_MEMBER=16259_PSO,GEN=76_MEMBER=15177_PSO,,
GEN=81_MEMBER=16261_PSO,GEN=79_MEMBER=15735_PSO,,
GEN=81_MEMBER=16263_PSO,GEN=72_MEMBER=14465_PSO,,
GEN=81_MEMBER=16265_PSO,GEN=62_MEMBER=12407_PSO,,
GEN=81_MEMBER=16267_PSO,GEN=76_MEMBER=15295_PSO,,
GEN=81_MEMBER=16269_PSO,GEN=80_MEMBER=15911_PSO,,
GEN=81_MEMBER=16271_PSO,GEN=80_MEMBER=15937_PSO,,
GEN=81_MEMBER=16273_PSO,GEN=79_MEMBER=15757_PSO,,
GEN=81_MEMBER=16275_PSO,GEN=72_MEMBER=14351_PSO,,
GEN=81_MEMBER=16277_PSO,GEN=74_MEMBER=14875_PSO,,
GEN=81_MEMBER=16279_PSO,GEN=77_MEMBER=15319_PSO,,
GEN=81_MEMBER=16281_PSO,GEN=71_MEMBER=14259_PSO,,
GEN=81_MEMBER=16283_PSO,GEN=79_MEMBER=15797_PSO,,
GEN=81_MEMBER=16285_PSO,GEN=80_MEMBER=15953_PSO,,
GEN=81_MEMBER=16287_PSO,GEN=71_MEMBER=14111_PSO,,
GEN=81_MEMBER=16289_PSO,GEN=79_MEMBER=15803_PSO,,
GEN=81_MEMBER=16291_PSO,GEN=76_MEMBER=15209_PSO,,
GEN=81_MEMBER=16293_PSO,GEN=77_MEMBER=15483_PSO,,
GEN=81_MEMBER=16295_PSO,GEN=77_MEMBER=15313_PSO,,
GEN=81_MEMBER=16297_PSO,GEN=73_MEMBER=14673_PSO,,
GEN=81_MEMBER=16299_PSO,GEN=80_MEMBER=15939_PSO,,
GEN=82_MEMBER=16301_PSO,GEN=81_MEMBER=16297_PSO,,
GEN=82_MEMBER=16303_PSO,GEN=81_MEMBER=16191_PSO,,
GEN=82_MEMBER=16305_PSO,GEN=81_MEMBER=16299_PSO,,
GEN=82_MEMBER=16307_PSO,GEN=81_MEMBER=16167_PSO,,
GEN=82_MEMBER=16309_PSO,GEN=81_MEMBER=16261_PSO,,
GEN=82_MEMBER=16311_PSO,GEN=81_MEMBER=16283_PSO,,
GEN=82_MEMBER=16313_PSO,GEN=81_MEMBER=16263_PSO,,
GEN=82_MEMBER=16315_PSO,GEN=81_MEMBER=16243_PSO,,
GEN=82_MEMBER=16317_PSO,GEN=81_MEMBER=16147_PSO,,
GEN=82_MEMBER=16319_PSO,GEN=81_MEMBER=16127_PSO,,
GEN=82_MEMBER=16321_PSO,GEN=81_MEMBER=16135_PSO,,
GEN=82_MEMBER=16323_PSO,GEN=81_MEMBER=16215_PSO,,
GEN=82_MEMBER=16325_PSO,GEN=81_MEMBER=16247_PSO,,
GEN=82_MEMBER=16327_PSO,GEN=81_MEMBER=16253_PSO,,
GEN=82_MEMBER=16329_PSO,GEN=80_MEMBER=16005_PSO,,
GEN=82_MEMBER=16331_PSO,GEN=81_MEMBER=16285_PSO,,
GEN=82_MEMBER=16333_PSO,GEN=81_MEMBER=16203_PSO,,
GEN=82_MEMBER=16335_PSO,GEN=81_MEMBER=16217_PSO,,
GEN=82_MEMBER=16337_PSO,GEN=81_MEMBER=16255_PSO,,
GEN=82_MEMBER=16339_PSO,GEN=80_MEMBER=15963_PSO,,
GEN=82_MEMBER=16341_PSO,GEN=78_MEMBER=15671_PSO,,
GEN=82_MEMBER=16343_PSO,GEN=80_MEMBER=16077_PSO,,
GEN=82_MEMBER=16345_PSO,GEN=80_MEMBER=15975_PSO,,
GEN=82_MEMBER=16347_PSO,GEN=80_MEMBER=16031_PSO,,
GEN=82_MEMBER=16349_PSO,GEN=80_MEMBER=15961_PSO,,
GEN=82_MEMBER=16351_PSO,GEN=80_MEMBER=15919_PSO,,
GEN=82_MEMBER=16353_PSO,GEN=81_MEMBER=16181_PSO,,
GEN=82_MEMBER=16355_PSO,GEN=81_MEMBER=16267_PSO,,
GEN=82_MEMBER=16357_PSO,GEN=81_MEMBER=16231_PSO,,
GEN=82_MEMBER=16359_PSO,GEN=79_MEMBER=15743_PSO,,
GEN=82_MEMBER=16361_PSO,GEN=81_MEMBER=16121_PSO,,
GEN=82_MEMBER=16363_PSO,GEN=81_MEMBER=16235_PSO,,
GEN=82_MEMBER=16365_PSO,GEN=81_MEMBER=16125_PSO,,
GEN=82_MEMBER=16367_PSO,GEN=81_MEMBER=16251_PSO,,
GEN=82_MEMBER=16369_PSO,GEN=78_MEMBER=15625_PSO,,
GEN=82_MEMBER=16371_PSO,GEN=81_MEMBER=16237_PSO,,
GEN=82_MEMBER=16373_PSO,GEN=81_MEMBER=16245_PSO,,
GEN=82_MEMBER=16375_PSO,GEN=81_MEMBER=16117_PSO,,
GEN=82_MEMBER=16377_PSO,GEN=76_MEMBER=15293_PSO,,
GEN=82_MEMBER=16379_PSO,GEN=81_MEMBER=16155_PSO,,
GEN=82_MEMBER=16381_PSO,GEN=81_MEMBER=16101_PSO,,
GEN=82_MEMBER=16383_PSO,GEN=81_MEMBER=16105_PSO,,
GEN=82_MEMBER=16385_PSO,GEN=81_MEMBER=16107_PSO,,
GEN=82_MEMBER=16387_PSO,GEN=80_MEMBER=16089_PSO,,
GEN=82_MEMBER=16389_PSO,GEN=80_MEMBER=16035_PSO,,
GEN=82_MEMBER=16391_PSO,GEN=78_MEMBER=15669_PSO,,
GEN=82_MEMBER=16393_PSO,GEN=80_MEMBER=15931_PSO,,
GEN=82_MEMBER=16395_PSO,GEN=81_MEMBER=16205_PSO,,
GEN=82_MEMBER=16397_PSO,GEN=78_MEMBER=15545_PSO,,
GEN=82_MEMBER=16399_PSO,GEN=79_MEMBER=15893_PSO,,
GEN=82_MEMBER=16401_PSO,GEN=79_MEMBER=15843_PSO,,
GEN=82_MEMBER=16403_PSO,GEN=81_MEMBER=16223_PSO,,
GEN=82_MEMBER=16405_PSO,GEN=81_MEMBER=16291_PSO,,
GEN=82_MEMBER=16407_PSO,GEN=80_MEMBER=16083_PSO,,
GEN=82_MEMBER=16409_PSO,GEN=81_MEMBER=16229_PSO,,
GEN=82_MEMBER=16411_PSO,GEN=81_MEMBER=16185_PSO,,
GEN=82_MEMBER=16413_PSO,GEN=81_MEMBER=16171_PSO,,
GEN=82_MEMBER=16415_PSO,GEN=81_MEMBER=16275_PSO,,
GEN=82_MEMBER=16417_PSO,GEN=81_MEMBER=16103_PSO,,
GEN=82_MEMBER=16419_PSO,GEN=81_MEMBER=16227_PSO,,
GEN=82_MEMBER=16421_PSO,GEN=77_MEMBER=15375_PSO,,
GEN=82_MEMBER=16423_PSO,GEN=80_MEMBER=15935_PSO,,
GEN=82_MEMBER=16425_PSO,GEN=79_MEMBER=15751_PSO,,
GEN=82_MEMBER=16427_PSO,GEN=80_MEMBER=16061_PSO,,
GEN=82_MEMBER=16429_PSO,GEN=81_MEMBER=16111_PSO,,
GEN=82_MEMBER=16431_PSO,GEN=80_MEMBER=15943_PSO,,
GEN=82_MEMBER=16433_PSO,GEN=81_MEMBER=16273_PSO,,
GEN=82_MEMBER=16435_PSO,GEN=74_MEMBER=14863_PSO,,
GEN=82_MEMBER=16437_PSO,GEN=79_MEMBER=15779_PSO,,
GEN=82_MEMBER=16439_PSO,GEN=78_MEMBER=15541_PSO,,
GEN=82_MEMBER=16441_PSO,GEN=80_MEMBER=15997_PSO,,
GEN=82_MEMBER=16443_PSO,GEN=81_MEMBER=16187_PSO,,
GEN=82_MEMBER=16445_PSO,GEN=79_MEMBER=15877_PSO,,
GEN=82_MEMBER=16447_PSO,GEN=81_MEMBER=16213_PSO,,
GEN=82_MEMBER=16449_PSO,GEN=72_MEMBER=14395_PSO,,
GEN=82_MEMBER=16451_PSO,GEN=81_MEMBER=16239_PSO,,
GEN=82_MEMBER=16453_PSO,GEN=75_MEMBER=14913_PSO,,
GEN=82_MEMBER=16455_PSO,GEN=81_MEMBER=16109_PSO,,
GEN=82_MEMBER=16457_PSO,GEN=80_MEMBER=16041_PSO,,
GEN=82_MEMBER=16459_PSO,GEN=81_MEMBER=16257_PSO,,
GEN=82_MEMBER=16461_PSO,GEN=81_MEMBER=16289_PSO,,
GEN=82_MEMBER=16463_PSO,GEN=81_MEMBER=16175_PSO,,
GEN=82_MEMBER=16465_PSO,GEN=81_MEMBER=16295_PSO,,
GEN=82_MEMBER=16467_PSO,GEN=76_MEMBER=15295_PSO,,
GEN=82_MEMBER=16469_PSO,GEN=80_MEMBER=15911_PSO,,
GEN=82_MEMBER=16471_PSO,GEN=80_MEMBER=15937_PSO,,
GEN=82_MEMBER=16473_PSO,GEN=81_MEMBER=16153_PSO,,
GEN=82_MEMBER=16475_PSO,GEN=72_MEMBER=14351_PSO,,
GEN=82_MEMBER=16477_PSO,GEN=74_MEMBER=14875_PSO,,
GEN=82_MEMBER=16479_PSO,GEN=77_MEMBER=15319_PSO,,
GEN=82_MEMBER=16481_PSO,GEN=71_MEMBER=14259_PSO,,
GEN=82_MEMBER=16483_PSO,GEN=81_MEMBER=16281_PSO,,
GEN=82_MEMBER=16485_PSO,GEN=80_MEMBER=15953_PSO,,
GEN=82_MEMBER=16487_PSO,GEN=71_MEMBER=14111_PSO,,
GEN=82_MEMBER=16489_PSO,GEN=79_MEMBER=15803_PSO,,
GEN=82_MEMBER=16491_PSO,GEN=76_MEMBER=15209_PSO,,
GEN=82_MEMBER=16493_PSO,GEN=77_MEMBER=15483_PSO,,
GEN=82_MEMBER=16495_PSO,GEN=81_MEMBER=16265_PSO,,
GEN=82_MEMBER=16497_PSO,GEN=73_MEMBER=14673_PSO,,
GEN=82_MEMBER=16499_PSO,GEN=80_MEMBER=15939_PSO,,
GEN=83_MEMBER=16501_PSO,GEN=82_MEMBER=16481_PSO,,
GEN=83_MEMBER=16503_PSO,GEN=82_MEMBER=16443_PSO,,
GEN=83_MEMBER=16505_PSO,GEN=82_MEMBER=16457_PSO,,
GEN=83_MEMBER=16507_PSO,GEN=82_MEMBER=16471_PSO,,
GEN=83_MEMBER=16509_PSO,GEN=82_MEMBER=16421_PSO,,
GEN=83_MEMBER=16511_PSO,GEN=82_MEMBER=16473_PSO,,
GEN=83_MEMBER=16513_PSO,GEN=82_MEMBER=16413_PSO,,
GEN=83_MEMBER=16515_PSO,GEN=82_MEMBER=16347_PSO,,
GEN=83_MEMBER=16517_PSO,GEN=82_MEMBER=16353_PSO,,
GEN=83_MEMBER=16519_PSO,GEN=82_MEMBER=16455_PSO,,
GEN=83_MEMBER=16521_PSO,GEN=82_MEMBER=16437_PSO,,
GEN=83_MEMBER=16523_PSO,GEN=82_MEMBER=16483_PSO,,
GEN=83_MEMBER=16525_PSO,GEN=82_MEMBER=16337_PSO,,
GEN=83_MEMBER=16527_PSO,GEN=82_MEMBER=16433_PSO,,
GEN=83_MEMBER=16529_PSO,GEN=82_MEMBER=16317_PSO,,
GEN=83_MEMBER=16531_PSO,GEN=82_MEMBER=16491_PSO,,
GEN=83_MEMBER=16533_PSO,GEN=82_MEMBER=16319_PSO,,
GEN=83_MEMBER=16535_PSO,GEN=81_MEMBER=16217_PSO,,
GEN=83_MEMBER=16537_PSO,GEN=82_MEMBER=16379_PSO,,
GEN=83_MEMBER=16539_PSO,GEN=82_MEMBER=16407_PSO,,
GEN=83_MEMBER=16541_PSO,GEN=78_MEMBER=15671_PSO,,
GEN=83_MEMBER=16543_PSO,GEN=82_MEMBER=16415_PSO,,
GEN=83_MEMBER=16545_PSO,GEN=82_MEMBER=16489_PSO,,
GEN=83_MEMBER=16547_PSO,GEN=80_MEMBER=16031_PSO,,
GEN=83_MEMBER=16549_PSO,GEN=82_MEMBER=16493_PSO,,
GEN=83_MEMBER=16551_PSO,GEN=80_MEMBER=15919_PSO,,
GEN=83_MEMBER=16553_PSO,GEN=81_MEMBER=16181_PSO,,
GEN=83_MEMBER=16555_PSO,GEN=81_MEMBER=16267_PSO,,
GEN=83_MEMBER=16557_PSO,GEN=82_MEMBER=16425_PSO,,
GEN=83_MEMBER=16559_PSO,GEN=82_MEMBER=16447_PSO,,
GEN=83_MEMBER=16561_PSO,GEN=82_MEMBER=16419_PSO,,
GEN=83_MEMBER=16563_PSO,GEN=81_MEMBER=16235_PSO,,
GEN=83_MEMBER=16565_PSO,GEN=82_MEMBER=16499_PSO,,
GEN=83_MEMBER=16567_PSO,GEN=81_MEMBER=16251_PSO,,
GEN=83_MEMBER=16569_PSO,GEN=78_MEMBER=15625_PSO,,
GEN=83_MEMBER=16571_PSO,GEN=81_MEMBER=16237_PSO,,
GEN=83_MEMBER=16573_PSO,GEN=82_MEMBER=16389_PSO,,
GEN=83_MEMBER=16575_PSO,GEN=82_MEMBER=16475_PSO,,
GEN=83_MEMBER=16577_PSO,GEN=82_MEMBER=16485_PSO,,
GEN=83_MEMBER=16579_PSO,GEN=82_MEMBER=16377_PSO,,
GEN=83_MEMBER=16581_PSO,GEN=81_MEMBER=16101_PSO,,
GEN=83_MEMBER=16583_PSO,GEN=81_MEMBER=16105_PSO,,
GEN=83_MEMBER=16585_PSO,GEN=82_MEMBER=16467_PSO,,
GEN=83_MEMBER=16587_PSO,GEN=82_MEMBER=16463_PSO,,
GEN=83_MEMBER=16589_PSO,GEN=82_MEMBER=16343_PSO,,
GEN=83_MEMBER=16591_PSO,GEN=78_MEMBER=15669_PSO,,
GEN=83_MEMBER=16593_PSO,GEN=80_MEMBER=15931_PSO,,
GEN=83_MEMBER=16595_PSO,GEN=81_MEMBER=16205_PSO,,
GEN=83_MEMBER=16597_PSO,GEN=82_MEMBER=16427_PSO,,
GEN=83_MEMBER=16599_PSO,GEN=79_MEMBER=15893_PSO,,
GEN=83_MEMBER=16601_PSO,GEN=79_MEMBER=15843_PSO,,
GEN=83_MEMBER=16603_PSO,GEN=81_MEMBER=16223_PSO,,
GEN=83_MEMBER=16605_PSO,GEN=82_MEMBER=16383_PSO,,
GEN=83_MEMBER=16607_PSO,GEN=80_MEMBER=16083_PSO,,
GEN=83_MEMBER=16609_PSO,GEN=81_MEMBER=16229_PSO,,
GEN=83_MEMBER=16611_PSO,GEN=82_MEMBER=16451_PSO,,
GEN=83_MEMBER=16613_PSO,GEN=82_MEMBER=16331_PSO,,
GEN=83_MEMBER=16615_PSO,GEN=82_MEMBER=16315_PSO,,
GEN=83_MEMBER=16617_PSO,GEN=82_MEMBER=16495_PSO,,
GEN=83_MEMBER=16619_PSO,GEN=82_MEMBER=16497_PSO,,
GEN=83_MEMBER=16621_PSO,GEN=82_MEMBER=16405_PSO,,
GEN=83_MEMBER=16623_PSO,GEN=80_MEMBER=15935_PSO,,
GEN=83_MEMBER=16625_PSO,GEN=82_MEMBER=16305_PSO,,
GEN=83_MEMBER=16627_PSO,GEN=80_MEMBER=16061_PSO,,
GEN=83_MEMBER=16629_PSO,GEN=82_MEMBER=16369_PSO,,
GEN=83_MEMBER=16631_PSO,GEN=80_MEMBER=15943_PSO,,
GEN=83_MEMBER=16633_PSO,GEN=82_MEMBER=16439_PSO,,
GEN=83_MEMBER=16635_PSO,GEN=74_MEMBER=14863_PSO,,
GEN=83_MEMBER=16637_PSO,GEN=79_MEMBER=15779_PSO,,
GEN=83_MEMBER=16639_PSO,GEN=82_MEMBER=16465_PSO,,
GEN=83_MEMBER=16641_PSO,GEN=80_MEMBER=15997_PSO,,
GEN=83_MEMBER=16643_PSO,GEN=81_MEMBER=16187_PSO,,
GEN=83_MEMBER=16645_PSO,GEN=79_MEMBER=15877_PSO,,
GEN=83_MEMBER=16647_PSO,GEN=81_MEMBER=16213_PSO,,
GEN=83_MEMBER=16649_PSO,GEN=72_MEMBER=14395_PSO,,
GEN=83_MEMBER=16651_PSO,GEN=81_MEMBER=16239_PSO,,
GEN=83_MEMBER=16653_PSO,GEN=82_MEMBER=16409_PSO,,
GEN=83_MEMBER=16655_PSO,GEN=82_MEMBER=16449_PSO,,
GEN=83_MEMBER=16657_PSO,GEN=82_MEMBER=16477_PSO,,
GEN=83_MEMBER=16659_PSO,GEN=81_MEMBER=16257_PSO,,
GEN=83_MEMBER=16661_PSO,GEN=81_MEMBER=16289_PSO,,
GEN=83_MEMBER=16663_PSO,GEN=81_MEMBER=16175_PSO,,
GEN=83_MEMBER=16665_PSO,GEN=81_MEMBER=16295_PSO,,
GEN=83_MEMBER=16667_PSO,GEN=76_MEMBER=15295_PSO,,
GEN=83_MEMBER=16669_PSO,GEN=80_MEMBER=15911_PSO,,
GEN=83_MEMBER=16671_PSO,GEN=80_MEMBER=15937_PSO,,
GEN=83_MEMBER=16673_PSO,GEN=81_MEMBER=16153_PSO,,
GEN=83_MEMBER=16675_PSO,GEN=82_MEMBER=16479_PSO,,
GEN=83_MEMBER=16677_PSO,GEN=74_MEMBER=14875_PSO,,
GEN=83_MEMBER=16679_PSO,GEN=77_MEMBER=15319_PSO,,
GEN=83_MEMBER=16681_PSO,GEN=82_MEMBER=16309_PSO,,
GEN=83_MEMBER=16683_PSO,GEN=81_MEMBER=16281_PSO,,
GEN=83_MEMBER=16685_PSO,GEN=82_MEMBER=16445_PSO,,
GEN=83_MEMBER=16687_PSO,GEN=71_MEMBER=14111_PSO,,
GEN=83_MEMBER=16689_PSO,GEN=79_MEMBER=15803_PSO,,
GEN=83_MEMBER=16691_PSO,GEN=76_MEMBER=15209_PSO,,
GEN=83_MEMBER=16693_PSO,GEN=77_MEMBER=15483_PSO,,
GEN=83_MEMBER=16695_PSO,GEN=81_MEMBER=16265_PSO,,
GEN=83_MEMBER=16697_PSO,GEN=82_MEMBER=16385_PSO,,
GEN=83_MEMBER=16699_PSO,GEN=80_MEMBER=15939_PSO,,
GEN=84_MEMBER=16701_PSO,GEN=83_MEMBER=16681_PSO,,
GEN=84_MEMBER=16703_PSO,GEN=83_MEMBER=16687_PSO,,
GEN=84_MEMBER=16705_PSO,GEN=83_MEMBER=16605_PSO,,
GEN=84_MEMBER=16707_PSO,GEN=83_MEMBER=16569_PSO,,
GEN=84_MEMBER=16709_PSO,GEN=83_MEMBER=16647_PSO,,
GEN=84_MEMBER=16711_PSO,GEN=83_MEMBER=16669_PSO,,
GEN=84_MEMBER=16713_PSO,GEN=82_MEMBER=16413_PSO,,
GEN=84_MEMBER=16715_PSO,GEN=83_MEMBER=16603_PSO,,
GEN=84_MEMBER=16717_PSO,GEN=83_MEMBER=16697_PSO,,
GEN=84_MEMBER=16719_PSO,GEN=82_MEMBER=16455_PSO,,
GEN=84_MEMBER=16721_PSO,GEN=83_MEMBER=16653_PSO,,
GEN=84_MEMBER=16723_PSO,GEN=83_MEMBER=16673_PSO,,
GEN=84_MEMBER=16725_PSO,GEN=83_MEMBER=16615_PSO,,
GEN=84_MEMBER=16727_PSO,GEN=82_MEMBER=16433_PSO,,
GEN=84_MEMBER=16729_PSO,GEN=83_MEMBER=16533_PSO,,
GEN=84_MEMBER=16731_PSO,GEN=83_MEMBER=16629_PSO,,
GEN=84_MEMBER=16733_PSO,GEN=83_MEMBER=16679_PSO,,
GEN=84_MEMBER=16735_PSO,GEN=83_MEMBER=16571_PSO,,
GEN=84_MEMBER=16737_PSO,GEN=83_MEMBER=16591_PSO,,
GEN=84_MEMBER=16739_PSO,GEN=83_MEMBER=16655_PSO,,
GEN=84_MEMBER=16741_PSO,GEN=78_MEMBER=15671_PSO,,
GEN=84_MEMBER=16743_PSO,GEN=83_MEMBER=16635_PSO,,
GEN=84_MEMBER=16745_PSO,GEN=83_MEMBER=16583_PSO,,
GEN=84_MEMBER=16747_PSO,GEN=80_MEMBER=16031_PSO,,
GEN=84_MEMBER=16749_PSO,GEN=83_MEMBER=16627_PSO,,
GEN=84_MEMBER=16751_PSO,GEN=83_MEMBER=16549_PSO,,
GEN=84_MEMBER=16753_PSO,GEN=83_MEMBER=16691_PSO,,
GEN=84_MEMBER=16755_PSO,GEN=83_MEMBER=16699_PSO,,
GEN=84_MEMBER=16757_PSO,GEN=82_MEMBER=16425_PSO,,
GEN=84_MEMBER=16759_PSO,GEN=82_MEMBER=16447_PSO,,
GEN=84_MEMBER=16761_PSO,GEN=82_MEMBER=16419_PSO,,
GEN=84_MEMBER=16763_PSO,GEN=83_MEMBER=16665_PSO,,
GEN=84_MEMBER=16765_PSO,GEN=83_MEMBER=16677_PSO,,
GEN=84_MEMBER=16767_PSO,GEN=81_MEMBER=16251_PSO,,
GEN=84_MEMBER=16769_PSO,GEN=83_MEMBER=16661_PSO,,
GEN=84_MEMBER=16771_PSO,GEN=81_MEMBER=16237_PSO,,
GEN=84_MEMBER=16773_PSO,GEN=83_MEMBER=16685_PSO,,
GEN=84_MEMBER=16775_PSO,GEN=82_MEMBER=16475_PSO,,
GEN=84_MEMBER=16777_PSO,GEN=82_MEMBER=16485_PSO,,
GEN=84_MEMBER=16779_PSO,GEN=83_MEMBER=16693_PSO,,
GEN=84_MEMBER=16781_PSO,GEN=83_MEMBER=16585_PSO,,
GEN=84_MEMBER=16783_PSO,GEN=83_MEMBER=16649_PSO,,
GEN=84_MEMBER=16785_PSO,GEN=83_MEMBER=16553_PSO,,
GEN=84_MEMBER=16787_PSO,GEN=82_MEMBER=16463_PSO,,
GEN=84_MEMBER=16789_PSO,GEN=83_MEMBER=16617_PSO,,
GEN=84_MEMBER=16791_PSO,GEN=78_MEMBER=15669_PSO,,
GEN=84_MEMBER=16793_PSO,GEN=80_MEMBER=15931_PSO,,
GEN=84_MEMBER=16795_PSO,GEN=83_MEMBER=16633_PSO,,
GEN=84_MEMBER=16797_PSO,GEN=83_MEMBER=16663_PSO,,
GEN=84_MEMBER=16799_PSO,GEN=83_MEMBER=16587_PSO,,
GEN=84_MEMBER=16801_PSO,GEN=79_MEMBER=15843_PSO,,
GEN=84_MEMBER=16803_PSO,GEN=81_MEMBER=16223_PSO,,
GEN=84_MEMBER=16805_PSO,GEN=82_MEMBER=16383_PSO,,
GEN=84_MEMBER=16807_PSO,GEN=83_MEMBER=16645_PSO,,
GEN=84_MEMBER=16809_PSO,GEN=83_MEMBER=16683_PSO,,
GEN=84_MEMBER=16811_PSO,GEN=83_MEMBER=16519_PSO,,
GEN=84_MEMBER=16813_PSO,GEN=83_MEMBER=16501_PSO,,
GEN=84_MEMBER=16815_PSO,GEN=82_MEMBER=16315_PSO,,
GEN=84_MEMBER=16817_PSO,GEN=82_MEMBER=16495_PSO,,
GEN=84_MEMBER=16819_PSO,GEN=82_MEMBER=16497_PSO,,
GEN=84_MEMBER=16821_PSO,GEN=83_MEMBER=16675_PSO,,
GEN=84_MEMBER=16823_PSO,GEN=80_MEMBER=15935_PSO,,
GEN=84_MEMBER=16825_PSO,GEN=82_MEMBER=16305_PSO,,
GEN=84_MEMBER=16827_PSO,GEN=80_MEMBER=16061_PSO,,
GEN=84_MEMBER=16829_PSO,GEN=82_MEMBER=16369_PSO,,
GEN=84_MEMBER=16831_PSO,GEN=83_MEMBER=16517_PSO,,
GEN=84_MEMBER=16833_PSO,GEN=82_MEMBER=16439_PSO,,
GEN=84_MEMBER=16835_PSO,GEN=74_MEMBER=14863_PSO,,
GEN=84_MEMBER=16837_PSO,GEN=79_MEMBER=15779_PSO,,
GEN=84_MEMBER=16839_PSO,GEN=82_MEMBER=16465_PSO,,
GEN=84_MEMBER=16841_PSO,GEN=83_MEMBER=16511_PSO,,
GEN=84_MEMBER=16843_PSO,GEN=81_MEMBER=16187_PSO,,
GEN=84_MEMBER=16845_PSO,GEN=83_MEMBER=16667_PSO,,
GEN=84_MEMBER=16847_PSO,GEN=81_MEMBER=16213_PSO,,
GEN=84_MEMBER=16849_PSO,GEN=72_MEMBER=14395_PSO,,
GEN=84_MEMBER=16851_PSO,GEN=81_MEMBER=16239_PSO,,
GEN=84_MEMBER=16853_PSO,GEN=83_MEMBER=16577_PSO,,
GEN=84_MEMBER=16855_PSO,GEN=82_MEMBER=16449_PSO,,
GEN=84_MEMBER=16857_PSO,GEN=82_MEMBER=16477_PSO,,
GEN=84_MEMBER=16859_PSO,GEN=83_MEMBER=16695_PSO,,
GEN=84_MEMBER=16861_PSO,GEN=81_MEMBER=16289_PSO,,
GEN=84_MEMBER=16863_PSO,GEN=81_MEMBER=16175_PSO,,
GEN=84_MEMBER=16865_PSO,GEN=81_MEMBER=16295_PSO,,
GEN=84_MEMBER=16867_PSO,GEN=83_MEMBER=16575_PSO,,
GEN=84_MEMBER=16869_PSO,GEN=80_MEMBER=15911_PSO,,
GEN=84_MEMBER=16871_PSO,GEN=83_MEMBER=16631_PSO,,
GEN=84_MEMBER=16873_PSO,GEN=81_MEMBER=16153_PSO,,
GEN=84_MEMBER=16875_PSO,GEN=82_MEMBER=16479_PSO,,
GEN=84_MEMBER=16877_PSO,GEN=74_MEMBER=14875_PSO,,
GEN=84_MEMBER=16879_PSO,GEN=77_MEMBER=15319_PSO,,
GEN=84_MEMBER=16881_PSO,GEN=83_MEMBER=16613_PSO,,
GEN=84_MEMBER=16883_PSO,GEN=83_MEMBER=16559_PSO,,
GEN=84_MEMBER=16885_PSO,GEN=82_MEMBER=16445_PSO,,
GEN=84_MEMBER=16887_PSO,GEN=71_MEMBER=14111_PSO,,
GEN=84_MEMBER=16889_PSO,GEN=79_MEMBER=15803_PSO,,
GEN=84_MEMBER=16891_PSO,GEN=76_MEMBER=15209_PSO,,
GEN=84_MEMBER=16893_PSO,GEN=77_MEMBER=15483_PSO,,
GEN=84_MEMBER=16895_PSO,GEN=81_MEMBER=16265_PSO,,
GEN=84_MEMBER=16897_PSO,GEN=82_MEMBER=16385_PSO,,
GEN=84_MEMBER=16899_PSO,GEN=83_MEMBER=16619_PSO,,
GEN=85_MEMBER=16901_PSO,GEN=84_MEMBER=16893_PSO,,
GEN=85_MEMBER=16903_PSO,GEN=84_MEMBER=16863_PSO,,
GEN=85_MEMBER=16905_PSO,GEN=84_MEMBER=16891_PSO,,
GEN=85_MEMBER=16907_PSO,GEN=84_MEMBER=16843_PSO,,
GEN=85_MEMBER=16909_PSO,GEN=84_MEMBER=16837_PSO,,
GEN=85_MEMBER=16911_PSO,GEN=83_MEMBER=16669_PSO,,
GEN=85_MEMBER=16913_PSO,GEN=84_MEMBER=16835_PSO,,
GEN=85_MEMBER=16915_PSO,GEN=84_MEMBER=16873_PSO,,
GEN=85_MEMBER=16917_PSO,GEN=84_MEMBER=16897_PSO,,
GEN=85_MEMBER=16919_PSO,GEN=84_MEMBER=16803_PSO,,
GEN=85_MEMBER=16921_PSO,GEN=83_MEMBER=16653_PSO,,
GEN=85_MEMBER=16923_PSO,GEN=84_MEMBER=16841_PSO,,
GEN=85_MEMBER=16925_PSO,GEN=83_MEMBER=16615_PSO,,
GEN=85_MEMBER=16927_PSO,GEN=82_MEMBER=16433_PSO,,
GEN=85_MEMBER=16929_PSO,GEN=83_MEMBER=16533_PSO,,
GEN=85_MEMBER=16931_PSO,GEN=84_MEMBER=16875_PSO,,
GEN=85_MEMBER=16933_PSO,GEN=84_MEMBER=16899_PSO,,
GEN=85_MEMBER=16935_PSO,GEN=84_MEMBER=16887_PSO,,
GEN=85_MEMBER=16937_PSO,GEN=84_MEMBER=16785_PSO,,
GEN=85_MEMBER=16939_PSO,GEN=84_MEMBER=16705_PSO,,
GEN=85_MEMBER=16941_PSO,GEN=78_MEMBER=15671_PSO,,
GEN=85_MEMBER=16943_PSO,GEN=84_MEMBER=16895_PSO,,
GEN=85_MEMBER=16945_PSO,GEN=83_MEMBER=16583_PSO,,
GEN=85_MEMBER=16947_PSO,GEN=80_MEMBER=16031_PSO,,
GEN=85_MEMBER=16949_PSO,GEN=83_MEMBER=16627_PSO,,
GEN=85_MEMBER=16951_PSO,GEN=83_MEMBER=16549_PSO,,
GEN=85_MEMBER=16953_PSO,GEN=83_MEMBER=16691_PSO,,
GEN=85_MEMBER=16955_PSO,GEN=83_MEMBER=16699_PSO,,
GEN=85_MEMBER=16957_PSO,GEN=82_MEMBER=16425_PSO,,
GEN=85_MEMBER=16959_PSO,GEN=84_MEMBER=16815_PSO,,
GEN=85_MEMBER=16961_PSO,GEN=82_MEMBER=16419_PSO,,
GEN=85_MEMBER=16963_PSO,GEN=84_MEMBER=16861_PSO,,
GEN=85_MEMBER=16965_PSO,GEN=84_MEMBER=16797_PSO,,
GEN=85_MEMBER=16967_PSO,GEN=84_MEMBER=16877_PSO,,
GEN=85_MEMBER=16969_PSO,GEN=84_MEMBER=16883_PSO,,
GEN=85_MEMBER=16971_PSO,GEN=84_MEMBER=16847_PSO,,
GEN=85_MEMBER=16973_PSO,GEN=84_MEMBER=16853_PSO,,
GEN=85_MEMBER=16975_PSO,GEN=82_MEMBER=16475_PSO,,
GEN=85_MEMBER=16977_PSO,GEN=84_MEMBER=16781_PSO,,
GEN=85_MEMBER=16979_PSO,GEN=83_MEMBER=16693_PSO,,
GEN=85_MEMBER=16981_PSO,GEN=83_MEMBER=16585_PSO,,
GEN=85_MEMBER=16983_PSO,GEN=84_MEMBER=16759_PSO,,
GEN=85_MEMBER=16985_PSO,GEN=84_MEMBER=16825_PSO,,
GEN=85_MEMBER=16987_PSO,GEN=84_MEMBER=16889_PSO,,
GEN=85_MEMBER=16989_PSO,GEN=84_MEMBER=16733_PSO,,
GEN=85_MEMBER=16991_PSO,GEN=84_MEMBER=16741_PSO,,
GEN=85_MEMBER=16993_PSO,GEN=84_MEMBER=16871_PSO,,
GEN=85_MEMBER=16995_PSO,GEN=84_MEMBER=16773_PSO,,
GEN=85_MEMBER=16997_PSO,GEN=83_MEMBER=16663_PSO,,
GEN=85_MEMBER=16999_PSO,GEN=84_MEMBER=16769_PSO,,
GEN=85_MEMBER=17001_PSO,GEN=79_MEMBER=15843_PSO,,
GEN=85_MEMBER=17003_PSO,GEN=81_MEMBER=16223_PSO,,
GEN=85_MEMBER=17005_PSO,GEN=82_MEMBER=16383_PSO,,
GEN=85_MEMBER=17007_PSO,GEN=84_MEMBER=16731_PSO,,
GEN=85_MEMBER=17009_PSO,GEN=83_MEMBER=16683_PSO,,
GEN=85_MEMBER=17011_PSO,GEN=84_MEMBER=16855_PSO,,
GEN=85_MEMBER=17013_PSO,GEN=83_MEMBER=16501_PSO,,
GEN=85_MEMBER=17015_PSO,GEN=82_MEMBER=16315_PSO,,
GEN=85_MEMBER=17017_PSO,GEN=82_MEMBER=16495_PSO,,
GEN=85_MEMBER=17019_PSO,GEN=82_MEMBER=16497_PSO,,
GEN=85_MEMBER=17021_PSO,GEN=83_MEMBER=16675_PSO,,
GEN=85_MEMBER=17023_PSO,GEN=80_MEMBER=15935_PSO,,
GEN=85_MEMBER=17025_PSO,GEN=82_MEMBER=16305_PSO,,
GEN=85_MEMBER=17027_PSO,GEN=80_MEMBER=16061_PSO,,
GEN=85_MEMBER=17029_PSO,GEN=82_MEMBER=16369_PSO,,
GEN=85_MEMBER=17031_PSO,GEN=83_MEMBER=16517_PSO,,
GEN=85_MEMBER=17033_PSO,GEN=82_MEMBER=16439_PSO,,
GEN=85_MEMBER=17035_PSO,GEN=84_MEMBER=16851_PSO,,
GEN=85_MEMBER=17037_PSO,GEN=79_MEMBER=15779_PSO,,
GEN=85_MEMBER=17039_PSO,GEN=82_MEMBER=16465_PSO,,
GEN=85_MEMBER=17041_PSO,GEN=83_MEMBER=16511_PSO,,
GEN=85_MEMBER=17043_PSO,GEN=81_MEMBER=16187_PSO,,
GEN=85_MEMBER=17045_PSO,GEN=83_MEMBER=16667_PSO,,
GEN=85_MEMBER=17047_PSO,GEN=81_MEMBER=16213_PSO,,
GEN=85_MEMBER=17049_PSO,GEN=84_MEMBER=16721_PSO,,
GEN=85_MEMBER=17051_PSO,GEN=81_MEMBER=16239_PSO,,
GEN=85_MEMBER=17053_PSO,GEN=84_MEMBER=16771_PSO,,
GEN=85_MEMBER=17055_PSO,GEN=82_MEMBER=16449_PSO,,
GEN=85_MEMBER=17057_PSO,GEN=82_MEMBER=16477_PSO,,
GEN=85_MEMBER=17059_PSO,GEN=83_MEMBER=16695_PSO,,
GEN=85_MEMBER=17061_PSO,GEN=81_MEMBER=16289_PSO,,
GEN=85_MEMBER=17063_PSO,GEN=81_MEMBER=16175_PSO,,
GEN=85_MEMBER=17065_PSO,GEN=84_MEMBER=16723_PSO,,
GEN=85_MEMBER=17067_PSO,GEN=84_MEMBER=16821_PSO,,
GEN=85_MEMBER=17069_PSO,GEN=84_MEMBER=16743_PSO,,
GEN=85_MEMBER=17071_PSO,GEN=83_MEMBER=16631_PSO,,
GEN=85_MEMBER=17073_PSO,GEN=84_MEMBER=16879_PSO,,
GEN=85_MEMBER=17075_PSO,GEN=82_MEMBER=16479_PSO,,
GEN=85_MEMBER=17077_PSO,GEN=74_MEMBER=14875_PSO,,
GEN=85_MEMBER=17079_PSO,GEN=77_MEMBER=15319_PSO,,
GEN=85_MEMBER=17081_PSO,GEN=83_MEMBER=16613_PSO,,
GEN=85_MEMBER=17083_PSO,GEN=83_MEMBER=16559_PSO,,
GEN=85_MEMBER=17085_PSO,GEN=82_MEMBER=16445_PSO,,
GEN=85_MEMBER=17087_PSO,GEN=71_MEMBER=14111_PSO,,
GEN=85_MEMBER=17089_PSO,GEN=79_MEMBER=15803_PSO,,
GEN=85_MEMBER=17091_PSO,GEN=76_MEMBER=15209_PSO,,
GEN=85_MEMBER=17093_PSO,GEN=77_MEMBER=15483_PSO,,
GEN=85_MEMBER=17095_PSO,GEN=84_MEMBER=16831_PSO,,
GEN=85_MEMBER=17097_PSO,GEN=82_MEMBER=16385_PSO,,
GEN=85_MEMBER=17099_PSO,GEN=83_MEMBER=16619_PSO,,
GEN=86_MEMBER=17101_PSO,GEN=85_MEMBER=17097_PSO,,
GEN=86_MEMBER=17103_PSO,GEN=85_MEMBER=17099_PSO,,
GEN=86_MEMBER=17105_PSO,GEN=85_MEMBER=17009_PSO,,
GEN=86_MEMBER=17107_PSO,GEN=84_MEMBER=16843_PSO,,
GEN=86_MEMBER=17109_PSO,GEN=84_MEMBER=16837_PSO,,
GEN=86_MEMBER=17111_PSO,GEN=85_MEMBER=17053_PSO,,
GEN=86_MEMBER=17113_PSO,GEN=85_MEMBER=17011_PSO,,
GEN=86_MEMBER=17115_PSO,GEN=85_MEMBER=16973_PSO,,
GEN=86_MEMBER=17117_PSO,GEN=85_MEMBER=17095_PSO,,
GEN=86_MEMBER=17119_PSO,GEN=85_MEMBER=17047_PSO,,
GEN=86_MEMBER=17121_PSO,GEN=85_MEMBER=17061_PSO,,
GEN=86_MEMBER=17123_PSO,GEN=84_MEMBER=16841_PSO,,
GEN=86_MEMBER=17125_PSO,GEN=85_MEMBER=17023_PSO,,
GEN=86_MEMBER=17127_PSO,GEN=85_MEMBER=16943_PSO,,
GEN=86_MEMBER=17129_PSO,GEN=85_MEMBER=16975_PSO,,
GEN=86_MEMBER=17131_PSO,GEN=85_MEMBER=17039_PSO,,
GEN=86_MEMBER=17133_PSO,GEN=85_MEMBER=17087_PSO,,
GEN=86_MEMBER=17135_PSO,GEN=85_MEMBER=17081_PSO,,
GEN=86_MEMBER=17137_PSO,GEN=84_MEMBER=16785_PSO,,
GEN=86_MEMBER=17139_PSO,GEN=85_MEMBER=17015_PSO,,
GEN=86_MEMBER=17141_PSO,GEN=78_MEMBER=15671_PSO,,
GEN=86_MEMBER=17143_PSO,GEN=85_MEMBER=17051_PSO,,
GEN=86_MEMBER=17145_PSO,GEN=83_MEMBER=16583_PSO,,
GEN=86_MEMBER=17147_PSO,GEN=80_MEMBER=16031_PSO,,
GEN=86_MEMBER=17149_PSO,GEN=85_MEMBER=16999_PSO,,
GEN=86_MEMBER=17151_PSO,GEN=85_MEMBER=17001_PSO,,
GEN=86_MEMBER=17153_PSO,GEN=83_MEMBER=16691_PSO,,
GEN=86_MEMBER=17155_PSO,GEN=83_MEMBER=16699_PSO,,
GEN=86_MEMBER=17157_PSO,GEN=85_MEMBER=17045_PSO,,
GEN=86_MEMBER=17159_PSO,GEN=85_MEMBER=16941_PSO,,
GEN=86_MEMBER=17161_PSO,GEN=85_MEMBER=17017_PSO,,
GEN=86_MEMBER=17163_PSO,GEN=85_MEMBER=16955_PSO,,
GEN=86_MEMBER=17165_PSO,GEN=85_MEMBER=17037_PSO,,
GEN=86_MEMBER=17167_PSO,GEN=85_MEMBER=16977_PSO,,
GEN=86_MEMBER=17169_PSO,GEN=85_MEMBER=17049_PSO,,
GEN=86_MEMBER=17171_PSO,GEN=85_MEMBER=17055_PSO,,
GEN=86_MEMBER=17173_PSO,GEN=84_MEMBER=16853_PSO,,
GEN=86_MEMBER=17175_PSO,GEN=85_MEMBER=16953_PSO,,
GEN=86_MEMBER=17177_PSO,GEN=85_MEMBER=16967_PSO,,
GEN=86_MEMBER=17179_PSO,GEN=83_MEMBER=16693_PSO,,
GEN=86_MEMBER=17181_PSO,GEN=83_MEMBER=16585_PSO,,
GEN=86_MEMBER=17183_PSO,GEN=84_MEMBER=16759_PSO,,
GEN=86_MEMBER=17185_PSO,GEN=84_MEMBER=16825_PSO,,
GEN=86_MEMBER=17187_PSO,GEN=84_MEMBER=16889_PSO,,
GEN=86_MEMBER=17189_PSO,GEN=84_MEMBER=16733_PSO,,
GEN=86_MEMBER=17191_PSO,GEN=84_MEMBER=16741_PSO,,
GEN=86_MEMBER=17193_PSO,GEN=84_MEMBER=16871_PSO,,
GEN=86_MEMBER=17195_PSO,GEN=84_MEMBER=16773_PSO,,
GEN=86_MEMBER=17197_PSO,GEN=85_MEMBER=16965_PSO,,
GEN=86_MEMBER=17199_PSO,GEN=85_MEMBER=17071_PSO,,
GEN=86_MEMBER=17201_PSO,GEN=85_MEMBER=16993_PSO,,
GEN=86_MEMBER=17203_PSO,GEN=85_MEMBER=16935_PSO,,
GEN=86_MEMBER=17205_PSO,GEN=82_MEMBER=16383_PSO,,
GEN=86_MEMBER=17207_PSO,GEN=85_MEMBER=17073_PSO,,
GEN=86_MEMBER=17209_PSO,GEN=83_MEMBER=16683_PSO,,
GEN=86_MEMBER=17211_PSO,GEN=85_MEMBER=17077_PSO,,
GEN=86_MEMBER=17213_PSO,GEN=85_MEMBER=17027_PSO,,
GEN=86_MEMBER=17215_PSO,GEN=82_MEMBER=16315_PSO,,
GEN=86_MEMBER=17217_PSO,GEN=82_MEMBER=16495_PSO,,
GEN=86_MEMBER=17219_PSO,GEN=82_MEMBER=16497_PSO,,
GEN=86_MEMBER=17221_PSO,GEN=85_MEMBER=16911_PSO,,
GEN=86_MEMBER=17223_PSO,GEN=80_MEMBER=15935_PSO,,
GEN=86_MEMBER=17225_PSO,GEN=82_MEMBER=16305_PSO,,
GEN=86_MEMBER=17227_PSO,GEN=80_MEMBER=16061_PSO,,
GEN=86_MEMBER=17229_PSO,GEN=85_MEMBER=16905_PSO,,
GEN=86_MEMBER=17231_PSO,GEN=83_MEMBER=16517_PSO,,
GEN=86_MEMBER=17233_PSO,GEN=85_MEMBER=17085_PSO,,
GEN=86_MEMBER=17235_PSO,GEN=84_MEMBER=16851_PSO,,
GEN=86_MEMBER=17237_PSO,GEN=79_MEMBER=15779_PSO,,
GEN=86_MEMBER=17239_PSO,GEN=85_MEMBER=17093_PSO,,
GEN=86_MEMBER=17241_PSO,GEN=83_MEMBER=16511_PSO,,
GEN=86_MEMBER=17243_PSO,GEN=85_MEMBER=17059_PSO,,
GEN=86_MEMBER=17245_PSO,GEN=83_MEMBER=16667_PSO,,
GEN=86_MEMBER=17247_PSO,GEN=81_MEMBER=16213_PSO,,
GEN=86_MEMBER=17249_PSO,GEN=84_MEMBER=16721_PSO,,
GEN=86_MEMBER=17251_PSO,GEN=81_MEMBER=16239_PSO,,
GEN=86_MEMBER=17253_PSO,GEN=84_MEMBER=16771_PSO,,
GEN=86_MEMBER=17255_PSO,GEN=82_MEMBER=16449_PSO,,
GEN=86_MEMBER=17257_PSO,GEN=82_MEMBER=16477_PSO,,
GEN=86_MEMBER=17259_PSO,GEN=83_MEMBER=16695_PSO,,
GEN=86_MEMBER=17261_PSO,GEN=81_MEMBER=16289_PSO,,
GEN=86_MEMBER=17263_PSO,GEN=81_MEMBER=16175_PSO,,
GEN=86_MEMBER=17265_PSO,GEN=84_MEMBER=16723_PSO,,
GEN=86_MEMBER=17267_PSO,GEN=84_MEMBER=16821_PSO,,
GEN=86_MEMBER=17269_PSO,GEN=84_MEMBER=16743_PSO,,
GEN=86_MEMBER=17271_PSO,GEN=83_MEMBER=16631_PSO,,
GEN=86_MEMBER=17273_PSO,GEN=84_MEMBER=16879_PSO,,
GEN=86_MEMBER=17275_PSO,GEN=82_MEMBER=16479_PSO,,
GEN=86_MEMBER=17277_PSO,GEN=74_MEMBER=14875_PSO,,
GEN=86_MEMBER=17279_PSO,GEN=77_MEMBER=15319_PSO,,
GEN=86_MEMBER=17281_PSO,GEN=83_MEMBER=16613_PSO,,
GEN=86_MEMBER=17283_PSO,GEN=83_MEMBER=16559_PSO,,
GEN=86_MEMBER=17285_PSO,GEN=82_MEMBER=16445_PSO,,
GEN=86_MEMBER=17287_PSO,GEN=85_MEMBER=17069_PSO,,
GEN=86_MEMBER=17289_PSO,GEN=79_MEMBER=15803_PSO,,
GEN=86_MEMBER=17291_PSO,GEN=76_MEMBER=15209_PSO,,
GEN=86_MEMBER=17293_PSO,GEN=77_MEMBER=15483_PSO,,
GEN=86_MEMBER=17295_PSO,GEN=85_MEMBER=17041_PSO,,
GEN=86_MEMBER=17297_PSO,GEN=82_MEMBER=16385_PSO,,
GEN=86_MEMBER=17299_PSO,GEN=83_MEMBER=16619_PSO,,
GEN=87_MEMBER=17301_PSO,GEN=86_MEMBER=17261_PSO,,
GEN=87_MEMBER=17303_PSO,GEN=86_MEMBER=17249_PSO,,
GEN=87_MEMBER=17305_PSO,GEN=86_MEMBER=17279_PSO,,
GEN=87_MEMBER=17307_PSO,GEN=86_MEMBER=17245_PSO,,
GEN=87_MEMBER=17309_PSO,GEN=86_MEMBER=17291_PSO,,
GEN=87_MEMBER=17311_PSO,GEN=86_MEMBER=17195_PSO,,
GEN=87_MEMBER=17313_PSO,GEN=86_MEMBER=17197_PSO,,
GEN=87_MEMBER=17315_PSO,GEN=86_MEMBER=17213_PSO,,
GEN=87_MEMBER=17317_PSO,GEN=86_MEMBER=17283_PSO,,
GEN=87_MEMBER=17319_PSO,GEN=86_MEMBER=17267_PSO,,
GEN=87_MEMBER=17321_PSO,GEN=85_MEMBER=17061_PSO,,
GEN=87_MEMBER=17323_PSO,GEN=86_MEMBER=17231_PSO,,
GEN=87_MEMBER=17325_PSO,GEN=86_MEMBER=17297_PSO,,
GEN=87_MEMBER=17327_PSO,GEN=85_MEMBER=16943_PSO,,
GEN=87_MEMBER=17329_PSO,GEN=86_MEMBER=17239_PSO,,
GEN=87_MEMBER=17331_PSO,GEN=86_MEMBER=17161_PSO,,
GEN=87_MEMBER=17333_PSO,GEN=86_MEMBER=17237_PSO,,
GEN=87_MEMBER=17335_PSO,GEN=85_MEMBER=17081_PSO,,
GEN=87_MEMBER=17337_PSO,GEN=86_MEMBER=17215_PSO,,
GEN=87_MEMBER=17339_PSO,GEN=86_MEMBER=17211_PSO,,
GEN=87_MEMBER=17341_PSO,GEN=78_MEMBER=15671_PSO,,
GEN=87_MEMBER=17343_PSO,GEN=86_MEMBER=17247_PSO,,
GEN=87_MEMBER=17345_PSO,GEN=83_MEMBER=16583_PSO,,
GEN=87_MEMBER=17347_PSO,GEN=80_MEMBER=16031_PSO,,
GEN=87_MEMBER=17349_PSO,GEN=86_MEMBER=17107_PSO,,
GEN=87_MEMBER=17351_PSO,GEN=86_MEMBER=17187_PSO,,
GEN=87_MEMBER=17353_PSO,GEN=83_MEMBER=16691_PSO,,
GEN=87_MEMBER=17355_PSO,GEN=83_MEMBER=16699_PSO,,
GEN=87_MEMBER=17357_PSO,GEN=86_MEMBER=17165_PSO,,
GEN=87_MEMBER=17359_PSO,GEN=86_MEMBER=17281_PSO,,
GEN=87_MEMBER=17361_PSO,GEN=86_MEMBER=17105_PSO,,
GEN=87_MEMBER=17363_PSO,GEN=85_MEMBER=16955_PSO,,
GEN=87_MEMBER=17365_PSO,GEN=85_MEMBER=17037_PSO,,
GEN=87_MEMBER=17367_PSO,GEN=86_MEMBER=17125_PSO,,
GEN=87_MEMBER=17369_PSO,GEN=86_MEMBER=17293_PSO,,
GEN=87_MEMBER=17371_PSO,GEN=86_MEMBER=17251_PSO,,
GEN=87_MEMBER=17373_PSO,GEN=84_MEMBER=16853_PSO,,
GEN=87_MEMBER=17375_PSO,GEN=86_MEMBER=17129_PSO,,
GEN=87_MEMBER=17377_PSO,GEN=85_MEMBER=16967_PSO,,
GEN=87_MEMBER=17379_PSO,GEN=83_MEMBER=16693_PSO,,
GEN=87_MEMBER=17381_PSO,GEN=86_MEMBER=17101_PSO,,
GEN=87_MEMBER=17383_PSO,GEN=86_MEMBER=17295_PSO,,
GEN=87_MEMBER=17385_PSO,GEN=86_MEMBER=17151_PSO,,
GEN=87_MEMBER=17387_PSO,GEN=84_MEMBER=16889_PSO,,
GEN=87_MEMBER=17389_PSO,GEN=84_MEMBER=16733_PSO,,
GEN=87_MEMBER=17391_PSO,GEN=84_MEMBER=16741_PSO,,
GEN=87_MEMBER=17393_PSO,GEN=84_MEMBER=16871_PSO,,
GEN=87_MEMBER=17395_PSO,GEN=84_MEMBER=16773_PSO,,
GEN=87_MEMBER=17397_PSO,GEN=85_MEMBER=16965_PSO,,
GEN=87_MEMBER=17399_PSO,GEN=86_MEMBER=17179_PSO,,
GEN=87_MEMBER=17401_PSO,GEN=86_MEMBER=17189_PSO,,
GEN=87_MEMBER=17403_PSO,GEN=85_MEMBER=16935_PSO,,
GEN=87_MEMBER=17405_PSO,GEN=86_MEMBER=17259_PSO,,
GEN=87_MEMBER=17407_PSO,GEN=85_MEMBER=17073_PSO,,
GEN=87_MEMBER=17409_PSO,GEN=86_MEMBER=17275_PSO,,
GEN=87_MEMBER=17411_PSO,GEN=85_MEMBER=17077_PSO,,
GEN=87_MEMBER=17413_PSO,GEN=85_MEMBER=17027_PSO,,
GEN=87_MEMBER=17415_PSO,GEN=82_MEMBER=16315_PSO,,
GEN=87_MEMBER=17417_PSO,GEN=86_MEMBER=17287_PSO,,
GEN=87_MEMBER=17419_PSO,GEN=82_MEMBER=16497_PSO,,
GEN=87_MEMBER=17421_PSO,GEN=86_MEMBER=17177_PSO,,
GEN=87_MEMBER=17423_PSO,GEN=80_MEMBER=15935_PSO,,
GEN=87_MEMBER=17425_PSO,GEN=82_MEMBER=16305_PSO,,
GEN=87_MEMBER=17427_PSO,GEN=80_MEMBER=16061_PSO,,
GEN=87_MEMBER=17429_PSO,GEN=85_MEMBER=16905_PSO,,
GEN=87_MEMBER=17431_PSO,GEN=83_MEMBER=16517_PSO,,
GEN=87_MEMBER=17433_PSO,GEN=85_MEMBER=17085_PSO,,
GEN=87_MEMBER=17435_PSO,GEN=86_MEMBER=17253_PSO,,
GEN=87_MEMBER=17437_PSO,GEN=79_MEMBER=15779_PSO,,
GEN=87_MEMBER=17439_PSO,GEN=85_MEMBER=17093_PSO,,
GEN=87_MEMBER=17441_PSO,GEN=83_MEMBER=16511_PSO,,
GEN=87_MEMBER=17443_PSO,GEN=85_MEMBER=17059_PSO,,
GEN=87_MEMBER=17445_PSO,GEN=86_MEMBER=17277_PSO,,
GEN=87_MEMBER=17447_PSO,GEN=81_MEMBER=16213_PSO,,
GEN=87_MEMBER=17449_PSO,GEN=84_MEMBER=16721_PSO,,
GEN=87_MEMBER=17451_PSO,GEN=86_MEMBER=17111_PSO,,
GEN=87_MEMBER=17453_PSO,GEN=84_MEMBER=16771_PSO,,
GEN=87_MEMBER=17455_PSO,GEN=82_MEMBER=16449_PSO,,
GEN=87_MEMBER=17457_PSO,GEN=86_MEMBER=17203_PSO,,
GEN=87_MEMBER=17459_PSO,GEN=83_MEMBER=16695_PSO,,
GEN=87_MEMBER=17461_PSO,GEN=86_MEMBER=17271_PSO,,
GEN=87_MEMBER=17463_PSO,GEN=81_MEMBER=16175_PSO,,
GEN=87_MEMBER=17465_PSO,GEN=84_MEMBER=16723_PSO,,
GEN=87_MEMBER=17467_PSO,GEN=84_MEMBER=16821_PSO,,
GEN=87_MEMBER=17469_PSO,GEN=86_MEMBER=17155_PSO,,
GEN=87_MEMBER=17471_PSO,GEN=83_MEMBER=16631_PSO,,
GEN=87_MEMBER=17473_PSO,GEN=84_MEMBER=16879_PSO,,
GEN=87_MEMBER=17475_PSO,GEN=82_MEMBER=16479_PSO,,
GEN=87_MEMBER=17477_PSO,GEN=86_MEMBER=17119_PSO,,
GEN=87_MEMBER=17479_PSO,GEN=77_MEMBER=15319_PSO,,
GEN=87_MEMBER=17481_PSO,GEN=86_MEMBER=17299_PSO,,
GEN=87_MEMBER=17483_PSO,GEN=83_MEMBER=16559_PSO,,
GEN=87_MEMBER=17485_PSO,GEN=86_MEMBER=17269_PSO,,
GEN=87_MEMBER=17487_PSO,GEN=85_MEMBER=17069_PSO,,
GEN=87_MEMBER=17489_PSO,GEN=79_MEMBER=15803_PSO,,
GEN=87_MEMBER=17491_PSO,GEN=76_MEMBER=15209_PSO,,
GEN=87_MEMBER=17493_PSO,GEN=77_MEMBER=15483_PSO,,
GEN=87_MEMBER=17495_PSO,GEN=86_MEMBER=17223_PSO,,
GEN=87_MEMBER=17497_PSO,GEN=82_MEMBER=16385_PSO,,
GEN=87_MEMBER=17499_PSO,GEN=83_MEMBER=16619_PSO,,
GEN=88_MEMBER=17501_PSO,GEN=87_MEMBER=17477_PSO,,
GEN=88_MEMBER=17503_PSO,GEN=87_MEMBER=17459_PSO,,
GEN=88_MEMBER=17505_PSO,GEN=87_MEMBER=17401_PSO,,
GEN=88_MEMBER=17507_PSO,GEN=87_MEMBER=17345_PSO,,
GEN=88_MEMBER=17509_PSO,GEN=87_MEMBER=17353_PSO,,
GEN=88_MEMBER=17511_PSO,GEN=87_MEMBER=17475_PSO,,
GEN=88_MEMBER=17513_PSO,GEN=87_MEMBER=17313_PSO,,
GEN=88_MEMBER=17515_PSO,GEN=87_MEMBER=17339_PSO,,
GEN=88_MEMBER=17517_PSO,GEN=86_MEMBER=17283_PSO,,
GEN=88_MEMBER=17519_PSO,GEN=86_MEMBER=17267_PSO,,
GEN=88_MEMBER=17521_PSO,GEN=87_MEMBER=17307_PSO,,
GEN=88_MEMBER=17523_PSO,GEN=87_MEMBER=17471_PSO,,
GEN=88_MEMBER=17525_PSO,GEN=87_MEMBER=17497_PSO,,
GEN=88_MEMBER=17527_PSO,GEN=85_MEMBER=16943_PSO,,
GEN=88_MEMBER=17529_PSO,GEN=87_MEMBER=17397_PSO,,
GEN=88_MEMBER=17531_PSO,GEN=86_MEMBER=17161_PSO,,
GEN=88_MEMBER=17533_PSO,GEN=87_MEMBER=17421_PSO,,
GEN=88_MEMBER=17535_PSO,GEN=87_MEMBER=17315_PSO,,
GEN=88_MEMBER=17537_PSO,GEN=87_MEMBER=17485_PSO,,
GEN=88_MEMBER=17539_PSO,GEN=86_MEMBER=17211_PSO,,
GEN=88_MEMBER=17541_PSO,GEN=87_MEMBER=17489_PSO,,
GEN=88_MEMBER=17543_PSO,GEN=87_MEMBER=17389_PSO,,
GEN=88_MEMBER=17545_PSO,GEN=87_MEMBER=17371_PSO,,
GEN=88_MEMBER=17547_PSO,GEN=80_MEMBER=16031_PSO,,
GEN=88_MEMBER=17549_PSO,GEN=87_MEMBER=17317_PSO,,
GEN=88_MEMBER=17551_PSO,GEN=87_MEMBER=17439_PSO,,
GEN=88_MEMBER=17553_PSO,GEN=87_MEMBER=17491_PSO,,
GEN=88_MEMBER=17555_PSO,GEN=87_MEMBER=17451_PSO,,
GEN=88_MEMBER=17557_PSO,GEN=86_MEMBER=17165_PSO,,
GEN=88_MEMBER=17559_PSO,GEN=86_MEMBER=17281_PSO,,
GEN=88_MEMBER=17561_PSO,GEN=87_MEMBER=17377_PSO,,
GEN=88_MEMBER=17563_PSO,GEN=87_MEMBER=17463_PSO,,
GEN=88_MEMBER=17565_PSO,GEN=85_MEMBER=17037_PSO,,
GEN=88_MEMBER=17567_PSO,GEN=87_MEMBER=17399_PSO,,
GEN=88_MEMBER=17569_PSO,GEN=87_MEMBER=17407_PSO,,
GEN=88_MEMBER=17571_PSO,GEN=87_MEMBER=17455_PSO,,
GEN=88_MEMBER=17573_PSO,GEN=84_MEMBER=16853_PSO,,
GEN=88_MEMBER=17575_PSO,GEN=87_MEMBER=17499_PSO,,
GEN=88_MEMBER=17577_PSO,GEN=85_MEMBER=16967_PSO,,
GEN=88_MEMBER=17579_PSO,GEN=87_MEMBER=17433_PSO,,
GEN=88_MEMBER=17581_PSO,GEN=87_MEMBER=17487_PSO,,
GEN=88_MEMBER=17583_PSO,GEN=87_MEMBER=17365_PSO,,
GEN=88_MEMBER=17585_PSO,GEN=86_MEMBER=17151_PSO,,
GEN=88_MEMBER=17587_PSO,GEN=84_MEMBER=16889_PSO,,
GEN=88_MEMBER=17589_PSO,GEN=84_MEMBER=16733_PSO,,
GEN=88_MEMBER=17591_PSO,GEN=87_MEMBER=17379_PSO,,
GEN=88_MEMBER=17593_PSO,GEN=84_MEMBER=16871_PSO,,
GEN=88_MEMBER=17595_PSO,GEN=87_MEMBER=17495_PSO,,
GEN=88_MEMBER=17597_PSO,GEN=87_MEMBER=17425_PSO,,
GEN=88_MEMBER=17599_PSO,GEN=87_MEMBER=17435_PSO,,
GEN=88_MEMBER=17601_PSO,GEN=86_MEMBER=17189_PSO,,
GEN=88_MEMBER=17603_PSO,GEN=85_MEMBER=16935_PSO,,
GEN=88_MEMBER=17605_PSO,GEN=87_MEMBER=17383_PSO,,
GEN=88_MEMBER=17607_PSO,GEN=85_MEMBER=17073_PSO,,
GEN=88_MEMBER=17609_PSO,GEN=86_MEMBER=17275_PSO,,
GEN=88_MEMBER=17611_PSO,GEN=87_MEMBER=17391_PSO,,
GEN=88_MEMBER=17613_PSO,GEN=85_MEMBER=17027_PSO,,
GEN=88_MEMBER=17615_PSO,GEN=87_MEMBER=17309_PSO,,
GEN=88_MEMBER=17617_PSO,GEN=86_MEMBER=17287_PSO,,
GEN=88_MEMBER=17619_PSO,GEN=82_MEMBER=16497_PSO,,
GEN=88_MEMBER=17621_PSO,GEN=86_MEMBER=17177_PSO,,
GEN=88_MEMBER=17623_PSO,GEN=80_MEMBER=15935_PSO,,
GEN=88_MEMBER=17625_PSO,GEN=87_MEMBER=17467_PSO,,
GEN=88_MEMBER=17627_PSO,GEN=87_MEMBER=17441_PSO,,
GEN=88_MEMBER=17629_PSO,GEN=85_MEMBER=16905_PSO,,
GEN=88_MEMBER=17631_PSO,GEN=87_MEMBER=17385_PSO,,
GEN=88_MEMBER=17633_PSO,GEN=87_MEMBER=17423_PSO,,
GEN=88_MEMBER=17635_PSO,GEN=87_MEMBER=17493_PSO,,
GEN=88_MEMBER=17637_PSO,GEN=79_MEMBER=15779_PSO,,
GEN=88_MEMBER=17639_PSO,GEN=87_MEMBER=17305_PSO,,
GEN=88_MEMBER=17641_PSO,GEN=83_MEMBER=16511_PSO,,
GEN=88_MEMBER=17643_PSO,GEN=85_MEMBER=17059_PSO,,
GEN=88_MEMBER=17645_PSO,GEN=86_MEMBER=17277_PSO,,
GEN=88_MEMBER=17647_PSO,GEN=81_MEMBER=16213_PSO,,
GEN=88_MEMBER=17649_PSO,GEN=87_MEMBER=17481_PSO,,
GEN=88_MEMBER=17651_PSO,GEN=87_MEMBER=17411_PSO,,
GEN=88_MEMBER=17653_PSO,GEN=84_MEMBER=16771_PSO,,
GEN=88_MEMBER=17655_PSO,GEN=82_MEMBER=16449_PSO,,
GEN=88_MEMBER=17657_PSO,GEN=86_MEMBER=17203_PSO,,
GEN=88_MEMBER=17659_PSO,GEN=87_MEMBER=17357_PSO,,
GEN=88_MEMBER=17661_PSO,GEN=87_MEMBER=17327_PSO,,
GEN=88_MEMBER=17663_PSO,GEN=81_MEMBER=16175_PSO,,
GEN=88_MEMBER=17665_PSO,GEN=87_MEMBER=17465_PSO,,
GEN=88_MEMBER=17667_PSO,GEN=84_MEMBER=16821_PSO,,
GEN=88_MEMBER=17669_PSO,GEN=86_MEMBER=17155_PSO,,
GEN=88_MEMBER=17671_PSO,GEN=83_MEMBER=16631_PSO,,
GEN=88_MEMBER=17673_PSO,GEN=87_MEMBER=17453_PSO,,
GEN=88_MEMBER=17675_PSO,GEN=82_MEMBER=16479_PSO,,
GEN=88_MEMBER=17677_PSO,GEN=87_MEMBER=17351_PSO,,
GEN=88_MEMBER=17679_PSO,GEN=77_MEMBER=15319_PSO,,
GEN=88_MEMBER=17681_PSO,GEN=87_MEMBER=17469_PSO,,
GEN=88_MEMBER=17683_PSO,GEN=83_MEMBER=16559_PSO,,
GEN=88_MEMBER=17685_PSO,GEN=86_MEMBER=17269_PSO,,
GEN=88_MEMBER=17687_PSO,GEN=85_MEMBER=17069_PSO,,
GEN=88_MEMBER=17689_PSO,GEN=79_MEMBER=15803_PSO,,
GEN=88_MEMBER=17691_PSO,GEN=76_MEMBER=15209_PSO,,
GEN=88_MEMBER=17693_PSO,GEN=77_MEMBER=15483_PSO,,
GEN=88_MEMBER=17695_PSO,GEN=86_MEMBER=17223_PSO,,
GEN=88_MEMBER=17697_PSO,GEN=82_MEMBER=16385_PSO,,
GEN=88_MEMBER=17699_PSO,GEN=83_MEMBER=16619_PSO,,
GEN=89_MEMBER=17701_PSO,GEN=88_MEMBER=17659_PSO,,
GEN=89_MEMBER=17703_PSO,GEN=88_MEMBER=17691_PSO,,
GEN=89_MEMBER=17705_PSO,GEN=88_MEMBER=17667_PSO,,
GEN=89_MEMBER=17707_PSO,GEN=88_MEMBER=17697_PSO,,
GEN=89_MEMBER=17709_PSO,GEN=87_MEMBER=17353_PSO,,
GEN=89_MEMBER=17711_PSO,GEN=88_MEMBER=17627_PSO,,
GEN=89_MEMBER=17713_PSO,GEN=88_MEMBER=17683_PSO,,
GEN=89_MEMBER=17715_PSO,GEN=87_MEMBER=17339_PSO,,
GEN=89_MEMBER=17717_PSO,GEN=88_MEMBER=17649_PSO,,
GEN=89_MEMBER=17719_PSO,GEN=86_MEMBER=17267_PSO,,
GEN=89_MEMBER=17721_PSO,GEN=88_MEMBER=17575_PSO,,
GEN=89_MEMBER=17723_PSO,GEN=88_MEMBER=17541_PSO,,
GEN=89_MEMBER=17725_PSO,GEN=88_MEMBER=17623_PSO,,
GEN=89_MEMBER=17727_PSO,GEN=88_MEMBER=17643_PSO,,
GEN=89_MEMBER=17729_PSO,GEN=87_MEMBER=17397_PSO,,
GEN=89_MEMBER=17731_PSO,GEN=86_MEMBER=17161_PSO,,
GEN=89_MEMBER=17733_PSO,GEN=88_MEMBER=17657_PSO,,
GEN=89_MEMBER=17735_PSO,GEN=88_MEMBER=17563_PSO,,
GEN=89_MEMBER=17737_PSO,GEN=87_MEMBER=17485_PSO,,
GEN=89_MEMBER=17739_PSO,GEN=86_MEMBER=17211_PSO,,
GEN=89_MEMBER=17741_PSO,GEN=88_MEMBER=17569_PSO,,
GEN=89_MEMBER=17743_PSO,GEN=87_MEMBER=17389_PSO,,
GEN=89_MEMBER=17745_PSO,GEN=88_MEMBER=17539_PSO,,
GEN=89_MEMBER=17747_PSO,GEN=88_MEMBER=17699_PSO,,
GEN=89_MEMBER=17749_PSO,GEN=87_MEMBER=17317_PSO,,
GEN=89_MEMBER=17751_PSO,GEN=88_MEMBER=17637_PSO,,
GEN=89_MEMBER=17753_PSO,GEN=88_MEMBER=17617_PSO,,
GEN=89_MEMBER=17755_PSO,GEN=88_MEMBER=17529_PSO,,
GEN=89_MEMBER=17757_PSO,GEN=86_MEMBER=17165_PSO,,
GEN=89_MEMBER=17759_PSO,GEN=88_MEMBER=17687_PSO,,
GEN=89_MEMBER=17761_PSO,GEN=88_MEMBER=17695_PSO,,
GEN=89_MEMBER=17763_PSO,GEN=88_MEMBER=17689_PSO,,
GEN=89_MEMBER=17765_PSO,GEN=88_MEMBER=17663_PSO,,
GEN=89_MEMBER=17767_PSO,GEN=88_MEMBER=17673_PSO,,
GEN=89_MEMBER=17769_PSO,GEN=88_MEMBER=17579_PSO,,
GEN=89_MEMBER=17771_PSO,GEN=88_MEMBER=17597_PSO,,
GEN=89_MEMBER=17773_PSO,GEN=84_MEMBER=16853_PSO,,
GEN=89_MEMBER=17775_PSO,GEN=88_MEMBER=17693_PSO,,
GEN=89_MEMBER=17777_PSO,GEN=85_MEMBER=16967_PSO,,
GEN=89_MEMBER=17779_PSO,GEN=88_MEMBER=17517_PSO,,
GEN=89_MEMBER=17781_PSO,GEN=88_MEMBER=17603_PSO,,
GEN=89_MEMBER=17783_PSO,GEN=88_MEMBER=17523_PSO,,
GEN=89_MEMBER=17785_PSO,GEN=86_MEMBER=17151_PSO,,
GEN=89_MEMBER=17787_PSO,GEN=88_MEMBER=17581_PSO,,
GEN=89_MEMBER=17789_PSO,GEN=88_MEMBER=17515_PSO,,
GEN=89_MEMBER=17791_PSO,GEN=88_MEMBER=17681_PSO,,
GEN=89_MEMBER=17793_PSO,GEN=84_MEMBER=16871_PSO,,
GEN=89_MEMBER=17795_PSO,GEN=88_MEMBER=17671_PSO,,
GEN=89_MEMBER=17797_PSO,GEN=88_MEMBER=17585_PSO,,
GEN=89_MEMBER=17799_PSO,GEN=87_MEMBER=17435_PSO,,
GEN=89_MEMBER=17801_PSO,GEN=88_MEMBER=17665_PSO,,
GEN=89_MEMBER=17803_PSO,GEN=85_MEMBER=16935_PSO,,
GEN=89_MEMBER=17805_PSO,GEN=88_MEMBER=17685_PSO,,
GEN=89_MEMBER=17807_PSO,GEN=85_MEMBER=17073_PSO,,
GEN=89_MEMBER=17809_PSO,GEN=86_MEMBER=17275_PSO,,
GEN=89_MEMBER=17811_PSO,GEN=87_MEMBER=17391_PSO,,
GEN=89_MEMBER=17813_PSO,GEN=88_MEMBER=17501_PSO,,
GEN=89_MEMBER=17815_PSO,GEN=87_MEMBER=17309_PSO,,
GEN=89_MEMBER=17817_PSO,GEN=88_MEMBER=17661_PSO,,
GEN=89_MEMBER=17819_PSO,GEN=82_MEMBER=16497_PSO,,
GEN=89_MEMBER=17821_PSO,GEN=86_MEMBER=17177_PSO,,
GEN=89_MEMBER=17823_PSO,GEN=88_MEMBER=17655_PSO,,
GEN=89_MEMBER=17825_PSO,GEN=88_MEMBER=17647_PSO,,
GEN=89_MEMBER=17827_PSO,GEN=87_MEMBER=17441_PSO,,
GEN=89_MEMBER=17829_PSO,GEN=88_MEMBER=17549_PSO,,
GEN=89_MEMBER=17831_PSO,GEN=87_MEMBER=17385_PSO,,
GEN=89_MEMBER=17833_PSO,GEN=87_MEMBER=17423_PSO,,
GEN=89_MEMBER=17835_PSO,GEN=88_MEMBER=17531_PSO,,
GEN=89_MEMBER=17837_PSO,GEN=88_MEMBER=17537_PSO,,
GEN=89_MEMBER=17839_PSO,GEN=87_MEMBER=17305_PSO,,
GEN=89_MEMBER=17841_PSO,GEN=83_MEMBER=16511_PSO,,
GEN=89_MEMBER=17843_PSO,GEN=85_MEMBER=17059_PSO,,
GEN=89_MEMBER=17845_PSO,GEN=86_MEMBER=17277_PSO,,
GEN=89_MEMBER=17847_PSO,GEN=81_MEMBER=16213_PSO,,
GEN=89_MEMBER=17849_PSO,GEN=87_MEMBER=17481_PSO,,
GEN=89_MEMBER=17851_PSO,GEN=87_MEMBER=17411_PSO,,
GEN=89_MEMBER=17853_PSO,GEN=84_MEMBER=16771_PSO,,
GEN=89_MEMBER=17855_PSO,GEN=88_MEMBER=17675_PSO,,
GEN=89_MEMBER=17857_PSO,GEN=86_MEMBER=17203_PSO,,
GEN=89_MEMBER=17859_PSO,GEN=87_MEMBER=17357_PSO,,
GEN=89_MEMBER=17861_PSO,GEN=87_MEMBER=17327_PSO,,
GEN=89_MEMBER=17863_PSO,GEN=81_MEMBER=16175_PSO,,
GEN=89_MEMBER=17865_PSO,GEN=87_MEMBER=17465_PSO,,
GEN=89_MEMBER=17867_PSO,GEN=88_MEMBER=17533_PSO,,
GEN=89_MEMBER=17869_PSO,GEN=88_MEMBER=17633_PSO,,
GEN=89_MEMBER=17871_PSO,GEN=83_MEMBER=16631_PSO,,
GEN=89_MEMBER=17873_PSO,GEN=87_MEMBER=17453_PSO,,
GEN=89_MEMBER=17875_PSO,GEN=82_MEMBER=16479_PSO,,
GEN=89_MEMBER=17877_PSO,GEN=88_MEMBER=17639_PSO,,
GEN=89_MEMBER=17879_PSO,GEN=77_MEMBER=15319_PSO,,
GEN=89_MEMBER=17881_PSO,GEN=87_MEMBER=17469_PSO,,
GEN=89_MEMBER=17883_PSO,GEN=83_MEMBER=16559_PSO,,
GEN=89_MEMBER=17885_PSO,GEN=86_MEMBER=17269_PSO,,
GEN=89_MEMBER=17887_PSO,GEN=85_MEMBER=17069_PSO,,
GEN=89_MEMBER=17889_PSO,GEN=79_MEMBER=15803_PSO,,
GEN=89_MEMBER=17891_PSO,GEN=88_MEMBER=17567_PSO,,
GEN=89_MEMBER=17893_PSO,GEN=77_MEMBER=15483_PSO,,
GEN=89_MEMBER=17895_PSO,GEN=86_MEMBER=17223_PSO,,
GEN=89_MEMBER=17897_PSO,GEN=82_MEMBER=16385_PSO,,
GEN=89_MEMBER=17899_PSO,GEN=83_MEMBER=16619_PSO,,
GEN=90_MEMBER=17901_PSO,GEN=89_MEMBER=17865_PSO,,
GEN=90_MEMBER=17903_PSO,GEN=89_MEMBER=17893_PSO,,
GEN=90_MEMBER=17905_PSO,GEN=89_MEMBER=17839_PSO,,
GEN=90_MEMBER=17907_PSO,GEN=89_MEMBER=17807_PSO,,
GEN=90_MEMBER=17909_PSO,GEN=89_MEMBER=17873_PSO,,
GEN=90_MEMBER=17911_PSO,GEN=88_MEMBER=17627_PSO,,
GEN=90_MEMBER=17913_PSO,GEN=89_MEMBER=17823_PSO,,
GEN=90_MEMBER=17915_PSO,GEN=87_MEMBER=17339_PSO,,
GEN=90_MEMBER=17917_PSO,GEN=88_MEMBER=17649_PSO,,
GEN=90_MEMBER=17919_PSO,GEN=89_MEMBER=17825_PSO,,
GEN=90_MEMBER=17921_PSO,GEN=88_MEMBER=17575_PSO,,
GEN=90_MEMBER=17923_PSO,GEN=89_MEMBER=17859_PSO,,
GEN=90_MEMBER=17925_PSO,GEN=89_MEMBER=17899_PSO,,
GEN=90_MEMBER=17927_PSO,GEN=89_MEMBER=17835_PSO,,
GEN=90_MEMBER=17929_PSO,GEN=89_MEMBER=17885_PSO,,
GEN=90_MEMBER=17931_PSO,GEN=89_MEMBER=17733_PSO,,
GEN=90_MEMBER=17933_PSO,GEN=89_MEMBER=17739_PSO,,
GEN=90_MEMBER=17935_PSO,GEN=88_MEMBER=17563_PSO,,
GEN=90_MEMBER=17937_PSO,GEN=89_MEMBER=17707_PSO,,
GEN=90_MEMBER=17939_PSO,GEN=89_MEMBER=17857_PSO,,
GEN=90_MEMBER=17941_PSO,GEN=88_MEMBER=17569_PSO,,
GEN=90_MEMBER=17943_PSO,GEN=89_MEMBER=17755_PSO,,
GEN=90_MEMBER=17945_PSO,GEN=88_MEMBER=17539_PSO,,
GEN=90_MEMBER=17947_PSO,GEN=89_MEMBER=17869_PSO,,
GEN=90_MEMBER=17949_PSO,GEN=87_MEMBER=17317_PSO,,
GEN=90_MEMBER=17951_PSO,GEN=88_MEMBER=17637_PSO,,
GEN=90_MEMBER=17953_PSO,GEN=89_MEMBER=17767_PSO,,
GEN=90_MEMBER=17955_PSO,GEN=89_MEMBER=17875_PSO,,
GEN=90_MEMBER=17957_PSO,GEN=89_MEMBER=17781_PSO,,
GEN=90_MEMBER=17959_PSO,GEN=89_MEMBER=17803_PSO,,
GEN=90_MEMBER=17961_PSO,GEN=89_MEMBER=17721_PSO,,
GEN=90_MEMBER=17963_PSO,GEN=88_MEMBER=17689_PSO,,
GEN=90_MEMBER=17965_PSO,GEN=89_MEMBER=17881_PSO,,
GEN=90_MEMBER=17967_PSO,GEN=89_MEMBER=17897_PSO,,
GEN=90_MEMBER=17969_PSO,GEN=89_MEMBER=17847_PSO,,
GEN=90_MEMBER=17971_PSO,GEN=88_MEMBER=17597_PSO,,
GEN=90_MEMBER=17973_PSO,GEN=89_MEMBER=17805_PSO,,
GEN=90_MEMBER=17975_PSO,GEN=89_MEMBER=17749_PSO,,
GEN=90_MEMBER=17977_PSO,GEN=85_MEMBER=16967_PSO,,
GEN=90_MEMBER=17979_PSO,GEN=89_MEMBER=17737_PSO,,
GEN=90_MEMBER=17981_PSO,GEN=89_MEMBER=17895_PSO,,
GEN=90_MEMBER=17983_PSO,GEN=88_MEMBER=17523_PSO,,
GEN=90_MEMBER=17985_PSO,GEN=89_MEMBER=17887_PSO,,
GEN=90_MEMBER=17987_PSO,GEN=89_MEMBER=17849_PSO,,
GEN=90_MEMBER=17989_PSO,GEN=88_MEMBER=17515_PSO,,
GEN=90_MEMBER=17991_PSO,GEN=88_MEMBER=17681_PSO,,
GEN=90_MEMBER=17993_PSO,GEN=89_MEMBER=17751_PSO,,
GEN=90_MEMBER=17995_PSO,GEN=88_MEMBER=17671_PSO,,
GEN=90_MEMBER=17997_PSO,GEN=88_MEMBER=17585_PSO,,
GEN=90_MEMBER=17999_PSO,GEN=89_MEMBER=17801_PSO,,
GEN=90_MEMBER=18001_PSO,GEN=88_MEMBER=17665_PSO,,
GEN=90_MEMBER=18003_PSO,GEN=89_MEMBER=17871_PSO,,
GEN=90_MEMBER=18005_PSO,GEN=89_MEMBER=17783_PSO,,
GEN=90_MEMBER=18007_PSO,GEN=85_MEMBER=17073_PSO,,
GEN=90_MEMBER=18009_PSO,GEN=86_MEMBER=17275_PSO,,
GEN=90_MEMBER=18011_PSO,GEN=87_MEMBER=17391_PSO,,
GEN=90_MEMBER=18013_PSO,GEN=88_MEMBER=17501_PSO,,
GEN=90_MEMBER=18015_PSO,GEN=89_MEMBER=17833_PSO,,
GEN=90_MEMBER=18017_PSO,GEN=89_MEMBER=17787_PSO,,
GEN=90_MEMBER=18019_PSO,GEN=82_MEMBER=16497_PSO,,
GEN=90_MEMBER=18021_PSO,GEN=89_MEMBER=17797_PSO,,
GEN=90_MEMBER=18023_PSO,GEN=88_MEMBER=17655_PSO,,
GEN=90_MEMBER=18025_PSO,GEN=88_MEMBER=17647_PSO,,
GEN=90_MEMBER=18027_PSO,GEN=87_MEMBER=17441_PSO,,
GEN=90_MEMBER=18029_PSO,GEN=89_MEMBER=17793_PSO,,
GEN=90_MEMBER=18031_PSO,GEN=89_MEMBER=17725_PSO,,
GEN=90_MEMBER=18033_PSO,GEN=87_MEMBER=17423_PSO,,
GEN=90_MEMBER=18035_PSO,GEN=88_MEMBER=17531_PSO,,
GEN=90_MEMBER=18037_PSO,GEN=88_MEMBER=17537_PSO,,
GEN=90_MEMBER=18039_PSO,GEN=89_MEMBER=17891_PSO,,
GEN=90_MEMBER=18041_PSO,GEN=83_MEMBER=16511_PSO,,
GEN=90_MEMBER=18043_PSO,GEN=85_MEMBER=17059_PSO,,
GEN=90_MEMBER=18045_PSO,GEN=86_MEMBER=17277_PSO,,
GEN=90_MEMBER=18047_PSO,GEN=89_MEMBER=17761_PSO,,
GEN=90_MEMBER=18049_PSO,GEN=89_MEMBER=17883_PSO,,
GEN=90_MEMBER=18051_PSO,GEN=89_MEMBER=17765_PSO,,
GEN=90_MEMBER=18053_PSO,GEN=89_MEMBER=17785_PSO,,
GEN=90_MEMBER=18055_PSO,GEN=88_MEMBER=17675_PSO,,
GEN=90_MEMBER=18057_PSO,GEN=86_MEMBER=17203_PSO,,
GEN=90_MEMBER=18059_PSO,GEN=87_MEMBER=17357_PSO,,
GEN=90_MEMBER=18061_PSO,GEN=89_MEMBER=17789_PSO,,
GEN=90_MEMBER=18063_PSO,GEN=81_MEMBER=16175_PSO,,
GEN=90_MEMBER=18065_PSO,GEN=87_MEMBER=17465_PSO,,
GEN=90_MEMBER=18067_PSO,GEN=89_MEMBER=17863_PSO,,
GEN=90_MEMBER=18069_PSO,GEN=89_MEMBER=17837_PSO,,
GEN=90_MEMBER=18071_PSO,GEN=89_MEMBER=17717_PSO,,
GEN=90_MEMBER=18073_PSO,GEN=89_MEMBER=17777_PSO,,
GEN=90_MEMBER=18075_PSO,GEN=82_MEMBER=16479_PSO,,
GEN=90_MEMBER=18077_PSO,GEN=88_MEMBER=17639_PSO,,
GEN=90_MEMBER=18079_PSO,GEN=77_MEMBER=15319_PSO,,
GEN=90_MEMBER=18081_PSO,GEN=87_MEMBER=17469_PSO,,
GEN=90_MEMBER=18083_PSO,GEN=83_MEMBER=16559_PSO,,
GEN=90_MEMBER=18085_PSO,GEN=86_MEMBER=17269_PSO,,
GEN=90_MEMBER=18087_PSO,GEN=85_MEMBER=17069_PSO,,
GEN=90_MEMBER=18089_PSO,GEN=79_MEMBER=15803_PSO,,
GEN=90_MEMBER=18091_PSO,GEN=88_MEMBER=17567_PSO,,
GEN=90_MEMBER=18093_PSO,GEN=77_MEMBER=15483_PSO,,
GEN=90_MEMBER=18095_PSO,GEN=86_MEMBER=17223_PSO,,
GEN=90_MEMBER=18097_PSO,GEN=89_MEMBER=17861_PSO,,
GEN=90_MEMBER=18099_PSO,GEN=83_MEMBER=16619_PSO,,
GEN=91_MEMBER=18101_PSO,GEN=90_MEMBER=18073_PSO,,
GEN=91_MEMBER=18103_PSO,GEN=90_MEMBER=18087_PSO,,
GEN=91_MEMBER=18105_PSO,GEN=89_MEMBER=17839_PSO,,
GEN=91_MEMBER=18107_PSO,GEN=90_MEMBER=18095_PSO,,
GEN=91_MEMBER=18109_PSO,GEN=89_MEMBER=17873_PSO,,
GEN=91_MEMBER=18111_PSO,GEN=90_MEMBER=17975_PSO,,
GEN=91_MEMBER=18113_PSO,GEN=90_MEMBER=17979_PSO,,
GEN=91_MEMBER=18115_PSO,GEN=90_MEMBER=18067_PSO,,
GEN=91_MEMBER=18117_PSO,GEN=90_MEMBER=17941_PSO,,
GEN=91_MEMBER=18119_PSO,GEN=90_MEMBER=17921_PSO,,
GEN=91_MEMBER=18121_PSO,GEN=90_MEMBER=18083_PSO,,
GEN=91_MEMBER=18123_PSO,GEN=90_MEMBER=18009_PSO,,
GEN=91_MEMBER=18125_PSO,GEN=90_MEMBER=17969_PSO,,
GEN=91_MEMBER=18127_PSO,GEN=89_MEMBER=17835_PSO,,
GEN=91_MEMBER=18129_PSO,GEN=89_MEMBER=17885_PSO,,
GEN=91_MEMBER=18131_PSO,GEN=90_MEMBER=18017_PSO,,
GEN=91_MEMBER=18133_PSO,GEN=90_MEMBER=18089_PSO,,
GEN=91_MEMBER=18135_PSO,GEN=90_MEMBER=18077_PSO,,
GEN=91_MEMBER=18137_PSO,GEN=90_MEMBER=17949_PSO,,
GEN=91_MEMBER=18139_PSO,GEN=90_MEMBER=18023_PSO,,
GEN=91_MEMBER=18141_PSO,GEN=90_MEMBER=18093_PSO,,
GEN=91_MEMBER=18143_PSO,GEN=90_MEMBER=17967_PSO,,
GEN=91_MEMBER=18145_PSO,GEN=88_MEMBER=17539_PSO,,
GEN=91_MEMBER=18147_PSO,GEN=89_MEMBER=17869_PSO,,
GEN=91_MEMBER=18149_PSO,GEN=90_MEMBER=18099_PSO,,
GEN=91_MEMBER=18151_PSO,GEN=90_MEMBER=17923_PSO,,
GEN=91_MEMBER=18153_PSO,GEN=89_MEMBER=17767_PSO,,
GEN=91_MEMBER=18155_PSO,GEN=90_MEMBER=18005_PSO,,
GEN=91_MEMBER=18157_PSO,GEN=90_MEMBER=18013_PSO,,
GEN=91_MEMBER=18159_PSO,GEN=90_MEMBER=18015_PSO,,
GEN=91_MEMBER=18161_PSO,GEN=89_MEMBER=17721_PSO,,
GEN=91_MEMBER=18163_PSO,GEN=90_MEMBER=17951_PSO,,
GEN=91_MEMBER=18165_PSO,GEN=89_MEMBER=17881_PSO,,
GEN=91_MEMBER=18167_PSO,GEN=89_MEMBER=17897_PSO,,
GEN=91_MEMBER=18169_PSO,GEN=89_MEMBER=17847_PSO,,
GEN=91_MEMBER=18171_PSO,GEN=90_MEMBER=18097_PSO,,
GEN=91_MEMBER=18173_PSO,GEN=90_MEMBER=17919_PSO,,
GEN=91_MEMBER=18175_PSO,GEN=90_MEMBER=17993_PSO,,
GEN=91_MEMBER=18177_PSO,GEN=85_MEMBER=16967_PSO,,
GEN=91_MEMBER=18179_PSO,GEN=90_MEMBER=18075_PSO,,
GEN=91_MEMBER=18181_PSO,GEN=90_MEMBER=18025_PSO,,
GEN=91_MEMBER=18183_PSO,GEN=88_MEMBER=17523_PSO,,
GEN=91_MEMBER=18185_PSO,GEN=90_MEMBER=18051_PSO,,
GEN=91_MEMBER=18187_PSO,GEN=90_MEMBER=17985_PSO,,
GEN=91_MEMBER=18189_PSO,GEN=88_MEMBER=17515_PSO,,
GEN=91_MEMBER=18191_PSO,GEN=90_MEMBER=17901_PSO,,
GEN=91_MEMBER=18193_PSO,GEN=89_MEMBER=17751_PSO,,
GEN=91_MEMBER=18195_PSO,GEN=88_MEMBER=17671_PSO,,
GEN=91_MEMBER=18197_PSO,GEN=88_MEMBER=17585_PSO,,
GEN=91_MEMBER=18199_PSO,GEN=89_MEMBER=17801_PSO,,
GEN=91_MEMBER=18201_PSO,GEN=88_MEMBER=17665_PSO,,
GEN=91_MEMBER=18203_PSO,GEN=90_MEMBER=17903_PSO,,
GEN=91_MEMBER=18205_PSO,GEN=89_MEMBER=17783_PSO,,
GEN=91_MEMBER=18207_PSO,GEN=85_MEMBER=17073_PSO,,
GEN=91_MEMBER=18209_PSO,GEN=90_MEMBER=18001_PSO,,
GEN=91_MEMBER=18211_PSO,GEN=87_MEMBER=17391_PSO,,
GEN=91_MEMBER=18213_PSO,GEN=88_MEMBER=17501_PSO,,
GEN=91_MEMBER=18215_PSO,GEN=90_MEMBER=18071_PSO,,
GEN=91_MEMBER=18217_PSO,GEN=90_MEMBER=18059_PSO,,
GEN=91_MEMBER=18219_PSO,GEN=90_MEMBER=18045_PSO,,
GEN=91_MEMBER=18221_PSO,GEN=89_MEMBER=17797_PSO,,
GEN=91_MEMBER=18223_PSO,GEN=88_MEMBER=17655_PSO,,
GEN=91_MEMBER=18225_PSO,GEN=88_MEMBER=17647_PSO,,
GEN=91_MEMBER=18227_PSO,GEN=87_MEMBER=17441_PSO,,
GEN=91_MEMBER=18229_PSO,GEN=90_MEMBER=17963_PSO,,
GEN=91_MEMBER=18231_PSO,GEN=89_MEMBER=17725_PSO,,
GEN=91_MEMBER=18233_PSO,GEN=90_MEMBER=17983_PSO,,
GEN=91_MEMBER=18235_PSO,GEN=88_MEMBER=17531_PSO,,
GEN=91_MEMBER=18237_PSO,GEN=88_MEMBER=17537_PSO,,
GEN=91_MEMBER=18239_PSO,GEN=90_MEMBER=17911_PSO,,
GEN=91_MEMBER=18241_PSO,GEN=90_MEMBER=17981_PSO,,
GEN=91_MEMBER=18243_PSO,GEN=85_MEMBER=17059_PSO,,
GEN=91_MEMBER=18245_PSO,GEN=90_MEMBER=18065_PSO,,
GEN=91_MEMBER=18247_PSO,GEN=89_MEMBER=17761_PSO,,
GEN=91_MEMBER=18249_PSO,GEN=89_MEMBER=17883_PSO,,
GEN=91_MEMBER=18251_PSO,GEN=89_MEMBER=17765_PSO,,
GEN=91_MEMBER=18253_PSO,GEN=89_MEMBER=17785_PSO,,
GEN=91_MEMBER=18255_PSO,GEN=88_MEMBER=17675_PSO,,
GEN=91_MEMBER=18257_PSO,GEN=86_MEMBER=17203_PSO,,
GEN=91_MEMBER=18259_PSO,GEN=90_MEMBER=18085_PSO,,
GEN=91_MEMBER=18261_PSO,GEN=89_MEMBER=17789_PSO,,
GEN=91_MEMBER=18263_PSO,GEN=81_MEMBER=16175_PSO,,
GEN=91_MEMBER=18265_PSO,GEN=87_MEMBER=17465_PSO,,
GEN=91_MEMBER=18267_PSO,GEN=89_MEMBER=17863_PSO,,
GEN=91_MEMBER=18269_PSO,GEN=89_MEMBER=17837_PSO,,
GEN=91_MEMBER=18271_PSO,GEN=89_MEMBER=17717_PSO,,
GEN=91_MEMBER=18273_PSO,GEN=89_MEMBER=17777_PSO,,
GEN=91_MEMBER=18275_PSO,GEN=90_MEMBER=18029_PSO,,
GEN=91_MEMBER=18277_PSO,GEN=88_MEMBER=17639_PSO,,
GEN=91_MEMBER=18279_PSO,GEN=77_MEMBER=15319_PSO,,
GEN=91_MEMBER=18281_PSO,GEN=90_MEMBER=17945_PSO,,
GEN=91_MEMBER=18283_PSO,GEN=83_MEMBER=16559_PSO,,
GEN=91_MEMBER=18285_PSO,GEN=86_MEMBER=17269_PSO,,
GEN=91_MEMBER=18287_PSO,GEN=85_MEMBER=17069_PSO,,
GEN=91_MEMBER=18289_PSO,GEN=79_MEMBER=15803_PSO,,
GEN=91_MEMBER=18291_PSO,GEN=88_MEMBER=17567_PSO,,
GEN=91_MEMBER=18293_PSO,GEN=77_MEMBER=15483_PSO,,
GEN=91_MEMBER=18295_PSO,GEN=86_MEMBER=17223_PSO,,
GEN=91_MEMBER=18297_PSO,GEN=89_MEMBER=17861_PSO,,
GEN=91_MEMBER=18299_PSO,GEN=90_MEMBER=18031_PSO,,
GEN=92_MEMBER=18301_PSO,GEN=91_MEMBER=18233_PSO,,
GEN=92_MEMBER=18303_PSO,GEN=91_MEMBER=18299_PSO,,
GEN=92_MEMBER=18305_PSO,GEN=91_MEMBER=18201_PSO,,
GEN=92_MEMBER=18307_PSO,GEN=91_MEMBER=18265_PSO,,
GEN=92_MEMBER=18309_PSO,GEN=91_MEMBER=18145_PSO,,
GEN=92_MEMBER=18311_PSO,GEN=91_MEMBER=18193_PSO,,
GEN=92_MEMBER=18313_PSO,GEN=91_MEMBER=18191_PSO,,
GEN=92_MEMBER=18315_PSO,GEN=91_MEMBER=18251_PSO,,
GEN=92_MEMBER=18317_PSO,GEN=90_MEMBER=17941_PSO,,
GEN=92_MEMBER=18319_PSO,GEN=91_MEMBER=18203_PSO,,
GEN=92_MEMBER=18321_PSO,GEN=91_MEMBER=18275_PSO,,
GEN=92_MEMBER=18323_PSO,GEN=90_MEMBER=18009_PSO,,
GEN=92_MEMBER=18325_PSO,GEN=91_MEMBER=18291_PSO,,
GEN=92_MEMBER=18327_PSO,GEN=91_MEMBER=18247_PSO,,
GEN=92_MEMBER=18329_PSO,GEN=91_MEMBER=18147_PSO,,
GEN=92_MEMBER=18331_PSO,GEN=90_MEMBER=18017_PSO,,
GEN=92_MEMBER=18333_PSO,GEN=91_MEMBER=18253_PSO,,
GEN=92_MEMBER=18335_PSO,GEN=91_MEMBER=18133_PSO,,
GEN=92_MEMBER=18337_PSO,GEN=90_MEMBER=17949_PSO,,
GEN=92_MEMBER=18339_PSO,GEN=91_MEMBER=18223_PSO,,
GEN=92_MEMBER=18341_PSO,GEN=90_MEMBER=18093_PSO,,
GEN=92_MEMBER=18343_PSO,GEN=91_MEMBER=18257_PSO,,
GEN=92_MEMBER=18345_PSO,GEN=91_MEMBER=18189_PSO,,
GEN=92_MEMBER=18347_PSO,GEN=91_MEMBER=18177_PSO,,
GEN=92_MEMBER=18349_PSO,GEN=90_MEMBER=18099_PSO,,
GEN=92_MEMBER=18351_PSO,GEN=91_MEMBER=18149_PSO,,
GEN=92_MEMBER=18353_PSO,GEN=91_MEMBER=18277_PSO,,
GEN=92_MEMBER=18355_PSO,GEN=91_MEMBER=18295_PSO,,
GEN=92_MEMBER=18357_PSO,GEN=90_MEMBER=18013_PSO,,
GEN=92_MEMBER=18359_PSO,GEN=90_MEMBER=18015_PSO,,
GEN=92_MEMBER=18361_PSO,GEN=91_MEMBER=18109_PSO,,
GEN=92_MEMBER=18363_PSO,GEN=90_MEMBER=17951_PSO,,
GEN=92_MEMBER=18365_PSO,GEN=89_MEMBER=17881_PSO,,
GEN=92_MEMBER=18367_PSO,GEN=89_MEMBER=17897_PSO,,
GEN=92_MEMBER=18369_PSO,GEN=89_MEMBER=17847_PSO,,
GEN=92_MEMBER=18371_PSO,GEN=91_MEMBER=18241_PSO,,
GEN=92_MEMBER=18373_PSO,GEN=91_MEMBER=18103_PSO,,
GEN=92_MEMBER=18375_PSO,GEN=90_MEMBER=17993_PSO,,
GEN=92_MEMBER=18377_PSO,GEN=91_MEMBER=18121_PSO,,
GEN=92_MEMBER=18379_PSO,GEN=91_MEMBER=18289_PSO,,
GEN=92_MEMBER=18381_PSO,GEN=91_MEMBER=18293_PSO,,
GEN=92_MEMBER=18383_PSO,GEN=88_MEMBER=17523_PSO,,
GEN=92_MEMBER=18385_PSO,GEN=91_MEMBER=18187_PSO,,
GEN=92_MEMBER=18387_PSO,GEN=90_MEMBER=17985_PSO,,
GEN=92_MEMBER=18389_PSO,GEN=91_MEMBER=18283_PSO,,
GEN=92_MEMBER=18391_PSO,GEN=91_MEMBER=18129_PSO,,
GEN=92_MEMBER=18393_PSO,GEN=91_MEMBER=18229_PSO,,
GEN=92_MEMBER=18395_PSO,GEN=88_MEMBER=17671_PSO,,
GEN=92_MEMBER=18397_PSO,GEN=91_MEMBER=18101_PSO,,
GEN=92_MEMBER=18399_PSO,GEN=89_MEMBER=17801_PSO,,
GEN=92_MEMBER=18401_PSO,GEN=88_MEMBER=17665_PSO,,
GEN=92_MEMBER=18403_PSO,GEN=90_MEMBER=17903_PSO,,
GEN=92_MEMBER=18405_PSO,GEN=91_MEMBER=18173_PSO,,
GEN=92_MEMBER=18407_PSO,GEN=85_MEMBER=17073_PSO,,
GEN=92_MEMBER=18409_PSO,GEN=91_MEMBER=18239_PSO,,
GEN=92_MEMBER=18411_PSO,GEN=91_MEMBER=18135_PSO,,
GEN=92_MEMBER=18413_PSO,GEN=88_MEMBER=17501_PSO,,
GEN=92_MEMBER=18415_PSO,GEN=90_MEMBER=18071_PSO,,
GEN=92_MEMBER=18417_PSO,GEN=91_MEMBER=18249_PSO,,
GEN=92_MEMBER=18419_PSO,GEN=90_MEMBER=18045_PSO,,
GEN=92_MEMBER=18421_PSO,GEN=89_MEMBER=17797_PSO,,
GEN=92_MEMBER=18423_PSO,GEN=88_MEMBER=17655_PSO,,
GEN=92_MEMBER=18425_PSO,GEN=91_MEMBER=18245_PSO,,
GEN=92_MEMBER=18427_PSO,GEN=87_MEMBER=17441_PSO,,
GEN=92_MEMBER=18429_PSO,GEN=90_MEMBER=17963_PSO,,
GEN=92_MEMBER=18431_PSO,GEN=91_MEMBER=18153_PSO,,
GEN=92_MEMBER=18433_PSO,GEN=91_MEMBER=18123_PSO,,
GEN=92_MEMBER=18435_PSO,GEN=88_MEMBER=17531_PSO,,
GEN=92_MEMBER=18437_PSO,GEN=88_MEMBER=17537_PSO,,
GEN=92_MEMBER=18439_PSO,GEN=90_MEMBER=17911_PSO,,
GEN=92_MEMBER=18441_PSO,GEN=91_MEMBER=18285_PSO,,
GEN=92_MEMBER=18443_PSO,GEN=91_MEMBER=18267_PSO,,
GEN=92_MEMBER=18445_PSO,GEN=90_MEMBER=18065_PSO,,
GEN=92_MEMBER=18447_PSO,GEN=91_MEMBER=18207_PSO,,
GEN=92_MEMBER=18449_PSO,GEN=91_MEMBER=18287_PSO,,
GEN=92_MEMBER=18451_PSO,GEN=89_MEMBER=17765_PSO,,
GEN=92_MEMBER=18453_PSO,GEN=89_MEMBER=17785_PSO,,
GEN=92_MEMBER=18455_PSO,GEN=88_MEMBER=17675_PSO,,
GEN=92_MEMBER=18457_PSO,GEN=86_MEMBER=17203_PSO,,
GEN=92_MEMBER=18459_PSO,GEN=90_MEMBER=18085_PSO,,
GEN=92_MEMBER=18461_PSO,GEN=89_MEMBER=17789_PSO,,
GEN=92_MEMBER=18463_PSO,GEN=81_MEMBER=16175_PSO,,
GEN=92_MEMBER=18465_PSO,GEN=87_MEMBER=17465_PSO,,
GEN=92_MEMBER=18467_PSO,GEN=89_MEMBER=17863_PSO,,
GEN=92_MEMBER=18469_PSO,GEN=91_MEMBER=18273_PSO,,
GEN=92_MEMBER=18471_PSO,GEN=89_MEMBER=17717_PSO,,
GEN=92_MEMBER=18473_PSO,GEN=89_MEMBER=17777_PSO,,
GEN=92_MEMBER=18475_PSO,GEN=90_MEMBER=18029_PSO,,
GEN=92_MEMBER=18477_PSO,GEN=88_MEMBER=17639_PSO,,
GEN=92_MEMBER=18479_PSO,GEN=77_MEMBER=15319_PSO,,
GEN=92_MEMBER=18481_PSO,GEN=90_MEMBER=17945_PSO,,
GEN=92_MEMBER=18483_PSO,GEN=91_MEMBER=18221_PSO,,
GEN=92_MEMBER=18485_PSO,GEN=86_MEMBER=17269_PSO,,
GEN=92_MEMBER=18487_PSO,GEN=85_MEMBER=17069_PSO,,
GEN=92_MEMBER=18489_PSO,GEN=79_MEMBER=15803_PSO,,
GEN=92_MEMBER=18491_PSO,GEN=88_MEMBER=17567_PSO,,
GEN=92_MEMBER=18493_PSO,GEN=77_MEMBER=15483_PSO,,
GEN=92_MEMBER=18495_PSO,GEN=86_MEMBER=17223_PSO,,
GEN=92_MEMBER=18497_PSO,GEN=89_MEMBER=17861_PSO,,
GEN=92_MEMBER=18499_PSO,GEN=91_MEMBER=18279_PSO,,
GEN=93_MEMBER=18501_PSO,GEN=92_MEMBER=18435_PSO,,
GEN=93_MEMBER=18503_PSO,GEN=92_MEMBER=18463_PSO,,
GEN=93_MEMBER=18505_PSO,GEN=91_MEMBER=18201_PSO,,
GEN=93_MEMBER=18507_PSO,GEN=92_MEMBER=18475_PSO,,
GEN=93_MEMBER=18509_PSO,GEN=92_MEMBER=18423_PSO,,
GEN=93_MEMBER=18511_PSO,GEN=92_MEMBER=18473_PSO,,
GEN=93_MEMBER=18513_PSO,GEN=92_MEMBER=18487_PSO,,
GEN=93_MEMBER=18515_PSO,GEN=92_MEMBER=18309_PSO,,
GEN=93_MEMBER=18517_PSO,GEN=92_MEMBER=18485_PSO,,
GEN=93_MEMBER=18519_PSO,GEN=92_MEMBER=18379_PSO,,
GEN=93_MEMBER=18521_PSO,GEN=92_MEMBER=18331_PSO,,
GEN=93_MEMBER=18523_PSO,GEN=90_MEMBER=18009_PSO,,
GEN=93_MEMBER=18525_PSO,GEN=92_MEMBER=18465_PSO,,
GEN=93_MEMBER=18527_PSO,GEN=92_MEMBER=18433_PSO,,
GEN=93_MEMBER=18529_PSO,GEN=92_MEMBER=18489_PSO,,
GEN=93_MEMBER=18531_PSO,GEN=92_MEMBER=18387_PSO,,
GEN=93_MEMBER=18533_PSO,GEN=91_MEMBER=18253_PSO,,
GEN=93_MEMBER=18535_PSO,GEN=92_MEMBER=18477_PSO,,
GEN=93_MEMBER=18537_PSO,GEN=90_MEMBER=17949_PSO,,
GEN=93_MEMBER=18539_PSO,GEN=92_MEMBER=18499_PSO,,
GEN=93_MEMBER=18541_PSO,GEN=90_MEMBER=18093_PSO,,
GEN=93_MEMBER=18543_PSO,GEN=92_MEMBER=18375_PSO,,
GEN=93_MEMBER=18545_PSO,GEN=91_MEMBER=18189_PSO,,
GEN=93_MEMBER=18547_PSO,GEN=92_MEMBER=18335_PSO,,
GEN=93_MEMBER=18549_PSO,GEN=92_MEMBER=18393_PSO,,
GEN=93_MEMBER=18551_PSO,GEN=91_MEMBER=18149_PSO,,
GEN=93_MEMBER=18553_PSO,GEN=92_MEMBER=18497_PSO,,
GEN=93_MEMBER=18555_PSO,GEN=92_MEMBER=18461_PSO,,
GEN=93_MEMBER=18557_PSO,GEN=90_MEMBER=18013_PSO,,
GEN=93_MEMBER=18559_PSO,GEN=90_MEMBER=18015_PSO,,
GEN=93_MEMBER=18561_PSO,GEN=92_MEMBER=18319_PSO,,
GEN=93_MEMBER=18563_PSO,GEN=92_MEMBER=18343_PSO,,
GEN=93_MEMBER=18565_PSO,GEN=92_MEMBER=18317_PSO,,
GEN=93_MEMBER=18567_PSO,GEN=89_MEMBER=17897_PSO,,
GEN=93_MEMBER=18569_PSO,GEN=92_MEMBER=18417_PSO,,
GEN=93_MEMBER=18571_PSO,GEN=92_MEMBER=18467_PSO,,
GEN=93_MEMBER=18573_PSO,GEN=92_MEMBER=18321_PSO,,
GEN=93_MEMBER=18575_PSO,GEN=92_MEMBER=18457_PSO,,
GEN=93_MEMBER=18577_PSO,GEN=91_MEMBER=18121_PSO,,
GEN=93_MEMBER=18579_PSO,GEN=92_MEMBER=18495_PSO,,
GEN=93_MEMBER=18581_PSO,GEN=91_MEMBER=18293_PSO,,
GEN=93_MEMBER=18583_PSO,GEN=88_MEMBER=17523_PSO,,
GEN=93_MEMBER=18585_PSO,GEN=91_MEMBER=18187_PSO,,
GEN=93_MEMBER=18587_PSO,GEN=90_MEMBER=17985_PSO,,
GEN=93_MEMBER=18589_PSO,GEN=92_MEMBER=18437_PSO,,
GEN=93_MEMBER=18591_PSO,GEN=92_MEMBER=18431_PSO,,
GEN=93_MEMBER=18593_PSO,GEN=92_MEMBER=18469_PSO,,
GEN=93_MEMBER=18595_PSO,GEN=88_MEMBER=17671_PSO,,
GEN=93_MEMBER=18597_PSO,GEN=92_MEMBER=18311_PSO,,
GEN=93_MEMBER=18599_PSO,GEN=89_MEMBER=17801_PSO,,
GEN=93_MEMBER=18601_PSO,GEN=88_MEMBER=17665_PSO,,
GEN=93_MEMBER=18603_PSO,GEN=92_MEMBER=18305_PSO,,
GEN=93_MEMBER=18605_PSO,GEN=92_MEMBER=18453_PSO,,
GEN=93_MEMBER=18607_PSO,GEN=85_MEMBER=17073_PSO,,
GEN=93_MEMBER=18609_PSO,GEN=91_MEMBER=18239_PSO,,
GEN=93_MEMBER=18611_PSO,GEN=91_MEMBER=18135_PSO,,
GEN=93_MEMBER=18613_PSO,GEN=88_MEMBER=17501_PSO,,
GEN=93_MEMBER=18615_PSO,GEN=90_MEMBER=18071_PSO,,
GEN=93_MEMBER=18617_PSO,GEN=91_MEMBER=18249_PSO,,
GEN=93_MEMBER=18619_PSO,GEN=92_MEMBER=18451_PSO,,
GEN=93_MEMBER=18621_PSO,GEN=89_MEMBER=17797_PSO,,
GEN=93_MEMBER=18623_PSO,GEN=88_MEMBER=17655_PSO,,
GEN=93_MEMBER=18625_PSO,GEN=91_MEMBER=18245_PSO,,
GEN=93_MEMBER=18627_PSO,GEN=87_MEMBER=17441_PSO,,
GEN=93_MEMBER=18629_PSO,GEN=90_MEMBER=17963_PSO,,
GEN=93_MEMBER=18631_PSO,GEN=91_MEMBER=18153_PSO,,
GEN=93_MEMBER=18633_PSO,GEN=92_MEMBER=18355_PSO,,
GEN=93_MEMBER=18635_PSO,GEN=88_MEMBER=17531_PSO,,
GEN=93_MEMBER=18637_PSO,GEN=88_MEMBER=17537_PSO,,
GEN=93_MEMBER=18639_PSO,GEN=90_MEMBER=17911_PSO,,
GEN=93_MEMBER=18641_PSO,GEN=92_MEMBER=18483_PSO,,
GEN=93_MEMBER=18643_PSO,GEN=92_MEMBER=18449_PSO,,
GEN=93_MEMBER=18645_PSO,GEN=90_MEMBER=18065_PSO,,
GEN=93_MEMBER=18647_PSO,GEN=91_MEMBER=18207_PSO,,
GEN=93_MEMBER=18649_PSO,GEN=91_MEMBER=18287_PSO,,
GEN=93_MEMBER=18651_PSO,GEN=89_MEMBER=17765_PSO,,
GEN=93_MEMBER=18653_PSO,GEN=89_MEMBER=17785_PSO,,
GEN=93_MEMBER=18655_PSO,GEN=88_MEMBER=17675_PSO,,
GEN=93_MEMBER=18657_PSO,GEN=86_MEMBER=17203_PSO,,
GEN=93_MEMBER=18659_PSO,GEN=92_MEMBER=18493_PSO,,
GEN=93_MEMBER=18661_PSO,GEN=89_MEMBER=17789_PSO,,
GEN=93_MEMBER=18663_PSO,GEN=81_MEMBER=16175_PSO,,
GEN=93_MEMBER=18665_PSO,GEN=87_MEMBER=17465_PSO,,
GEN=93_MEMBER=18667_PSO,GEN=89_MEMBER=17863_PSO,,
GEN=93_MEMBER=18669_PSO,GEN=91_MEMBER=18273_PSO,,
GEN=93_MEMBER=18671_PSO,GEN=89_MEMBER=17717_PSO,,
GEN=93_MEMBER=18673_PSO,GEN=89_MEMBER=17777_PSO,,
GEN=93_MEMBER=18675_PSO,GEN=90_MEMBER=18029_PSO,,
GEN=93_MEMBER=18677_PSO,GEN=88_MEMBER=17639_PSO,,
GEN=93_MEMBER=18679_PSO,GEN=77_MEMBER=15319_PSO,,
GEN=93_MEMBER=18681_PSO,GEN=90_MEMBER=17945_PSO,,
GEN=93_MEMBER=18683_PSO,GEN=91_MEMBER=18221_PSO,,
GEN=93_MEMBER=18685_PSO,GEN=92_MEMBER=18329_PSO,,
GEN=93_MEMBER=18687_PSO,GEN=85_MEMBER=17069_PSO,,
GEN=93_MEMBER=18689_PSO,GEN=92_MEMBER=18333_PSO,,
GEN=93_MEMBER=18691_PSO,GEN=92_MEMBER=18327_PSO,,
GEN=93_MEMBER=18693_PSO,GEN=77_MEMBER=15483_PSO,,
GEN=93_MEMBER=18695_PSO,GEN=86_MEMBER=17223_PSO,,
GEN=93_MEMBER=18697_PSO,GEN=92_MEMBER=18323_PSO,,
GEN=93_MEMBER=18699_PSO,GEN=91_MEMBER=18279_PSO,,
GEN=94_MEMBER=18701_PSO,GEN=93_MEMBER=18669_PSO,,
GEN=94_MEMBER=18703_PSO,GEN=93_MEMBER=18695_PSO,,
GEN=94_MEMBER=18705_PSO,GEN=93_MEMBER=18685_PSO,,
GEN=94_MEMBER=18707_PSO,GEN=93_MEMBER=18639_PSO,,
GEN=94_MEMBER=18709_PSO,GEN=93_MEMBER=18687_PSO,,
GEN=94_MEMBER=18711_PSO,GEN=93_MEMBER=18629_PSO,,
GEN=94_MEMBER=18713_PSO,GEN=93_MEMBER=18593_PSO,,
GEN=94_MEMBER=18715_PSO,GEN=93_MEMBER=18657_PSO,,
GEN=94_MEMBER=18717_PSO,GEN=93_MEMBER=18633_PSO,,
GEN=94_MEMBER=18719_PSO,GEN=93_MEMBER=18665_PSO,,
GEN=94_MEMBER=18721_PSO,GEN=93_MEMBER=18565_PSO,,
GEN=94_MEMBER=18723_PSO,GEN=90_MEMBER=18009_PSO,,
GEN=94_MEMBER=18725_PSO,GEN=92_MEMBER=18465_PSO,,
GEN=94_MEMBER=18727_PSO,GEN=92_MEMBER=18433_PSO,,
GEN=94_MEMBER=18729_PSO,GEN=92_MEMBER=18489_PSO,,
GEN=94_MEMBER=18731_PSO,GEN=93_MEMBER=18537_PSO,,
GEN=94_MEMBER=18733_PSO,GEN=93_MEMBER=18689_PSO,,
GEN=94_MEMBER=18735_PSO,GEN=92_MEMBER=18477_PSO,,
GEN=94_MEMBER=18737_PSO,GEN=93_MEMBER=18599_PSO,,
GEN=94_MEMBER=18739_PSO,GEN=93_MEMBER=18693_PSO,,
GEN=94_MEMBER=18741_PSO,GEN=93_MEMBER=18673_PSO,,
GEN=94_MEMBER=18743_PSO,GEN=93_MEMBER=18539_PSO,,
GEN=94_MEMBER=18745_PSO,GEN=93_MEMBER=18679_PSO,,
GEN=94_MEMBER=18747_PSO,GEN=93_MEMBER=18557_PSO,,
GEN=94_MEMBER=18749_PSO,GEN=93_MEMBER=18635_PSO,,
GEN=94_MEMBER=18751_PSO,GEN=93_MEMBER=18543_PSO,,
GEN=94_MEMBER=18753_PSO,GEN=93_MEMBER=18619_PSO,,
GEN=94_MEMBER=18755_PSO,GEN=93_MEMBER=18621_PSO,,
GEN=94_MEMBER=18757_PSO,GEN=93_MEMBER=18559_PSO,,
GEN=94_MEMBER=18759_PSO,GEN=90_MEMBER=18015_PSO,,
GEN=94_MEMBER=18761_PSO,GEN=92_MEMBER=18319_PSO,,
GEN=94_MEMBER=18763_PSO,GEN=93_MEMBER=18533_PSO,,
GEN=94_MEMBER=18765_PSO,GEN=93_MEMBER=18661_PSO,,
GEN=94_MEMBER=18767_PSO,GEN=93_MEMBER=18591_PSO,,
GEN=94_MEMBER=18769_PSO,GEN=93_MEMBER=18647_PSO,,
GEN=94_MEMBER=18771_PSO,GEN=93_MEMBER=18601_PSO,,
GEN=94_MEMBER=18773_PSO,GEN=92_MEMBER=18321_PSO,,
GEN=94_MEMBER=18775_PSO,GEN=92_MEMBER=18457_PSO,,
GEN=94_MEMBER=18777_PSO,GEN=93_MEMBER=18545_PSO,,
GEN=94_MEMBER=18779_PSO,GEN=93_MEMBER=18697_PSO,,
GEN=94_MEMBER=18781_PSO,GEN=93_MEMBER=18517_PSO,,
GEN=94_MEMBER=18783_PSO,GEN=88_MEMBER=17523_PSO,,
GEN=94_MEMBER=18785_PSO,GEN=91_MEMBER=18187_PSO,,
GEN=94_MEMBER=18787_PSO,GEN=90_MEMBER=17985_PSO,,
GEN=94_MEMBER=18789_PSO,GEN=93_MEMBER=18505_PSO,,
GEN=94_MEMBER=18791_PSO,GEN=93_MEMBER=18513_PSO,,
GEN=94_MEMBER=18793_PSO,GEN=92_MEMBER=18469_PSO,,
GEN=94_MEMBER=18795_PSO,GEN=93_MEMBER=18625_PSO,,
GEN=94_MEMBER=18797_PSO,GEN=92_MEMBER=18311_PSO,,
GEN=94_MEMBER=18799_PSO,GEN=89_MEMBER=17801_PSO,,
GEN=94_MEMBER=18801_PSO,GEN=88_MEMBER=17665_PSO,,
GEN=94_MEMBER=18803_PSO,GEN=92_MEMBER=18305_PSO,,
GEN=94_MEMBER=18805_PSO,GEN=92_MEMBER=18453_PSO,,
GEN=94_MEMBER=18807_PSO,GEN=93_MEMBER=18683_PSO,,
GEN=94_MEMBER=18809_PSO,GEN=93_MEMBER=18699_PSO,,
GEN=94_MEMBER=18811_PSO,GEN=91_MEMBER=18135_PSO,,
GEN=94_MEMBER=18813_PSO,GEN=93_MEMBER=18691_PSO,,
GEN=94_MEMBER=18815_PSO,GEN=90_MEMBER=18071_PSO,,
GEN=94_MEMBER=18817_PSO,GEN=93_MEMBER=18519_PSO,,
GEN=94_MEMBER=18819_PSO,GEN=92_MEMBER=18451_PSO,,
GEN=94_MEMBER=18821_PSO,GEN=89_MEMBER=17797_PSO,,
GEN=94_MEMBER=18823_PSO,GEN=93_MEMBER=18677_PSO,,
GEN=94_MEMBER=18825_PSO,GEN=91_MEMBER=18245_PSO,,
GEN=94_MEMBER=18827_PSO,GEN=87_MEMBER=17441_PSO,,
GEN=94_MEMBER=18829_PSO,GEN=90_MEMBER=17963_PSO,,
GEN=94_MEMBER=18831_PSO,GEN=91_MEMBER=18153_PSO,,
GEN=94_MEMBER=18833_PSO,GEN=92_MEMBER=18355_PSO,,
GEN=94_MEMBER=18835_PSO,GEN=88_MEMBER=17531_PSO,,
GEN=94_MEMBER=18837_PSO,GEN=88_MEMBER=17537_PSO,,
GEN=94_MEMBER=18839_PSO,GEN=93_MEMBER=18567_PSO,,
GEN=94_MEMBER=18841_PSO,GEN=92_MEMBER=18483_PSO,,
GEN=94_MEMBER=18843_PSO,GEN=93_MEMBER=18507_PSO,,
GEN=94_MEMBER=18845_PSO,GEN=90_MEMBER=18065_PSO,,
GEN=94_MEMBER=18847_PSO,GEN=91_MEMBER=18207_PSO,,
GEN=94_MEMBER=18849_PSO,GEN=91_MEMBER=18287_PSO,,
GEN=94_MEMBER=18851_PSO,GEN=93_MEMBER=18509_PSO,,
GEN=94_MEMBER=18853_PSO,GEN=89_MEMBER=17785_PSO,,
GEN=94_MEMBER=18855_PSO,GEN=88_MEMBER=17675_PSO,,
GEN=94_MEMBER=18857_PSO,GEN=86_MEMBER=17203_PSO,,
GEN=94_MEMBER=18859_PSO,GEN=93_MEMBER=18667_PSO,,
GEN=94_MEMBER=18861_PSO,GEN=89_MEMBER=17789_PSO,,
GEN=94_MEMBER=18863_PSO,GEN=93_MEMBER=18611_PSO,,
GEN=94_MEMBER=18865_PSO,GEN=87_MEMBER=17465_PSO,,
GEN=94_MEMBER=18867_PSO,GEN=89_MEMBER=17863_PSO,,
GEN=94_MEMBER=18869_PSO,GEN=91_MEMBER=18273_PSO,,
GEN=94_MEMBER=18871_PSO,GEN=89_MEMBER=17717_PSO,,
GEN=94_MEMBER=18873_PSO,GEN=89_MEMBER=17777_PSO,,
GEN=94_MEMBER=18875_PSO,GEN=93_MEMBER=18595_PSO,,
GEN=94_MEMBER=18877_PSO,GEN=88_MEMBER=17639_PSO,,
GEN=94_MEMBER=18879_PSO,GEN=77_MEMBER=15319_PSO,,
GEN=94_MEMBER=18881_PSO,GEN=90_MEMBER=17945_PSO,,
GEN=94_MEMBER=18883_PSO,GEN=91_MEMBER=18221_PSO,,
GEN=94_MEMBER=18885_PSO,GEN=92_MEMBER=18329_PSO,,
GEN=94_MEMBER=18887_PSO,GEN=93_MEMBER=18675_PSO,,
GEN=94_MEMBER=18889_PSO,GEN=93_MEMBER=18651_PSO,,
GEN=94_MEMBER=18891_PSO,GEN=92_MEMBER=18327_PSO,,
GEN=94_MEMBER=18893_PSO,GEN=77_MEMBER=15483_PSO,,
GEN=94_MEMBER=18895_PSO,GEN=86_MEMBER=17223_PSO,,
GEN=94_MEMBER=18897_PSO,GEN=92_MEMBER=18323_PSO,,
GEN=94_MEMBER=18899_PSO,GEN=91_MEMBER=18279_PSO,,
GEN=95_MEMBER=18901_PSO,GEN=94_MEMBER=18881_PSO,,
GEN=95_MEMBER=18903_PSO,GEN=94_MEMBER=18887_PSO,,
GEN=95_MEMBER=18905_PSO,GEN=94_MEMBER=18891_PSO,,
GEN=95_MEMBER=18907_PSO,GEN=94_MEMBER=18831_PSO,,
GEN=95_MEMBER=18909_PSO,GEN=94_MEMBER=18875_PSO,,
GEN=95_MEMBER=18911_PSO,GEN=94_MEMBER=18895_PSO,,
GEN=95_MEMBER=18913_PSO,GEN=93_MEMBER=18593_PSO,,
GEN=95_MEMBER=18915_PSO,GEN=94_MEMBER=18739_PSO,,
GEN=95_MEMBER=18917_PSO,GEN=93_MEMBER=18633_PSO,,
GEN=95_MEMBER=18919_PSO,GEN=94_MEMBER=18813_PSO,,
GEN=95_MEMBER=18921_PSO,GEN=94_MEMBER=18823_PSO,,
GEN=95_MEMBER=18923_PSO,GEN=94_MEMBER=18781_PSO,,
GEN=95_MEMBER=18925_PSO,GEN=94_MEMBER=18707_PSO,,
GEN=95_MEMBER=18927_PSO,GEN=94_MEMBER=18893_PSO,,
GEN=95_MEMBER=18929_PSO,GEN=94_MEMBER=18815_PSO,,
GEN=95_MEMBER=18931_PSO,GEN=94_MEMBER=18777_PSO,,
GEN=95_MEMBER=18933_PSO,GEN=94_MEMBER=18733_PSO,,
GEN=95_MEMBER=18935_PSO,GEN=92_MEMBER=18477_PSO,,
GEN=95_MEMBER=18937_PSO,GEN=93_MEMBER=18599_PSO,,
GEN=95_MEMBER=18939_PSO,GEN=94_MEMBER=18755_PSO,,
GEN=95_MEMBER=18941_PSO,GEN=93_MEMBER=18673_PSO,,
GEN=95_MEMBER=18943_PSO,GEN=93_MEMBER=18539_PSO,,
GEN=95_MEMBER=18945_PSO,GEN=93_MEMBER=18679_PSO,,
GEN=95_MEMBER=18947_PSO,GEN=94_MEMBER=18751_PSO,,
GEN=95_MEMBER=18949_PSO,GEN=93_MEMBER=18635_PSO,,
GEN=95_MEMBER=18951_PSO,GEN=94_MEMBER=18763_PSO,,
GEN=95_MEMBER=18953_PSO,GEN=94_MEMBER=18757_PSO,,
GEN=95_MEMBER=18955_PSO,GEN=94_MEMBER=18779_PSO,,
GEN=95_MEMBER=18957_PSO,GEN=94_MEMBER=18847_PSO,,
GEN=95_MEMBER=18959_PSO,GEN=90_MEMBER=18015_PSO,,
GEN=95_MEMBER=18961_PSO,GEN=92_MEMBER=18319_PSO,,
GEN=95_MEMBER=18963_PSO,GEN=93_MEMBER=18533_PSO,,
GEN=95_MEMBER=18965_PSO,GEN=94_MEMBER=18857_PSO,,
GEN=95_MEMBER=18967_PSO,GEN=93_MEMBER=18591_PSO,,
GEN=95_MEMBER=18969_PSO,GEN=94_MEMBER=18899_PSO,,
GEN=95_MEMBER=18971_PSO,GEN=94_MEMBER=18889_PSO,,
GEN=95_MEMBER=18973_PSO,GEN=94_MEMBER=18845_PSO,,
GEN=95_MEMBER=18975_PSO,GEN=92_MEMBER=18457_PSO,,
GEN=95_MEMBER=18977_PSO,GEN=94_MEMBER=18865_PSO,,
GEN=95_MEMBER=18979_PSO,GEN=93_MEMBER=18697_PSO,,
GEN=95_MEMBER=18981_PSO,GEN=93_MEMBER=18517_PSO,,
GEN=95_MEMBER=18983_PSO,GEN=94_MEMBER=18735_PSO,,
GEN=95_MEMBER=18985_PSO,GEN=91_MEMBER=18187_PSO,,
GEN=95_MEMBER=18987_PSO,GEN=90_MEMBER=17985_PSO,,
GEN=95_MEMBER=18989_PSO,GEN=93_MEMBER=18505_PSO,,
GEN=95_MEMBER=18991_PSO,GEN=93_MEMBER=18513_PSO,,
GEN=95_MEMBER=18993_PSO,GEN=92_MEMBER=18469_PSO,,
GEN=95_MEMBER=18995_PSO,GEN=93_MEMBER=18625_PSO,,
GEN=95_MEMBER=18997_PSO,GEN=92_MEMBER=18311_PSO,,
GEN=95_MEMBER=18999_PSO,GEN=94_MEMBER=18869_PSO,,
GEN=95_MEMBER=19001_PSO,GEN=88_MEMBER=17665_PSO,,
GEN=95_MEMBER=19003_PSO,GEN=94_MEMBER=18717_PSO,,
GEN=95_MEMBER=19005_PSO,GEN=92_MEMBER=18453_PSO,,
GEN=95_MEMBER=19007_PSO,GEN=94_MEMBER=18797_PSO,,
GEN=95_MEMBER=19009_PSO,GEN=94_MEMBER=18851_PSO,,
GEN=95_MEMBER=19011_PSO,GEN=91_MEMBER=18135_PSO,,
GEN=95_MEMBER=19013_PSO,GEN=94_MEMBER=18703_PSO,,
GEN=95_MEMBER=19015_PSO,GEN=90_MEMBER=18071_PSO,,
GEN=95_MEMBER=19017_PSO,GEN=93_MEMBER=18519_PSO,,
GEN=95_MEMBER=19019_PSO,GEN=92_MEMBER=18451_PSO,,
GEN=95_MEMBER=19021_PSO,GEN=89_MEMBER=17797_PSO,,
GEN=95_MEMBER=19023_PSO,GEN=93_MEMBER=18677_PSO,,
GEN=95_MEMBER=19025_PSO,GEN=94_MEMBER=18771_PSO,,
GEN=95_MEMBER=19027_PSO,GEN=94_MEMBER=18799_PSO,,
GEN=95_MEMBER=19029_PSO,GEN=94_MEMBER=18705_PSO,,
GEN=95_MEMBER=19031_PSO,GEN=91_MEMBER=18153_PSO,,
GEN=95_MEMBER=19033_PSO,GEN=92_MEMBER=18355_PSO,,
GEN=95_MEMBER=19035_PSO,GEN=88_MEMBER=17531_PSO,,
GEN=95_MEMBER=19037_PSO,GEN=88_MEMBER=17537_PSO,,
GEN=95_MEMBER=19039_PSO,GEN=93_MEMBER=18567_PSO,,
GEN=95_MEMBER=19041_PSO,GEN=94_MEMBER=18711_PSO,,
GEN=95_MEMBER=19043_PSO,GEN=94_MEMBER=18817_PSO,,
GEN=95_MEMBER=19045_PSO,GEN=90_MEMBER=18065_PSO,,
GEN=95_MEMBER=19047_PSO,GEN=91_MEMBER=18207_PSO,,
GEN=95_MEMBER=19049_PSO,GEN=94_MEMBER=18743_PSO,,
GEN=95_MEMBER=19051_PSO,GEN=94_MEMBER=18753_PSO,,
GEN=95_MEMBER=19053_PSO,GEN=89_MEMBER=17785_PSO,,
GEN=95_MEMBER=19055_PSO,GEN=88_MEMBER=17675_PSO,,
GEN=95_MEMBER=19057_PSO,GEN=86_MEMBER=17203_PSO,,
GEN=95_MEMBER=19059_PSO,GEN=94_MEMBER=18727_PSO,,
GEN=95_MEMBER=19061_PSO,GEN=94_MEMBER=18759_PSO,,
GEN=95_MEMBER=19063_PSO,GEN=93_MEMBER=18611_PSO,,
GEN=95_MEMBER=19065_PSO,GEN=94_MEMBER=18725_PSO,,
GEN=95_MEMBER=19067_PSO,GEN=89_MEMBER=17863_PSO,,
GEN=95_MEMBER=19069_PSO,GEN=91_MEMBER=18273_PSO,,
GEN=95_MEMBER=19071_PSO,GEN=89_MEMBER=17717_PSO,,
GEN=95_MEMBER=19073_PSO,GEN=94_MEMBER=18787_PSO,,
GEN=95_MEMBER=19075_PSO,GEN=93_MEMBER=18595_PSO,,
GEN=95_MEMBER=19077_PSO,GEN=94_MEMBER=18709_PSO,,
GEN=95_MEMBER=19079_PSO,GEN=77_MEMBER=15319_PSO,,
GEN=95_MEMBER=19081_PSO,GEN=94_MEMBER=18849_PSO,,
GEN=95_MEMBER=19083_PSO,GEN=94_MEMBER=18863_PSO,,
GEN=95_MEMBER=19085_PSO,GEN=94_MEMBER=18883_PSO,,
GEN=95_MEMBER=19087_PSO,GEN=93_MEMBER=18675_PSO,,
GEN=95_MEMBER=19089_PSO,GEN=94_MEMBER=18835_PSO,,
GEN=95_MEMBER=19091_PSO,GEN=92_MEMBER=18327_PSO,,
GEN=95_MEMBER=19093_PSO,GEN=77_MEMBER=15483_PSO,,
GEN=95_MEMBER=19095_PSO,GEN=86_MEMBER=17223_PSO,,
GEN=95_MEMBER=19097_PSO,GEN=92_MEMBER=18323_PSO,,
GEN=95_MEMBER=19099_PSO,GEN=91_MEMBER=18279_PSO,,
GEN=96_MEMBER=19101_PSO,GEN=95_MEMBER=19081_PSO,,
GEN=96_MEMBER=19103_PSO,GEN=95_MEMBER=19089_PSO,,
GEN=96_MEMBER=19105_PSO,GEN=95_MEMBER=19063_PSO,,
GEN=96_MEMBER=19107_PSO,GEN=95_MEMBER=18961_PSO,,
GEN=96_MEMBER=19109_PSO,GEN=95_MEMBER=18981_PSO,,
GEN=96_MEMBER=19111_PSO,GEN=94_MEMBER=18895_PSO,,
GEN=96_MEMBER=19113_PSO,GEN=95_MEMBER=19099_PSO,,
GEN=96_MEMBER=19115_PSO,GEN=95_MEMBER=19079_PSO,,
GEN=96_MEMBER=19117_PSO,GEN=95_MEMBER=18997_PSO,,
GEN=96_MEMBER=19119_PSO,GEN=95_MEMBER=19031_PSO,,
GEN=96_MEMBER=19121_PSO,GEN=95_MEMBER=19027_PSO,,
GEN=96_MEMBER=19123_PSO,GEN=95_MEMBER=19007_PSO,,
GEN=96_MEMBER=19125_PSO,GEN=95_MEMBER=19071_PSO,,
GEN=96_MEMBER=19127_PSO,GEN=94_MEMBER=18893_PSO,,
GEN=96_MEMBER=19129_PSO,GEN=95_MEMBER=19009_PSO,,
GEN=96_MEMBER=19131_PSO,GEN=94_MEMBER=18777_PSO,,
GEN=96_MEMBER=19133_PSO,GEN=95_MEMBER=19093_PSO,,
GEN=96_MEMBER=19135_PSO,GEN=95_MEMBER=19087_PSO,,
GEN=96_MEMBER=19137_PSO,GEN=95_MEMBER=18907_PSO,,
GEN=96_MEMBER=19139_PSO,GEN=94_MEMBER=18755_PSO,,
GEN=96_MEMBER=19141_PSO,GEN=95_MEMBER=18945_PSO,,
GEN=96_MEMBER=19143_PSO,GEN=95_MEMBER=19085_PSO,,
GEN=96_MEMBER=19145_PSO,GEN=95_MEMBER=19069_PSO,,
GEN=96_MEMBER=19147_PSO,GEN=94_MEMBER=18751_PSO,,
GEN=96_MEMBER=19149_PSO,GEN=95_MEMBER=19097_PSO,,
GEN=96_MEMBER=19151_PSO,GEN=95_MEMBER=19043_PSO,,
GEN=96_MEMBER=19153_PSO,GEN=95_MEMBER=18909_PSO,,
GEN=96_MEMBER=19155_PSO,GEN=94_MEMBER=18779_PSO,,
GEN=96_MEMBER=19157_PSO,GEN=95_MEMBER=19059_PSO,,
GEN=96_MEMBER=19159_PSO,GEN=90_MEMBER=18015_PSO,,
GEN=96_MEMBER=19161_PSO,GEN=95_MEMBER=19029_PSO,,
GEN=96_MEMBER=19163_PSO,GEN=93_MEMBER=18533_PSO,,
GEN=96_MEMBER=19165_PSO,GEN=94_MEMBER=18857_PSO,,
GEN=96_MEMBER=19167_PSO,GEN=93_MEMBER=18591_PSO,,
GEN=96_MEMBER=19169_PSO,GEN=95_MEMBER=19055_PSO,,
GEN=96_MEMBER=19171_PSO,GEN=94_MEMBER=18889_PSO,,
GEN=96_MEMBER=19173_PSO,GEN=94_MEMBER=18845_PSO,,
GEN=96_MEMBER=19175_PSO,GEN=95_MEMBER=18915_PSO,,
GEN=96_MEMBER=19177_PSO,GEN=95_MEMBER=19067_PSO,,
GEN=96_MEMBER=19179_PSO,GEN=95_MEMBER=19019_PSO,,
GEN=96_MEMBER=19181_PSO,GEN=95_MEMBER=18941_PSO,,
GEN=96_MEMBER=19183_PSO,GEN=95_MEMBER=18957_PSO,,
GEN=96_MEMBER=19185_PSO,GEN=95_MEMBER=18905_PSO,,
GEN=96_MEMBER=19187_PSO,GEN=90_MEMBER=17985_PSO,,
GEN=96_MEMBER=19189_PSO,GEN=95_MEMBER=19015_PSO,,
GEN=96_MEMBER=19191_PSO,GEN=95_MEMBER=18923_PSO,,
GEN=96_MEMBER=19193_PSO,GEN=92_MEMBER=18469_PSO,,
GEN=96_MEMBER=19195_PSO,GEN=95_MEMBER=19001_PSO,,
GEN=96_MEMBER=19197_PSO,GEN=95_MEMBER=18901_PSO,,
GEN=96_MEMBER=19199_PSO,GEN=94_MEMBER=18869_PSO,,
GEN=96_MEMBER=19201_PSO,GEN=95_MEMBER=18971_PSO,,
GEN=96_MEMBER=19203_PSO,GEN=94_MEMBER=18717_PSO,,
GEN=96_MEMBER=19205_PSO,GEN=92_MEMBER=18453_PSO,,
GEN=96_MEMBER=19207_PSO,GEN=94_MEMBER=18797_PSO,,
GEN=96_MEMBER=19209_PSO,GEN=94_MEMBER=18851_PSO,,
GEN=96_MEMBER=19211_PSO,GEN=91_MEMBER=18135_PSO,,
GEN=96_MEMBER=19213_PSO,GEN=94_MEMBER=18703_PSO,,
GEN=96_MEMBER=19215_PSO,GEN=90_MEMBER=18071_PSO,,
GEN=96_MEMBER=19217_PSO,GEN=93_MEMBER=18519_PSO,,
GEN=96_MEMBER=19219_PSO,GEN=92_MEMBER=18451_PSO,,
GEN=96_MEMBER=19221_PSO,GEN=95_MEMBER=18989_PSO,,
GEN=96_MEMBER=19223_PSO,GEN=95_MEMBER=18917_PSO,,
GEN=96_MEMBER=19225_PSO,GEN=94_MEMBER=18771_PSO,,
GEN=96_MEMBER=19227_PSO,GEN=95_MEMBER=19091_PSO,,
GEN=96_MEMBER=19229_PSO,GEN=94_MEMBER=18705_PSO,,
GEN=96_MEMBER=19231_PSO,GEN=95_MEMBER=18979_PSO,,
GEN=96_MEMBER=19233_PSO,GEN=92_MEMBER=18355_PSO,,
GEN=96_MEMBER=19235_PSO,GEN=88_MEMBER=17531_PSO,,
GEN=96_MEMBER=19237_PSO,GEN=88_MEMBER=17537_PSO,,
GEN=96_MEMBER=19239_PSO,GEN=93_MEMBER=18567_PSO,,
GEN=96_MEMBER=19241_PSO,GEN=94_MEMBER=18711_PSO,,
GEN=96_MEMBER=19243_PSO,GEN=95_MEMBER=18919_PSO,,
GEN=96_MEMBER=19245_PSO,GEN=95_MEMBER=18933_PSO,,
GEN=96_MEMBER=19247_PSO,GEN=91_MEMBER=18207_PSO,,
GEN=96_MEMBER=19249_PSO,GEN=95_MEMBER=19025_PSO,,
GEN=96_MEMBER=19251_PSO,GEN=95_MEMBER=19051_PSO,,
GEN=96_MEMBER=19253_PSO,GEN=95_MEMBER=19011_PSO,,
GEN=96_MEMBER=19255_PSO,GEN=88_MEMBER=17675_PSO,,
GEN=96_MEMBER=19257_PSO,GEN=86_MEMBER=17203_PSO,,
GEN=96_MEMBER=19259_PSO,GEN=94_MEMBER=18727_PSO,,
GEN=96_MEMBER=19261_PSO,GEN=94_MEMBER=18759_PSO,,
GEN=96_MEMBER=19263_PSO,GEN=93_MEMBER=18611_PSO,,
GEN=96_MEMBER=19265_PSO,GEN=94_MEMBER=18725_PSO,,
GEN=96_MEMBER=19267_PSO,GEN=89_MEMBER=17863_PSO,,
GEN=96_MEMBER=19269_PSO,GEN=91_MEMBER=18273_PSO,,
GEN=96_MEMBER=19271_PSO,GEN=89_MEMBER=17717_PSO,,
GEN=96_MEMBER=19273_PSO,GEN=95_MEMBER=19073_PSO,,
GEN=96_MEMBER=19275_PSO,GEN=93_MEMBER=18595_PSO,,
GEN=96_MEMBER=19277_PSO,GEN=94_MEMBER=18709_PSO,,
GEN=96_MEMBER=19279_PSO,GEN=77_MEMBER=15319_PSO,,
GEN=96_MEMBER=19281_PSO,GEN=94_MEMBER=18849_PSO,,
GEN=96_MEMBER=19283_PSO,GEN=95_MEMBER=19039_PSO,,
GEN=96_MEMBER=19285_PSO,GEN=94_MEMBER=18883_PSO,,
GEN=96_MEMBER=19287_PSO,GEN=93_MEMBER=18675_PSO,,
GEN=96_MEMBER=19289_PSO,GEN=95_MEMBER=19065_PSO,,
GEN=96_MEMBER=19291_PSO,GEN=95_MEMBER=18987_PSO,,
GEN=96_MEMBER=19293_PSO,GEN=77_MEMBER=15483_PSO,,
GEN=96_MEMBER=19295_PSO,GEN=95_MEMBER=18949_PSO,,
GEN=96_MEMBER=19297_PSO,GEN=92_MEMBER=18323_PSO,,
GEN=96_MEMBER=19299_PSO,GEN=91_MEMBER=18279_PSO,,
GEN=97_MEMBER=19301_PSO,GEN=96_MEMBER=19245_PSO,,
GEN=97_MEMBER=19303_PSO,GEN=96_MEMBER=19235_PSO,,
GEN=97_MEMBER=19305_PSO,GEN=96_MEMBER=19205_PSO,,
GEN=97_MEMBER=19307_PSO,GEN=96_MEMBER=19295_PSO,,
GEN=97_MEMBER=19309_PSO,GEN=96_MEMBER=19193_PSO,,
GEN=97_MEMBER=19311_PSO,GEN=94_MEMBER=18895_PSO,,
GEN=97_MEMBER=19313_PSO,GEN=95_MEMBER=19099_PSO,,
GEN=97_MEMBER=19315_PSO,GEN=96_MEMBER=19265_PSO,,
GEN=97_MEMBER=19317_PSO,GEN=96_MEMBER=19271_PSO,,
GEN=97_MEMBER=19319_PSO,GEN=96_MEMBER=19153_PSO,,
GEN=97_MEMBER=19321_PSO,GEN=96_MEMBER=19221_PSO,,
GEN=97_MEMBER=19323_PSO,GEN=96_MEMBER=19229_PSO,,
GEN=97_MEMBER=19325_PSO,GEN=96_MEMBER=19283_PSO,,
GEN=97_MEMBER=19327_PSO,GEN=96_MEMBER=19281_PSO,,
GEN=97_MEMBER=19329_PSO,GEN=95_MEMBER=19009_PSO,,
GEN=97_MEMBER=19331_PSO,GEN=96_MEMBER=19213_PSO,,
GEN=97_MEMBER=19333_PSO,GEN=96_MEMBER=19259_PSO,,
GEN=97_MEMBER=19335_PSO,GEN=96_MEMBER=19279_PSO,,
GEN=97_MEMBER=19337_PSO,GEN=96_MEMBER=19287_PSO,,
GEN=97_MEMBER=19339_PSO,GEN=96_MEMBER=19109_PSO,,
GEN=97_MEMBER=19341_PSO,GEN=96_MEMBER=19269_PSO,,
GEN=97_MEMBER=19343_PSO,GEN=96_MEMBER=19159_PSO,,
GEN=97_MEMBER=19345_PSO,GEN=96_MEMBER=19219_PSO,,
GEN=97_MEMBER=19347_PSO,GEN=94_MEMBER=18751_PSO,,
GEN=97_MEMBER=19349_PSO,GEN=96_MEMBER=19161_PSO,,
GEN=97_MEMBER=19351_PSO,GEN=96_MEMBER=19261_PSO,,
GEN=97_MEMBER=19353_PSO,GEN=95_MEMBER=18909_PSO,,
GEN=97_MEMBER=19355_PSO,GEN=96_MEMBER=19123_PSO,,
GEN=97_MEMBER=19357_PSO,GEN=96_MEMBER=19173_PSO,,
GEN=97_MEMBER=19359_PSO,GEN=96_MEMBER=19165_PSO,,
GEN=97_MEMBER=19361_PSO,GEN=96_MEMBER=19135_PSO,,
GEN=97_MEMBER=19363_PSO,GEN=96_MEMBER=19231_PSO,,
GEN=97_MEMBER=19365_PSO,GEN=96_MEMBER=19267_PSO,,
GEN=97_MEMBER=19367_PSO,GEN=96_MEMBER=19121_PSO,,
GEN=97_MEMBER=19369_PSO,GEN=95_MEMBER=19055_PSO,,
GEN=97_MEMBER=19371_PSO,GEN=94_MEMBER=18889_PSO,,
GEN=97_MEMBER=19373_PSO,GEN=96_MEMBER=19157_PSO,,
GEN=97_MEMBER=19375_PSO,GEN=95_MEMBER=18915_PSO,,
GEN=97_MEMBER=19377_PSO,GEN=96_MEMBER=19233_PSO,,
GEN=97_MEMBER=19379_PSO,GEN=96_MEMBER=19217_PSO,,
GEN=97_MEMBER=19381_PSO,GEN=95_MEMBER=18941_PSO,,
GEN=97_MEMBER=19383_PSO,GEN=96_MEMBER=19293_PSO,,
GEN=97_MEMBER=19385_PSO,GEN=96_MEMBER=19255_PSO,,
GEN=97_MEMBER=19387_PSO,GEN=96_MEMBER=19163_PSO,,
GEN=97_MEMBER=19389_PSO,GEN=95_MEMBER=19015_PSO,,
GEN=97_MEMBER=19391_PSO,GEN=96_MEMBER=19167_PSO,,
GEN=97_MEMBER=19393_PSO,GEN=92_MEMBER=18469_PSO,,
GEN=97_MEMBER=19395_PSO,GEN=95_MEMBER=19001_PSO,,
GEN=97_MEMBER=19397_PSO,GEN=96_MEMBER=19197_PSO,,
GEN=97_MEMBER=19399_PSO,GEN=96_MEMBER=19171_PSO,,
GEN=97_MEMBER=19401_PSO,GEN=95_MEMBER=18971_PSO,,
GEN=97_MEMBER=19403_PSO,GEN=94_MEMBER=18717_PSO,,
GEN=97_MEMBER=19405_PSO,GEN=92_MEMBER=18453_PSO,,
GEN=97_MEMBER=19407_PSO,GEN=96_MEMBER=19275_PSO,,
GEN=97_MEMBER=19409_PSO,GEN=94_MEMBER=18851_PSO,,
GEN=97_MEMBER=19411_PSO,GEN=96_MEMBER=19119_PSO,,
GEN=97_MEMBER=19413_PSO,GEN=94_MEMBER=18703_PSO,,
GEN=97_MEMBER=19415_PSO,GEN=90_MEMBER=18071_PSO,,
GEN=97_MEMBER=19417_PSO,GEN=96_MEMBER=19137_PSO,,
GEN=97_MEMBER=19419_PSO,GEN=96_MEMBER=19149_PSO,,
GEN=97_MEMBER=19421_PSO,GEN=96_MEMBER=19289_PSO,,
GEN=97_MEMBER=19423_PSO,GEN=95_MEMBER=18917_PSO,,
GEN=97_MEMBER=19425_PSO,GEN=94_MEMBER=18771_PSO,,
GEN=97_MEMBER=19427_PSO,GEN=96_MEMBER=19273_PSO,,
GEN=97_MEMBER=19429_PSO,GEN=94_MEMBER=18705_PSO,,
GEN=97_MEMBER=19431_PSO,GEN=95_MEMBER=18979_PSO,,
GEN=97_MEMBER=19433_PSO,GEN=92_MEMBER=18355_PSO,,
GEN=97_MEMBER=19435_PSO,GEN=88_MEMBER=17531_PSO,,
GEN=97_MEMBER=19437_PSO,GEN=88_MEMBER=17537_PSO,,
GEN=97_MEMBER=19439_PSO,GEN=96_MEMBER=19251_PSO,,
GEN=97_MEMBER=19441_PSO,GEN=94_MEMBER=18711_PSO,,
GEN=97_MEMBER=19443_PSO,GEN=96_MEMBER=19253_PSO,,
GEN=97_MEMBER=19445_PSO,GEN=95_MEMBER=18933_PSO,,
GEN=97_MEMBER=19447_PSO,GEN=96_MEMBER=19243_PSO,,
GEN=97_MEMBER=19449_PSO,GEN=96_MEMBER=19299_PSO,,
GEN=97_MEMBER=19451_PSO,GEN=95_MEMBER=19051_PSO,,
GEN=97_MEMBER=19453_PSO,GEN=95_MEMBER=19011_PSO,,
GEN=97_MEMBER=19455_PSO,GEN=96_MEMBER=19227_PSO,,
GEN=97_MEMBER=19457_PSO,GEN=86_MEMBER=17203_PSO,,
GEN=97_MEMBER=19459_PSO,GEN=94_MEMBER=18727_PSO,,
GEN=97_MEMBER=19461_PSO,GEN=94_MEMBER=18759_PSO,,
GEN=97_MEMBER=19463_PSO,GEN=96_MEMBER=19291_PSO,,
GEN=97_MEMBER=19465_PSO,GEN=94_MEMBER=18725_PSO,,
GEN=97_MEMBER=19467_PSO,GEN=96_MEMBER=19185_PSO,,
GEN=97_MEMBER=19469_PSO,GEN=91_MEMBER=18273_PSO,,
GEN=97_MEMBER=19471_PSO,GEN=89_MEMBER=17717_PSO,,
GEN=97_MEMBER=19473_PSO,GEN=95_MEMBER=19073_PSO,,
GEN=97_MEMBER=19475_PSO,GEN=93_MEMBER=18595_PSO,,
GEN=97_MEMBER=19477_PSO,GEN=96_MEMBER=19139_PSO,,
GEN=97_MEMBER=19479_PSO,GEN=77_MEMBER=15319_PSO,,
GEN=97_MEMBER=19481_PSO,GEN=94_MEMBER=18849_PSO,,
GEN=97_MEMBER=19483_PSO,GEN=96_MEMBER=19285_PSO,,
GEN=97_MEMBER=19485_PSO,GEN=94_MEMBER=18883_PSO,,
GEN=97_MEMBER=19487_PSO,GEN=93_MEMBER=18675_PSO,,
GEN=97_MEMBER=19489_PSO,GEN=96_MEMBER=19181_PSO,,
GEN=97_MEMBER=19491_PSO,GEN=95_MEMBER=18987_PSO,,
GEN=97_MEMBER=19493_PSO,GEN=77_MEMBER=15483_PSO,,
GEN=97_MEMBER=19495_PSO,GEN=95_MEMBER=18949_PSO,,
GEN=97_MEMBER=19497_PSO,GEN=92_MEMBER=18323_PSO,,
GEN=97_MEMBER=19499_PSO,GEN=96_MEMBER=19297_PSO,,
GEN=98_MEMBER=19501_PSO,GEN=97_MEMBER=19497_PSO,,
GEN=98_MEMBER=19503_PSO,GEN=97_MEMBER=19479_PSO,,
GEN=98_MEMBER=19505_PSO,GEN=97_MEMBER=19475_PSO,,
GEN=98_MEMBER=19507_PSO,GEN=97_MEMBER=19447_PSO,,
GEN=98_MEMBER=19509_PSO,GEN=97_MEMBER=19487_PSO,,
GEN=98_MEMBER=19511_PSO,GEN=97_MEMBER=19337_PSO,,
GEN=98_MEMBER=19513_PSO,GEN=97_MEMBER=19433_PSO,,
GEN=98_MEMBER=19515_PSO,GEN=96_MEMBER=19265_PSO,,
GEN=98_MEMBER=19517_PSO,GEN=97_MEMBER=19493_PSO,,
GEN=98_MEMBER=19519_PSO,GEN=96_MEMBER=19153_PSO,,
GEN=98_MEMBER=19521_PSO,GEN=97_MEMBER=19495_PSO,,
GEN=98_MEMBER=19523_PSO,GEN=97_MEMBER=19435_PSO,,
GEN=98_MEMBER=19525_PSO,GEN=96_MEMBER=19283_PSO,,
GEN=98_MEMBER=19527_PSO,GEN=97_MEMBER=19425_PSO,,
GEN=98_MEMBER=19529_PSO,GEN=97_MEMBER=19489_PSO,,
GEN=98_MEMBER=19531_PSO,GEN=97_MEMBER=19379_PSO,,
GEN=98_MEMBER=19533_PSO,GEN=96_MEMBER=19259_PSO,,
GEN=98_MEMBER=19535_PSO,GEN=96_MEMBER=19279_PSO,,
GEN=98_MEMBER=19537_PSO,GEN=97_MEMBER=19441_PSO,,
GEN=98_MEMBER=19539_PSO,GEN=96_MEMBER=19109_PSO,,
GEN=98_MEMBER=19541_PSO,GEN=97_MEMBER=19439_PSO,,
GEN=98_MEMBER=19543_PSO,GEN=97_MEMBER=19361_PSO,,
GEN=98_MEMBER=19545_PSO,GEN=97_MEMBER=19403_PSO,,
GEN=98_MEMBER=19547_PSO,GEN=97_MEMBER=19427_PSO,,
GEN=98_MEMBER=19549_PSO,GEN=96_MEMBER=19161_PSO,,
GEN=98_MEMBER=19551_PSO,GEN=97_MEMBER=19405_PSO,,
GEN=98_MEMBER=19553_PSO,GEN=95_MEMBER=18909_PSO,,
GEN=98_MEMBER=19555_PSO,GEN=97_MEMBER=19463_PSO,,
GEN=98_MEMBER=19557_PSO,GEN=96_MEMBER=19173_PSO,,
GEN=98_MEMBER=19559_PSO,GEN=96_MEMBER=19165_PSO,,
GEN=98_MEMBER=19561_PSO,GEN=97_MEMBER=19477_PSO,,
GEN=98_MEMBER=19563_PSO,GEN=97_MEMBER=19415_PSO,,
GEN=98_MEMBER=19565_PSO,GEN=97_MEMBER=19389_PSO,,
GEN=98_MEMBER=19567_PSO,GEN=97_MEMBER=19407_PSO,,
GEN=98_MEMBER=19569_PSO,GEN=95_MEMBER=19055_PSO,,
GEN=98_MEMBER=19571_PSO,GEN=94_MEMBER=18889_PSO,,
GEN=98_MEMBER=19573_PSO,GEN=97_MEMBER=19411_PSO,,
GEN=98_MEMBER=19575_PSO,GEN=97_MEMBER=19329_PSO,,
GEN=98_MEMBER=19577_PSO,GEN=97_MEMBER=19449_PSO,,
GEN=98_MEMBER=19579_PSO,GEN=96_MEMBER=19217_PSO,,
GEN=98_MEMBER=19581_PSO,GEN=97_MEMBER=19303_PSO,,
GEN=98_MEMBER=19583_PSO,GEN=97_MEMBER=19401_PSO,,
GEN=98_MEMBER=19585_PSO,GEN=96_MEMBER=19255_PSO,,
GEN=98_MEMBER=19587_PSO,GEN=97_MEMBER=19369_PSO,,
GEN=98_MEMBER=19589_PSO,GEN=97_MEMBER=19351_PSO,,
GEN=98_MEMBER=19591_PSO,GEN=96_MEMBER=19167_PSO,,
GEN=98_MEMBER=19593_PSO,GEN=92_MEMBER=18469_PSO,,
GEN=98_MEMBER=19595_PSO,GEN=95_MEMBER=19001_PSO,,
GEN=98_MEMBER=19597_PSO,GEN=96_MEMBER=19197_PSO,,
GEN=98_MEMBER=19599_PSO,GEN=96_MEMBER=19171_PSO,,
GEN=98_MEMBER=19601_PSO,GEN=97_MEMBER=19305_PSO,,
GEN=98_MEMBER=19603_PSO,GEN=94_MEMBER=18717_PSO,,
GEN=98_MEMBER=19605_PSO,GEN=97_MEMBER=19455_PSO,,
GEN=98_MEMBER=19607_PSO,GEN=97_MEMBER=19399_PSO,,
GEN=98_MEMBER=19609_PSO,GEN=94_MEMBER=18851_PSO,,
GEN=98_MEMBER=19611_PSO,GEN=97_MEMBER=19445_PSO,,
GEN=98_MEMBER=19613_PSO,GEN=97_MEMBER=19419_PSO,,
GEN=98_MEMBER=19615_PSO,GEN=97_MEMBER=19355_PSO,,
GEN=98_MEMBER=19617_PSO,GEN=96_MEMBER=19137_PSO,,
GEN=98_MEMBER=19619_PSO,GEN=97_MEMBER=19417_PSO,,
GEN=98_MEMBER=19621_PSO,GEN=97_MEMBER=19469_PSO,,
GEN=98_MEMBER=19623_PSO,GEN=97_MEMBER=19383_PSO,,
GEN=98_MEMBER=19625_PSO,GEN=94_MEMBER=18771_PSO,,
GEN=98_MEMBER=19627_PSO,GEN=97_MEMBER=19483_PSO,,
GEN=98_MEMBER=19629_PSO,GEN=94_MEMBER=18705_PSO,,
GEN=98_MEMBER=19631_PSO,GEN=95_MEMBER=18979_PSO,,
GEN=98_MEMBER=19633_PSO,GEN=92_MEMBER=18355_PSO,,
GEN=98_MEMBER=19635_PSO,GEN=88_MEMBER=17531_PSO,,
GEN=98_MEMBER=19637_PSO,GEN=88_MEMBER=17537_PSO,,
GEN=98_MEMBER=19639_PSO,GEN=97_MEMBER=19365_PSO,,
GEN=98_MEMBER=19641_PSO,GEN=94_MEMBER=18711_PSO,,
GEN=98_MEMBER=19643_PSO,GEN=97_MEMBER=19341_PSO,,
GEN=98_MEMBER=19645_PSO,GEN=97_MEMBER=19359_PSO,,
GEN=98_MEMBER=19647_PSO,GEN=96_MEMBER=19243_PSO,,
GEN=98_MEMBER=19649_PSO,GEN=96_MEMBER=19299_PSO,,
GEN=98_MEMBER=19651_PSO,GEN=97_MEMBER=19353_PSO,,
GEN=98_MEMBER=19653_PSO,GEN=95_MEMBER=19011_PSO,,
GEN=98_MEMBER=19655_PSO,GEN=97_MEMBER=19465_PSO,,
GEN=98_MEMBER=19657_PSO,GEN=86_MEMBER=17203_PSO,,
GEN=98_MEMBER=19659_PSO,GEN=94_MEMBER=18727_PSO,,
GEN=98_MEMBER=19661_PSO,GEN=97_MEMBER=19491_PSO,,
GEN=98_MEMBER=19663_PSO,GEN=97_MEMBER=19431_PSO,,
GEN=98_MEMBER=19665_PSO,GEN=97_MEMBER=19499_PSO,,
GEN=98_MEMBER=19667_PSO,GEN=96_MEMBER=19185_PSO,,
GEN=98_MEMBER=19669_PSO,GEN=97_MEMBER=19315_PSO,,
GEN=98_MEMBER=19671_PSO,GEN=97_MEMBER=19453_PSO,,
GEN=98_MEMBER=19673_PSO,GEN=95_MEMBER=19073_PSO,,
GEN=98_MEMBER=19675_PSO,GEN=93_MEMBER=18595_PSO,,
GEN=98_MEMBER=19677_PSO,GEN=96_MEMBER=19139_PSO,,
GEN=98_MEMBER=19679_PSO,GEN=77_MEMBER=15319_PSO,,
GEN=98_MEMBER=19681_PSO,GEN=94_MEMBER=18849_PSO,,
GEN=98_MEMBER=19683_PSO,GEN=97_MEMBER=19481_PSO,,
GEN=98_MEMBER=19685_PSO,GEN=97_MEMBER=19461_PSO,,
GEN=98_MEMBER=19687_PSO,GEN=93_MEMBER=18675_PSO,,
GEN=98_MEMBER=19689_PSO,GEN=96_MEMBER=19181_PSO,,
GEN=98_MEMBER=19691_PSO,GEN=95_MEMBER=18987_PSO,,
GEN=98_MEMBER=19693_PSO,GEN=77_MEMBER=15483_PSO,,
GEN=98_MEMBER=19695_PSO,GEN=97_MEMBER=19325_PSO,,
GEN=98_MEMBER=19697_PSO,GEN=97_MEMBER=19457_PSO,,
GEN=98_MEMBER=19699_PSO,GEN=96_MEMBER=19297_PSO,,
GEN=99_MEMBER=19701_PSO,GEN=98_MEMBER=19671_PSO,,
GEN=99_MEMBER=19703_PSO,GEN=98_MEMBER=19699_PSO,,
GEN=99_MEMBER=19705_PSO,GEN=98_MEMBER=19625_PSO,,
GEN=99_MEMBER=19707_PSO,GEN=98_MEMBER=19609_PSO,,
GEN=99_MEMBER=19709_PSO,GEN=98_MEMBER=19611_PSO,,
GEN=99_MEMBER=19711_PSO,GEN=98_MEMBER=19685_PSO,,
GEN=99_MEMBER=19713_PSO,GEN=98_MEMBER=19627_PSO,,
GEN=99_MEMBER=19715_PSO,GEN=98_MEMBER=19697_PSO,,
GEN=99_MEMBER=19717_PSO,GEN=98_MEMBER=19591_PSO,,
GEN=99_MEMBER=19719_PSO,GEN=98_MEMBER=19677_PSO,,
GEN=99_MEMBER=19721_PSO,GEN=97_MEMBER=19495_PSO,,
GEN=99_MEMBER=19723_PSO,GEN=98_MEMBER=19657_PSO,,
GEN=99_MEMBER=19725_PSO,GEN=96_MEMBER=19283_PSO,,
GEN=99_MEMBER=19727_PSO,GEN=98_MEMBER=19633_PSO,,
GEN=99_MEMBER=19729_PSO,GEN=98_MEMBER=19691_PSO,,
GEN=99_MEMBER=19731_PSO,GEN=98_MEMBER=19647_PSO,,
GEN=99_MEMBER=19733_PSO,GEN=98_MEMBER=19597_PSO,,
GEN=99_MEMBER=19735_PSO,GEN=98_MEMBER=19589_PSO,,
GEN=99_MEMBER=19737_PSO,GEN=98_MEMBER=19689_PSO,,
GEN=99_MEMBER=19739_PSO,GEN=98_MEMBER=19575_PSO,,
GEN=99_MEMBER=19741_PSO,GEN=97_MEMBER=19439_PSO,,
GEN=99_MEMBER=19743_PSO,GEN=97_MEMBER=19361_PSO,,
GEN=99_MEMBER=19745_PSO,GEN=97_MEMBER=19403_PSO,,
GEN=99_MEMBER=19747_PSO,GEN=97_MEMBER=19427_PSO,,
GEN=99_MEMBER=19749_PSO,GEN=98_MEMBER=19615_PSO,,
GEN=99_MEMBER=19751_PSO,GEN=98_MEMBER=19667_PSO,,
GEN=99_MEMBER=19753_PSO,GEN=95_MEMBER=18909_PSO,,
GEN=99_MEMBER=19755_PSO,GEN=97_MEMBER=19463_PSO,,
GEN=99_MEMBER=19757_PSO,GEN=98_MEMBER=19631_PSO,,
GEN=99_MEMBER=19759_PSO,GEN=98_MEMBER=19695_PSO,,
GEN=99_MEMBER=19761_PSO,GEN=98_MEMBER=19617_PSO,,
GEN=99_MEMBER=19763_PSO,GEN=98_MEMBER=19533_PSO,,
GEN=99_MEMBER=19765_PSO,GEN=98_MEMBER=19565_PSO,,
GEN=99_MEMBER=19767_PSO,GEN=98_MEMBER=19511_PSO,,
GEN=99_MEMBER=19769_PSO,GEN=98_MEMBER=19681_PSO,,
GEN=99_MEMBER=19771_PSO,GEN=94_MEMBER=18889_PSO,,
GEN=99_MEMBER=19773_PSO,GEN=97_MEMBER=19411_PSO,,
GEN=99_MEMBER=19775_PSO,GEN=98_MEMBER=19655_PSO,,
GEN=99_MEMBER=19777_PSO,GEN=98_MEMBER=19557_PSO,,
GEN=99_MEMBER=19779_PSO,GEN=98_MEMBER=19537_PSO,,
GEN=99_MEMBER=19781_PSO,GEN=97_MEMBER=19303_PSO,,
GEN=99_MEMBER=19783_PSO,GEN=97_MEMBER=19401_PSO,,
GEN=99_MEMBER=19785_PSO,GEN=98_MEMBER=19525_PSO,,
GEN=99_MEMBER=19787_PSO,GEN=98_MEMBER=19693_PSO,,
GEN=99_MEMBER=19789_PSO,GEN=98_MEMBER=19613_PSO,,
GEN=99_MEMBER=19791_PSO,GEN=96_MEMBER=19167_PSO,,
GEN=99_MEMBER=19793_PSO,GEN=92_MEMBER=18469_PSO,,
GEN=99_MEMBER=19795_PSO,GEN=95_MEMBER=19001_PSO,,
GEN=99_MEMBER=19797_PSO,GEN=98_MEMBER=19621_PSO,,
GEN=99_MEMBER=19799_PSO,GEN=98_MEMBER=19505_PSO,,
GEN=99_MEMBER=19801_PSO,GEN=98_MEMBER=19501_PSO,,
GEN=99_MEMBER=19803_PSO,GEN=94_MEMBER=18717_PSO,,
GEN=99_MEMBER=19805_PSO,GEN=98_MEMBER=19619_PSO,,
GEN=99_MEMBER=19807_PSO,GEN=98_MEMBER=19679_PSO,,
GEN=99_MEMBER=19809_PSO,GEN=94_MEMBER=18851_PSO,,
GEN=99_MEMBER=19811_PSO,GEN=97_MEMBER=19445_PSO,,
GEN=99_MEMBER=19813_PSO,GEN=97_MEMBER=19419_PSO,,
GEN=99_MEMBER=19815_PSO,GEN=97_MEMBER=19355_PSO,,
GEN=99_MEMBER=19817_PSO,GEN=98_MEMBER=19687_PSO,,
GEN=99_MEMBER=19819_PSO,GEN=98_MEMBER=19549_PSO,,
GEN=99_MEMBER=19821_PSO,GEN=98_MEMBER=19595_PSO,,
GEN=99_MEMBER=19823_PSO,GEN=98_MEMBER=19665_PSO,,
GEN=99_MEMBER=19825_PSO,GEN=94_MEMBER=18771_PSO,,
GEN=99_MEMBER=19827_PSO,GEN=97_MEMBER=19483_PSO,,
GEN=99_MEMBER=19829_PSO,GEN=94_MEMBER=18705_PSO,,
GEN=99_MEMBER=19831_PSO,GEN=95_MEMBER=18979_PSO,,
GEN=99_MEMBER=19833_PSO,GEN=92_MEMBER=18355_PSO,,
GEN=99_MEMBER=19835_PSO,GEN=88_MEMBER=17531_PSO,,
GEN=99_MEMBER=19837_PSO,GEN=88_MEMBER=17537_PSO,,
GEN=99_MEMBER=19839_PSO,GEN=97_MEMBER=19365_PSO,,
GEN=99_MEMBER=19841_PSO,GEN=94_MEMBER=18711_PSO,,
GEN=99_MEMBER=19843_PSO,GEN=98_MEMBER=19683_PSO,,
GEN=99_MEMBER=19845_PSO,GEN=97_MEMBER=19359_PSO,,
GEN=99_MEMBER=19847_PSO,GEN=96_MEMBER=19243_PSO,,
GEN=99_MEMBER=19849_PSO,GEN=96_MEMBER=19299_PSO,,
GEN=99_MEMBER=19851_PSO,GEN=98_MEMBER=19653_PSO,,
GEN=99_MEMBER=19853_PSO,GEN=95_MEMBER=19011_PSO,,
GEN=99_MEMBER=19855_PSO,GEN=97_MEMBER=19465_PSO,,
GEN=99_MEMBER=19857_PSO,GEN=86_MEMBER=17203_PSO,,
GEN=99_MEMBER=19859_PSO,GEN=94_MEMBER=18727_PSO,,
GEN=99_MEMBER=19861_PSO,GEN=98_MEMBER=19569_PSO,,
GEN=99_MEMBER=19863_PSO,GEN=97_MEMBER=19431_PSO,,
GEN=99_MEMBER=19865_PSO,GEN=98_MEMBER=19661_PSO,,
GEN=99_MEMBER=19867_PSO,GEN=96_MEMBER=19185_PSO,,
GEN=99_MEMBER=19869_PSO,GEN=97_MEMBER=19315_PSO,,
GEN=99_MEMBER=19871_PSO,GEN=98_MEMBER=19635_PSO,,
GEN=99_MEMBER=19873_PSO,GEN=95_MEMBER=19073_PSO,,
GEN=99_MEMBER=19875_PSO,GEN=93_MEMBER=18595_PSO,,
GEN=99_MEMBER=19877_PSO,GEN=98_MEMBER=19551_PSO,,
GEN=99_MEMBER=19879_PSO,GEN=77_MEMBER=15319_PSO,,
GEN=99_MEMBER=19881_PSO,GEN=94_MEMBER=18849_PSO,,
GEN=99_MEMBER=19883_PSO,GEN=98_MEMBER=19513_PSO,,
GEN=99_MEMBER=19885_PSO,GEN=97_MEMBER=19461_PSO,,
GEN=99_MEMBER=19887_PSO,GEN=93_MEMBER=18675_PSO,,
GEN=99_MEMBER=19889_PSO,GEN=98_MEMBER=19515_PSO,,
GEN=99_MEMBER=19891_PSO,GEN=95_MEMBER=18987_PSO,,
GEN=99_MEMBER=19893_PSO,GEN=77_MEMBER=15483_PSO,,
GEN=99_MEMBER=19895_PSO,GEN=97_MEMBER=19325_PSO,,
GEN=99_MEMBER=19897_PSO,GEN=97_MEMBER=19457_PSO,,
GEN=99_MEMBER=19899_PSO,GEN=96_MEMBER=19297_PSO,,
GEN=100_MEMBER=19901_PSO,GEN=99_MEMBER=19889_PSO,,
GEN=100_MEMBER=19903_PSO,GEN=99_MEMBER=19899_PSO,,
GEN=100_MEMBER=19905_PSO,GEN=99_MEMBER=19893_PSO,,
GEN=100_MEMBER=19907_PSO,GEN=99_MEMBER=19815_PSO,,
GEN=100_MEMBER=19909_PSO,GEN=99_MEMBER=19839_PSO,,
GEN=100_MEMBER=19911_PSO,GEN=99_MEMBER=19877_PSO,,
GEN=100_MEMBER=19913_PSO,GEN=99_MEMBER=19769_PSO,,
GEN=100_MEMBER=19915_PSO,GEN=99_MEMBER=19831_PSO,,
GEN=100_MEMBER=19917_PSO,GEN=99_MEMBER=19891_PSO,,
GEN=100_MEMBER=19919_PSO,GEN=99_MEMBER=19855_PSO,,
GEN=100_MEMBER=19921_PSO,GEN=99_MEMBER=19825_PSO,,
GEN=100_MEMBER=19923_PSO,GEN=99_MEMBER=19787_PSO,,
GEN=100_MEMBER=19925_PSO,GEN=99_MEMBER=19827_PSO,,
GEN=100_MEMBER=19927_PSO,GEN=99_MEMBER=19791_PSO,,
GEN=100_MEMBER=19929_PSO,GEN=99_MEMBER=19733_PSO,,
GEN=100_MEMBER=19931_PSO,GEN=99_MEMBER=19857_PSO,,
GEN=100_MEMBER=19933_PSO,GEN=99_MEMBER=19879_PSO,,
GEN=100_MEMBER=19935_PSO,GEN=99_MEMBER=19777_PSO,,
GEN=100_MEMBER=19937_PSO,GEN=99_MEMBER=19747_PSO,,
GEN=100_MEMBER=19939_PSO,GEN=98_MEMBER=19575_PSO,,
GEN=100_MEMBER=19941_PSO,GEN=99_MEMBER=19807_PSO,,
GEN=100_MEMBER=19943_PSO,GEN=97_MEMBER=19361_PSO,,
GEN=100_MEMBER=19945_PSO,GEN=97_MEMBER=19403_PSO,,
GEN=100_MEMBER=19947_PSO,GEN=97_MEMBER=19427_PSO,,
GEN=100_MEMBER=19949_PSO,GEN=99_MEMBER=19783_PSO,,
GEN=100_MEMBER=19951_PSO,GEN=99_MEMBER=19885_PSO,,
GEN=100_MEMBER=19953_PSO,GEN=99_MEMBER=19897_PSO,,
GEN=100_MEMBER=19955_PSO,GEN=97_MEMBER=19463_PSO,,
GEN=100_MEMBER=19957_PSO,GEN=98_MEMBER=19631_PSO,,
GEN=100_MEMBER=19959_PSO,GEN=98_MEMBER=19695_PSO,,
GEN=100_MEMBER=19961_PSO,GEN=99_MEMBER=19753_PSO,,
GEN=100_MEMBER=19963_PSO,GEN=99_MEMBER=19707_PSO,,
GEN=100_MEMBER=19965_PSO,GEN=98_MEMBER=19565_PSO,,
GEN=100_MEMBER=19967_PSO,GEN=99_MEMBER=19725_PSO,,
GEN=100_MEMBER=19969_PSO,GEN=99_MEMBER=19813_PSO,,
GEN=100_MEMBER=19971_PSO,GEN=94_MEMBER=18889_PSO,,
GEN=100_MEMBER=19973_PSO,GEN=97_MEMBER=19411_PSO,,
GEN=100_MEMBER=19975_PSO,GEN=98_MEMBER=19655_PSO,,
GEN=100_MEMBER=19977_PSO,GEN=98_MEMBER=19557_PSO,,
GEN=100_MEMBER=19979_PSO,GEN=98_MEMBER=19537_PSO,,
GEN=100_MEMBER=19981_PSO,GEN=97_MEMBER=19303_PSO,,
GEN=100_MEMBER=19983_PSO,GEN=97_MEMBER=19401_PSO,,
GEN=100_MEMBER=19985_PSO,GEN=99_MEMBER=19871_PSO,,
GEN=100_MEMBER=19987_PSO,GEN=99_MEMBER=19861_PSO,,
GEN=100_MEMBER=19989_PSO,GEN=98_MEMBER=19613_PSO,,
GEN=100_MEMBER=19991_PSO,GEN=96_MEMBER=19167_PSO,,
GEN=100_MEMBER=19993_PSO,GEN=99_MEMBER=19779_PSO,,
GEN=100_MEMBER=19995_PSO,GEN=95_MEMBER=19001_PSO,,
GEN=100_MEMBER=19997_PSO,GEN=98_MEMBER=19621_PSO,,
GEN=100_MEMBER=19999_PSO,GEN=99_MEMBER=19875_PSO,,
GEN=100_MEMBER=20001_PSO,GEN=99_MEMBER=19865_PSO,,
GEN=100_MEMBER=20003_PSO,GEN=99_MEMBER=19835_PSO,,
GEN=100_MEMBER=20005_PSO,GEN=98_MEMBER=19619_PSO,,
GEN=100_MEMBER=20007_PSO,GEN=98_MEMBER=19679_PSO,,
GEN=100_MEMBER=20009_PSO,GEN=99_MEMBER=19715_PSO,,
GEN=100_MEMBER=20011_PSO,GEN=97_MEMBER=19445_PSO,,
GEN=100_MEMBER=20013_PSO,GEN=97_MEMBER=19419_PSO,,
GEN=100_MEMBER=20015_PSO,GEN=99_MEMBER=19867_PSO,,
GEN=100_MEMBER=20017_PSO,GEN=98_MEMBER=19687_PSO,,
GEN=100_MEMBER=20019_PSO,GEN=99_MEMBER=19703_PSO,,
GEN=100_MEMBER=20021_PSO,GEN=98_MEMBER=19595_PSO,,
GEN=100_MEMBER=20023_PSO,GEN=98_MEMBER=19665_PSO,,
GEN=100_MEMBER=20025_PSO,GEN=94_MEMBER=18771_PSO,,
GEN=100_MEMBER=20027_PSO,GEN=99_MEMBER=19873_PSO,,
GEN=100_MEMBER=20029_PSO,GEN=94_MEMBER=18705_PSO,,
GEN=100_MEMBER=20031_PSO,GEN=99_MEMBER=19737_PSO,,
GEN=100_MEMBER=20033_PSO,GEN=92_MEMBER=18355_PSO,,
GEN=100_MEMBER=20035_PSO,GEN=88_MEMBER=17531_PSO,,
GEN=100_MEMBER=20037_PSO,GEN=99_MEMBER=19771_PSO,,
GEN=100_MEMBER=20039_PSO,GEN=97_MEMBER=19365_PSO,,
GEN=100_MEMBER=20041_PSO,GEN=99_MEMBER=19797_PSO,,
GEN=100_MEMBER=20043_PSO,GEN=98_MEMBER=19683_PSO,,
GEN=100_MEMBER=20045_PSO,GEN=97_MEMBER=19359_PSO,,
GEN=100_MEMBER=20047_PSO,GEN=96_MEMBER=19243_PSO,,
GEN=100_MEMBER=20049_PSO,GEN=96_MEMBER=19299_PSO,,
GEN=100_MEMBER=20051_PSO,GEN=99_MEMBER=19845_PSO,,
GEN=100_MEMBER=20053_PSO,GEN=95_MEMBER=19011_PSO,,
GEN=100_MEMBER=20055_PSO,GEN=97_MEMBER=19465_PSO,,
GEN=100_MEMBER=20057_PSO,GEN=99_MEMBER=19881_PSO,,
GEN=100_MEMBER=20059_PSO,GEN=94_MEMBER=18727_PSO,,
GEN=100_MEMBER=20061_PSO,GEN=99_MEMBER=19729_PSO,,
GEN=100_MEMBER=20063_PSO,GEN=97_MEMBER=19431_PSO,,
GEN=100_MEMBER=20065_PSO,GEN=98_MEMBER=19661_PSO,,
GEN=100_MEMBER=20067_PSO,GEN=99_MEMBER=19775_PSO,,
GEN=100_MEMBER=20069_PSO,GEN=97_MEMBER=19315_PSO,,
GEN=100_MEMBER=20071_PSO,GEN=99_MEMBER=19711_PSO,,
GEN=100_MEMBER=20073_PSO,GEN=95_MEMBER=19073_PSO,,
GEN=100_MEMBER=20075_PSO,GEN=93_MEMBER=18595_PSO,,
GEN=100_MEMBER=20077_PSO,GEN=98_MEMBER=19551_PSO,,
GEN=100_MEMBER=20079_PSO,GEN=77_MEMBER=15319_PSO,,
GEN=100_MEMBER=20081_PSO,GEN=94_MEMBER=18849_PSO,,
GEN=100_MEMBER=20083_PSO,GEN=98_MEMBER=19513_PSO,,
GEN=100_MEMBER=20085_PSO,GEN=97_MEMBER=19461_PSO,,
GEN=100_MEMBER=20087_PSO,GEN=93_MEMBER=18675_PSO,,
GEN=100_MEMBER=20089_PSO,GEN=98_MEMBER=19515_PSO,,
GEN=100_MEMBER=20091_PSO,GEN=95_MEMBER=18987_PSO,,
GEN=100_MEMBER=20093_PSO,GEN=77_MEMBER=15483_PSO,,
GEN=100_MEMBER=20095_PSO,GEN=97_MEMBER=19325_PSO,,
GEN=100_MEMBER=20097_PSO,GEN=97_MEMBER=19457_PSO,,
GEN=100_MEMBER=20099_PSO,GEN=96_MEMBER=19297_PSO,,
